listing_id,city,property_type,price,sqft,date_listed,agent_id,latitude,longitude
l00001,new york,apartment,1655144.006669635,2753.009121237,2023-05-06,a0015,33.9652080059,-69.8615892795
l00002,los angeles,apartment,1519141.0026169808,4966.9881928135,2023-02-14,a0038,42.5478920594,-90.2778602519
l00003,houston,apartment,162488.9975420714,1267.0039591344,2023-04-22,a0015,28.7323266553,-115.9529818783
l00004,phoenix,apartment,1277015.9840670894,2128.0144287921,2024-01-02,a0042,26.4039382837,-74.7714904573
l00005,phoenix,townhouse,562297.0068077513,4178.9974210875,2023-10-29,a0018,39.4252516293,-83.9178782667
l00006,new york,house,1564104.0078713011,3961.992615551,2023-06-24,a0018,25.4877926032,-68.7571139192
l00007,los angeles,house,1701163.003815294,3257.0150616858,2023-02-22,a0006,44.9691124588,-112.6784942679
l00008,houston,apartment,852834.0147462517,3316.9937214813,2023-11-06,a0017,29.3549128014,-114.3646813823
l00009,new york,townhouse,1224550.9990439962,1522.0077799342,2024-05-13,a0025,32.3025694404,-94.5569819185
l00010,new york,condo,1839386.9924549507,3462.0226393851,2023-10-23,a0013,35.3703968658,-108.1193181126
l00011,new york,apartment,1486768.99430001,2366.0004685872,2024-01-31,a0019,39.6667837428,-116.9028968424
l00012,new york,house,1917147.0045034816,1326.9966016133,2023-07-14,a0018,32.0067048962,-103.728939014
l00013,houston,condo,441109.9971346703,3532.0009552261,2023-07-01,a0014,35.9403141234,-79.4629622952
l00014,chicago,apartment,1377440.009039592,1900.9981292033,2023-10-01,a0047,29.7726767961,-95.1627789955
l00015,los angeles,house,1069428.9949294312,3607.9958386703,2023-05-19,a0041,39.2149977097,-122.2951451057
l00016,phoenix,house,1535739.9878467089,3155.9855295615,2024-03-07,a0050,39.5606135828,-115.1161514064
l00017,new york,house,1823443.991926888,761.9910429221,2024-02-17,a0021,26.5653340022,-69.9599783535
l00018,houston,condo,238806.9991160855,2228.0055864515,2024-04-12,a0037,48.1698905658,-78.1024236235
l00019,chicago,house,1474553.9971662802,4588.9969614987,2023-07-22,a0042,32.3174646036,-119.3352010399
l00020,houston,house,655493.0037820246,1642.993953628,2023-05-07,a0048,41.4292958213,-99.4574502664
l00021,phoenix,condo,1666600.9895170184,4008.9978969856,2024-04-04,a0038,27.9290898341,-96.2830279906
l00022,houston,condo,559947.9922024726,1632.9825852231,2023-09-18,a0032,25.8170831427,-72.269854559
l00023,new york,apartment,1905862.998264031,1398.000161607,2023-03-20,a0041,31.2208542412,-86.5858979497
l00024,los angeles,townhouse,1350760.0032556157,1019.9872054702,2023-07-17,a0025,32.4753814616,-94.8329238418
l00025,phoenix,townhouse,1209632.9979716954,2558.9872529546,2024-05-12,a0036,38.119584411,-114.2548262935
l00026,new york,apartment,1529650.007746305,4897.9929195399,2024-01-20,a0018,48.2727660384,-80.0229214198
l00027,chicago,apartment,715514.0105212211,4060.995356237,2023-03-22,a0030,47.5607962653,-73.0966404624
l00028,new york,condo,1149805.022774446,1963.0086161937,2023-09-17,a0007,39.3433736022,-71.5232101841
l00029,chicago,house,420526.996362138,3562.9998182924,2024-01-26,a0011,27.1258472438,-113.6176070274
l00030,phoenix,apartment,1356076.9997694592,3155.0195611716,2023-09-08,a0002,26.0633829383,-106.1167797261
l00031,new york,condo,1942813.0070935567,3018.992756025,2023-05-03,a0004,34.3268415649,-109.2481520153
l00032,los angeles,apartment,279627.9828940844,4481.0033803764,2024-02-22,a0005,44.8886779321,-104.3088841328
l00033,phoenix,house,369255.9867133461,4392.9944753235,2024-04-29,a0036,31.7483050495,-93.5173568229
l00034,los angeles,condo,1206612.0044058403,3965.9999954926,2024-05-08,a0014,28.3954666469,-78.4792978709
l00035,phoenix,house,1595162.0022436606,3053.00445987,2023-07-24,a0043,26.7793816313,-67.7637654748
l00036,chicago,townhouse,1986626.9982937004,4739.0106064016,2023-08-20,a0008,43.5497248799,-113.4803450916
l00037,los angeles,house,234271.9905708409,3268.9973305329,2023-01-11,a0038,25.1271935888,-77.695743235
l00038,phoenix,house,1334047.9847119623,2303.9924302756,2023-01-04,a0005,41.9517778588,-82.7296416306
l00039,new york,house,241347.9937965968,757.0172819014,2024-03-16,a0022,43.5149827054,-120.7095220006
l00040,new york,house,684009.001745823,4475.9849570381,2023-04-20,a0035,33.6008881471,-118.2906497446
l00041,los angeles,townhouse,609601.9933523665,4373.9867944448,2024-02-18,a0027,45.7091560157,-88.8456795944
l00042,los angeles,apartment,303278.0054376267,4030.9858568846,2023-07-01,a0028,32.9466374501,-121.3245138112
l00043,houston,townhouse,1911596.0243525945,943.006286233,2023-12-11,a0042,32.4683955586,-106.1345042263
l00044,new york,apartment,944358.0060646946,3278.9872164437,2024-02-14,a0007,42.5015929696,-88.0343341326
l00045,los angeles,house,498895.9931935394,4892.9774985391,2023-08-18,a0009,46.2983679408,-97.6086290268
l00046,houston,house,684150.9850024586,4289.00371231,2023-05-08,a0005,27.8670510432,-83.628569518
l00047,houston,apartment,206090.992576832,4928.0180862834,2024-03-04,a0001,43.2642502129,-92.4532509955
l00048,new york,house,448778.9907588365,3829.0255823772,2023-09-06,a0031,43.4900156661,-96.3784651134
l00049,los angeles,townhouse,1992558.993666205,980.00891026,2023-03-26,a0025,37.5204776701,-100.2117923844
l00050,new york,townhouse,656170.9985995548,4226.9820195161,2023-05-27,a0028,25.6161133735,-118.7403679638
l00051,phoenix,townhouse,424631.9953986098,2054.993811594,2023-06-01,a0014,25.761618658,-88.0936904528
l00052,new york,apartment,1668617.9917311152,3069.0072975525,2023-01-30,a0004,32.5388363135,-95.5066937821
l00053,phoenix,townhouse,1154553.014901774,4850.0099341646,2023-03-22,a0004,46.7904185617,-110.5505869598
l00054,phoenix,apartment,1885394.0027651929,2021.9877856247,2023-02-05,a0039,34.8462556861,-81.1700064354
l00055,new york,house,946777.9996189112,1482.0179235242,2024-04-27,a0037,30.4651560146,-120.5369520762
l00056,los angeles,apartment,1398936.992892045,1170.9938551099,2023-08-03,a0043,31.9565278567,-115.6480486895
l00057,phoenix,condo,646864.9940109532,2173.0043767088,2023-12-09,a0046,47.3112410926,-78.1135549335
l00058,chicago,house,657034.0069895955,3742.0086963294,2023-03-09,a0043,40.2086204548,-74.4404303747
l00059,chicago,townhouse,763071.0083974146,1094.0041316585,2023-01-05,a0030,44.2827353761,-114.1803056648
l00060,phoenix,apartment,253638.0102558497,4904.0151293379,2023-04-20,a0033,46.410717685,-93.7183101908
l00061,chicago,house,831924.0092601049,1063.0061280225,2024-03-26,a0016,44.3717180983,-73.0168938696
l00062,chicago,condo,430818.9959883752,4089.0195665673,2024-03-02,a0035,32.6135712144,-118.6064141325
l00063,chicago,apartment,1500609.9979459555,2952.009513741,2024-04-22,a0043,30.4851391176,-100.2187723825
l00064,new york,house,654625.0108844107,1445.000395038,2024-03-31,a0007,44.6358264786,-75.0729908729
l00065,phoenix,house,671155.0073553645,2807.9897481108,2023-11-06,a0014,25.1796892095,-95.3779771634
l00066,chicago,house,1541785.005881715,2661.9948108116,2023-09-16,a0032,35.0154780669,-112.1028739339
l00067,chicago,apartment,293562.991705888,3968.9890394132,2024-02-29,a0018,27.8864520562,-105.4113724066
l00068,new york,apartment,799517.9931058761,1571.0019832297,2023-11-23,a0017,47.6403206866,-106.2632255622
l00069,los angeles,townhouse,1256957.0031506247,4003.0114329256,2023-10-15,a0001,37.4431846551,-84.2371076936
l00070,new york,apartment,1952008.0085800816,1721.0087544017,2023-10-07,a0003,33.7097956441,-68.6340529765
l00071,chicago,house,1001328.0130720296,1544.016407825,2023-01-22,a0020,48.0783802554,-110.3936928378
l00072,chicago,apartment,1985180.9935530408,3431.0139869652,2023-04-18,a0044,36.9180341978,-107.5494182588
l00073,los angeles,apartment,841716.9942317429,3829.0164019267,2024-05-13,a0040,31.8411503329,-122.8598128376
l00074,los angeles,house,1913209.0115324676,1831.0142917551,2024-05-14,a0012,39.6170653256,-95.8650866912
l00075,houston,apartment,476145.995407261,3220.989488528,2024-02-05,a0027,26.2321069187,-108.838532292
l00076,los angeles,condo,433862.0290331536,1384.9975128761,2023-07-15,a0003,46.7956695919,-111.0779120601
l00077,houston,house,518534.0134712281,4269.994796758,2023-06-29,a0020,28.4913285609,-96.6133456793
l00078,los angeles,house,149626.9962423429,2082.0069999196,2023-07-24,a0022,48.6648289016,-110.9442572349
l00079,chicago,apartment,1721783.002609785,2786.0017747648,2023-06-29,a0042,41.1255847944,-80.8146432293
l00080,phoenix,townhouse,1525051.9908902347,4892.0016418842,2023-06-19,a0002,30.7021644315,-82.7792752253
l00081,new york,condo,474483.0059193216,2674.0091474699,2023-01-20,a0007,33.831788759,-88.3319176975
l00082,phoenix,townhouse,824958.0019557737,3068.9764770344,2023-08-12,a0039,40.1998435587,-93.9231491689
l00083,phoenix,apartment,907812.9961061009,2056.9877339818,2023-05-11,a0003,27.1660279182,-76.5359624075
l00084,houston,apartment,1190351.005028891,4909.9949707974,2023-12-18,a0047,32.6985991509,-114.1887685035
l00085,los angeles,condo,1004496.0048382406,1072.9890662084,2024-04-30,a0043,25.9851710636,-90.7365685957
l00086,chicago,condo,1491223.99404185,1520.0108733925,2024-01-04,a0020,41.2509898934,-124.0377071953
l00087,phoenix,condo,1498575.001661819,3845.0155857059,2023-06-17,a0026,37.2809613151,-111.8731909314
l00088,chicago,house,502316.9957604048,3944.0044941681,2023-12-07,a0025,40.4797516464,-114.8868085307
l00089,los angeles,condo,951601.0134466242,4987.9912375584,2024-03-02,a0001,41.5891334092,-102.5621469695
l00090,chicago,condo,540784.9904388748,4020.997939276,2024-02-07,a0038,47.4900813399,-117.0238451143
l00091,phoenix,condo,1075149.9999516662,4118.9890218209,2023-08-15,a0044,33.1790478186,-118.4070442306
l00092,los angeles,townhouse,1764583.0057763518,1890.0005543662,2023-12-04,a0006,47.1793468077,-74.1127530736
l00093,chicago,condo,295847.0159191616,2424.015155872,2023-12-11,a0020,31.1945220753,-86.7028119854
l00094,los angeles,house,409023.0071445631,699.9997482566,2023-01-24,a0016,44.6172960145,-92.8004448798
l00095,houston,apartment,1055076.0157005065,3895.0126157492,2024-03-29,a0041,37.692175107,-110.9823337336
l00096,phoenix,house,1606479.992708546,3644.9978276229,2023-09-11,a0026,27.2396739905,-72.9662032066
l00097,los angeles,house,1475853.00722883,545.0033141921,2024-04-02,a0049,46.5879493862,-88.2823740171
l00098,new york,townhouse,558942.9926215892,1939.9985998331,2024-02-16,a0045,33.1282410502,-104.7492040567
l00099,phoenix,townhouse,205314.9934504401,2541.0056200682,2024-04-14,a0008,42.4166211328,-72.9761705308
l00100,houston,house,1780691.987670497,4305.999765798,2023-12-08,a0034,46.2801888539,-79.7565876275
l00101,phoenix,condo,1683874.001859864,4124.9938719396,2023-11-10,a0047,40.4097109332,-120.114584994
l00102,phoenix,townhouse,1841829.011562143,4988.0010717367,2023-08-17,a0011,28.889570004,-72.8802290781
l00103,houston,townhouse,643564.0040515264,2525.0155911217,2024-03-06,a0041,39.5631084999,-124.4550860874
l00104,chicago,townhouse,1414385.999983373,2459.0002140629,2023-05-21,a0029,27.4311389295,-86.5136836783
l00105,new york,condo,591767.9878689974,2724.9880048664,2023-06-21,a0021,25.1147124504,-115.6697260774
l00106,phoenix,apartment,390190.9955295722,1735.0215210846,2023-04-29,a0025,38.1585249461,-84.8711276886
l00107,los angeles,house,234697.0071264488,3898.0016920104,2023-07-28,a0022,40.6555077884,-111.9987312173
l00108,phoenix,townhouse,971940.990455548,1009.9916332196,2023-04-16,a0027,42.0970367332,-111.2329992824
l00109,houston,apartment,1896696.9978714725,3616.0011322252,2023-09-02,a0001,32.8044107749,-81.7192514889
l00110,chicago,condo,1680151.0067175904,3693.9859848346,2024-03-12,a0027,40.5892742074,-75.7345831368
l00111,phoenix,house,1123890.9990712989,2296.9946207191,2023-05-20,a0028,40.7813935952,-92.0274247021
l00112,houston,apartment,915492.0097004994,3252.9921276148,2023-12-09,a0044,27.2434337153,-103.6720973956
l00113,houston,house,1862668.003069206,4328.0123523842,2024-04-15,a0009,31.3490074133,-110.8563869227
l00114,phoenix,apartment,926319.9969215828,721.9820406736,2023-02-12,a0042,48.350449704,-102.1848510008
l00115,houston,house,1917918.993257518,4281.9944647223,2023-04-04,a0004,46.4164134858,-88.3804900848
l00116,chicago,townhouse,786508.0063288987,2233.0004633734,2023-08-21,a0021,44.0559403811,-95.8440769943
l00117,chicago,townhouse,683546.0066851192,3952.9886578067,2023-05-10,a0006,38.8486012985,-96.4380424877
l00118,houston,apartment,1670816.99636856,4917.9886705435,2023-01-27,a0023,29.6980966801,-83.1017018149
l00119,los angeles,apartment,1738363.992925086,828.9930430389,2024-01-22,a0002,31.7338374306,-123.601931486
l00120,los angeles,house,1859990.0050224245,666.0093419838,2023-11-15,a0010,40.4833797167,-114.7208011246
l00121,los angeles,house,1093128.9841211091,1437.0063530893,2023-10-16,a0014,47.5674451497,-69.6887733145
l00122,houston,condo,1708300.9978369076,3521.0025638572,2023-03-27,a0039,46.934276441,-103.5350632926
l00123,phoenix,apartment,1731146.9882662804,1840.9941069555,2024-05-08,a0020,25.3820501303,-71.1773627666
l00124,new york,apartment,754221.0163723365,3573.9881049624,2023-07-23,a0046,35.2879924641,-68.9396352315
l00125,los angeles,apartment,1341718.983048268,2488.9788216896,2023-02-22,a0045,48.1208731693,-75.5205641853
l00126,chicago,apartment,1769808.999891914,836.0175349973,2023-06-27,a0035,32.0504053089,-102.6854651284
l00127,houston,condo,244611.9881667826,4643.9999194837,2023-11-28,a0022,45.4213331691,-106.6071400008
l00128,new york,townhouse,1824552.0047249724,4515.0145671116,2023-02-24,a0028,29.073848364,-92.7017402366
l00129,chicago,townhouse,1583333.011155822,1753.0088785937,2023-08-11,a0012,47.4847897066,-84.6297147664
l00130,phoenix,condo,1391660.9869196364,4908.0084521431,2024-02-01,a0031,38.6809516482,-119.371389667
l00131,houston,townhouse,1831690.017183493,2697.9967271988,2023-06-15,a0016,39.769632392,-67.5810078667
l00132,new york,condo,1948914.004414438,4191.9838615536,2023-05-05,a0049,28.3557621799,-94.9343042336
l00133,houston,townhouse,805474.005516904,735.0025001099,2023-09-11,a0021,46.058348461,-82.0390349493
l00134,los angeles,townhouse,544846.9960472332,3406.0048388256,2024-02-13,a0017,41.7229083068,-84.2513172591
l00135,chicago,condo,1946163.994673243,2762.9757344839,2023-10-12,a0001,33.635378476,-107.9621436571
l00136,phoenix,house,279543.0083691963,2476.9951260352,2024-01-04,a0027,44.4295560706,-78.0175733102
l00137,houston,house,1548311.985173564,4400.0153800314,2023-11-27,a0046,45.8139443156,-72.041007889
l00138,houston,townhouse,1762900.0153484598,641.0056100565,2023-02-17,a0019,37.2682001645,-95.924341401
l00139,los angeles,townhouse,1550782.006308987,2492.9950698093,2023-06-06,a0043,44.1578034097,-87.3123756644
l00140,phoenix,condo,1092499.008112562,4849.0037975034,2023-06-26,a0028,41.8410094948,-78.8265096041
l00141,phoenix,condo,837799.9853241607,4217.0059480353,2023-05-19,a0020,46.3720691882,-105.3918276109
l00142,chicago,house,353032.988114459,2076.9961876743,2023-06-11,a0008,34.0023169434,-119.5484600323
l00143,phoenix,house,501689.9922512635,2272.0074382279,2024-01-14,a0031,38.9153848531,-122.928607601
l00144,chicago,condo,310817.9905364587,2089.9920858076,2023-06-01,a0015,36.1621660889,-93.5188750062
l00145,chicago,house,733900.989744627,614.9941296977,2023-12-29,a0035,31.8770845403,-90.7244378799
l00146,los angeles,condo,195452.9957649919,946.0088972079,2023-10-11,a0019,25.7277662517,-122.8300646307
l00147,los angeles,townhouse,315141.003383083,599.9774367873,2023-10-21,a0019,44.7435644435,-104.1279367211
l00148,houston,townhouse,1023729.995398589,3290.9962191948,2023-04-05,a0004,28.0342509903,-94.6932441319
l00149,chicago,townhouse,339258.0009425989,1035.0011853086,2023-07-25,a0032,43.4580054443,-112.4820138143
l00150,new york,apartment,418193.9964981157,1721.9966363458,2024-02-20,a0037,39.9590911694,-120.0584445227
l00151,chicago,apartment,620493.992027613,1469.9954118612,2023-10-13,a0049,26.2490500316,-94.1624749075
l00152,houston,house,1726747.0076456612,4780.0165694005,2023-07-14,a0029,37.9823868223,-88.0296254752
l00153,houston,condo,1903900.0072051128,4011.9850074864,2023-06-06,a0037,42.4371623768,-68.3958859539
l00154,phoenix,apartment,1378488.0062006712,1312.0115043629,2024-04-30,a0049,37.3940568767,-106.2787727495
l00155,los angeles,house,655003.0061953461,1165.0107414023,2023-03-22,a0016,44.0962308067,-109.2903086842
l00156,los angeles,apartment,428272.0008569846,521.0147101443,2023-07-29,a0029,35.5206030221,-120.450352358
l00157,phoenix,townhouse,710815.0002094533,767.0051104702,2023-04-29,a0019,25.6067994962,-69.1571126041
l00158,chicago,townhouse,249273.9924751899,2411.9963411564,2024-04-18,a0017,45.0510265255,-84.6278880688
l00159,phoenix,house,991581.0055225646,1440.0047384481,2023-10-06,a0015,34.816928616,-114.9205262791
l00160,los angeles,condo,1833570.9997813185,1664.9962860998,2023-02-06,a0004,28.7640285097,-110.4987853303
l00161,los angeles,condo,1347896.99686003,2864.0004130886,2023-08-13,a0008,38.1687405325,-83.5510356536
l00162,houston,condo,1567446.9895700254,3796.9933618484,2024-04-27,a0018,40.850856526,-108.7669551048
l00163,phoenix,townhouse,1018046.0049537058,1158.0109396933,2023-11-03,a0003,47.9218594958,-82.1943299212
l00164,houston,condo,1366079.003186405,2550.9828025903,2023-01-14,a0006,38.3182114626,-89.5223502124
l00165,los angeles,apartment,1703818.003183117,2707.0008491568,2023-10-23,a0003,35.0780467697,-110.632638269
l00166,los angeles,townhouse,1188345.9901538466,4122.0026066789,2024-04-14,a0018,33.538714333,-81.0448162912
l00167,los angeles,townhouse,1431239.9974813054,4527.9948954456,2024-05-11,a0006,25.3526642133,-118.2534386924
l00168,houston,condo,956367.9859890623,3229.9982664241,2023-06-14,a0043,26.0916669237,-122.6318436416
l00169,new york,house,791647.9820828615,3871.996130825,2023-12-22,a0032,45.5342671527,-84.1748886311
l00170,chicago,townhouse,1806171.007374076,799.9996016406,2023-08-21,a0006,36.3787521119,-119.3309998298
l00171,chicago,condo,777953.995332692,1449.0019971998,2024-05-11,a0050,36.8030908847,-97.5513370479
l00172,houston,apartment,1479212.994860693,4943.9872986791,2023-08-25,a0027,29.1659193422,-99.8316307087
l00173,new york,house,1187245.9968799632,3462.9809711946,2023-11-15,a0049,34.5583533877,-89.268483623
l00174,houston,townhouse,1693814.9837498858,922.0210085796,2023-04-15,a0018,40.2252192248,-122.3570687774
l00175,phoenix,house,704039.9905547743,4088.9887800051,2024-03-26,a0045,33.993965493,-88.7046899684
l00176,houston,apartment,160542.9969940059,2460.0006302937,2023-12-30,a0011,37.0755283206,-75.3217493578
l00177,chicago,apartment,1258154.9961006443,3841.9866559418,2023-02-17,a0015,40.8038628701,-115.5653353711
l00178,new york,townhouse,346343.992514347,1761.0008742146,2023-09-13,a0046,26.6842806411,-87.73653908
l00179,chicago,condo,971345.9937457588,4451.9922483236,2023-08-30,a0016,25.6343010024,-91.0358769841
l00180,houston,house,904437.9895144168,2060.998746059,2024-04-16,a0039,47.5615335108,-91.6310753868
l00181,phoenix,house,1911995.0108554915,1071.0076628309,2023-05-22,a0050,34.3163301626,-87.6832429433
l00182,houston,condo,1751962.9871051617,4659.0019457093,2023-05-17,a0001,35.9949324786,-93.3473250158
l00183,chicago,condo,1856314.008062075,4511.005908282,2024-03-19,a0010,47.6101088785,-102.5842846527
l00184,houston,townhouse,823777.0072965751,3222.9872363382,2023-10-10,a0049,48.0630527727,-72.4865814637
l00185,phoenix,townhouse,1054926.005769147,3135.988996403,2024-03-21,a0013,29.7048177552,-120.9657422502
l00186,los angeles,townhouse,589815.0184050994,3864.9910633338,2023-01-23,a0021,27.4314522347,-123.9403300552
l00187,houston,townhouse,909664.9984257128,1746.0017037756,2023-09-11,a0003,27.2504989809,-85.3882321411
l00188,los angeles,condo,1923892.9960054152,1322.0128675427,2024-03-23,a0029,26.7178699445,-106.5126063212
l00189,new york,townhouse,132185.9848896388,1680.0227550797,2023-07-29,a0042,45.2805509059,-123.6516959065
l00190,los angeles,apartment,1084592.9946077748,2671.0134558025,2023-06-23,a0040,44.5437074357,-108.6579479652
l00191,houston,apartment,1886281.0148641623,3190.9897936555,2024-03-12,a0044,27.8495222882,-84.5879563919
l00192,phoenix,townhouse,764085.9897658034,4496.9923402709,2024-03-22,a0035,40.1003731875,-74.1279708841
l00193,new york,apartment,592347.9962585191,2853.9938560644,2023-04-27,a0048,42.627814549,-78.4060754708
l00194,new york,townhouse,306450.0041692746,1323.0163395068,2023-08-16,a0011,31.7749535396,-114.7123431156
l00195,chicago,apartment,196450.0031427355,3156.9895490819,2024-02-12,a0004,43.0096368251,-78.1918611906
l00196,chicago,condo,886098.0111178876,4028.0074050193,2023-03-16,a0016,48.7799281814,-101.068422523
l00197,phoenix,townhouse,1286836.9961380346,1974.9887754725,2023-03-29,a0012,33.9216809741,-79.9553854673
l00198,new york,townhouse,1399625.999551199,2472.0023464065,2023-09-12,a0038,33.1702546672,-71.0233135421
l00199,los angeles,house,1067100.9878712168,2579.9951951823,2023-08-24,a0017,45.5938184834,-100.1337464048
l00200,new york,townhouse,1989973.032656385,2856.0067302739,2023-12-13,a0035,43.0329509716,-81.2608482946
l00201,los angeles,apartment,1026374.013882626,3329.9800624597,2023-10-28,a0020,27.4658782179,-72.6735738085
l00202,houston,condo,1058054.008024911,2974.0060720867,2023-04-12,a0025,37.1190644601,-77.0526588038
l00203,houston,apartment,597455.9978157021,3624.0161611494,2023-10-20,a0023,32.6866576333,-73.0685129329
l00204,phoenix,condo,1566493.9909857726,2917.9995018877,2023-01-12,a0043,34.3498745941,-124.370091527
l00205,houston,condo,116982.0138415834,901.01138236,2024-04-11,a0039,46.7220719725,-119.704463598
l00206,houston,condo,1726845.9931281314,2384.9888975642,2023-11-07,a0023,32.6524199522,-69.8874495966
l00207,los angeles,house,1402102.991991798,2552.991008887,2023-12-14,a0049,47.8193546297,-91.7490766149
l00208,los angeles,apartment,1994574.0043267969,822.0006384216,2023-06-08,a0029,40.1731476723,-98.9982220974
l00209,new york,condo,1635869.006071708,1575.9949594467,2023-02-16,a0019,32.0103666753,-105.9334963926
l00210,chicago,townhouse,468342.9906204013,2144.0153896942,2023-03-09,a0035,41.1312024165,-81.365159981
l00211,chicago,condo,1841627.0080532408,1846.9913716657,2023-05-12,a0031,44.0069389593,-79.2078229238
l00212,chicago,condo,1786596.996128298,1442.9836113255,2023-08-28,a0005,27.1830366433,-96.3053085677
l00213,los angeles,house,1903845.005131148,3755.0090091588,2024-05-10,a0036,26.3844115418,-93.1121078428
l00214,chicago,apartment,1758180.003749844,3731.9791899364,2023-01-08,a0017,35.6084395336,-73.518821251
l00215,phoenix,apartment,1053755.003630347,3518.9818361757,2023-12-11,a0048,33.4272469699,-118.2272234504
l00216,chicago,townhouse,1824734.0111599537,3542.9921590587,2023-02-25,a0044,28.4476953998,-80.8359607985
l00217,los angeles,townhouse,152479.9929793388,3186.9992646785,2024-04-13,a0040,39.8379245935,-119.1435806496
l00218,los angeles,apartment,1432538.002412386,4302.9984312756,2024-04-10,a0045,27.0198358393,-84.3640443721
l00219,chicago,townhouse,344686.9895097191,1644.9966682194,2023-01-24,a0003,26.7359049655,-77.3270927169
l00220,chicago,townhouse,343521.9967863565,1295.9944244791,2023-05-01,a0035,41.9376404173,-120.2792910674
l00221,los angeles,townhouse,1051358.9980568092,3539.0056732585,2023-12-10,a0048,27.0308544606,-67.7667882138
l00222,phoenix,townhouse,1331741.008552657,1765.0072523273,2024-03-29,a0027,33.983866481,-103.5081372325
l00223,new york,townhouse,1391116.002744346,3843.0045197792,2024-04-25,a0018,44.4975759466,-70.0376944452
l00224,new york,condo,555646.9959939538,4131.9984664985,2023-08-16,a0016,48.6420620948,-81.3061394481
l00225,chicago,apartment,1537974.9970333108,3509.0071121376,2023-10-06,a0042,34.0301399537,-120.1725401948
l00226,chicago,apartment,934959.0058529252,2759.9903526266,2023-04-08,a0008,43.6580420959,-92.6048353306
l00227,houston,apartment,1489925.99301711,2236.9854744908,2023-11-25,a0041,35.1728949897,-72.4340120209
l00228,phoenix,apartment,206069.9944736771,3232.0073012835,2023-05-05,a0009,27.6720793107,-96.4210548293
l00229,phoenix,house,243884.9980427012,2196.9989065683,2023-10-28,a0014,25.2699787322,-97.8056926307
l00230,los angeles,condo,1723967.9912996471,1707.9894250601,2024-02-08,a0039,26.3581538353,-118.1060171161
l00231,new york,condo,1900208.0036765889,1685.0037660821,2023-03-08,a0035,27.8183789785,-87.353048803
l00232,chicago,house,330532.0024516163,711.0023153524,2023-03-09,a0001,42.9137072886,-91.1591937846
l00233,chicago,house,1334913.9940713637,3152.0023355368,2023-01-09,a0012,48.0752564318,-103.2473828117
l00234,chicago,apartment,365831.0106103172,3947.9993262005,2023-09-27,a0008,31.8563292383,-74.614636215
l00235,new york,townhouse,1040100.9860551658,3465.0035397227,2023-09-20,a0038,30.3759697646,-69.137972516
l00236,new york,townhouse,1156625.992410828,2313.9945802846,2024-04-29,a0040,25.2923181186,-68.7318557502
l00237,new york,condo,1060583.99297922,754.9872583417,2023-02-01,a0031,26.0350658836,-73.3029178234
l00238,houston,townhouse,1538849.993828231,1384.0031393801,2023-09-09,a0046,37.6651545529,-67.391038623
l00239,houston,apartment,1985899.0098354872,1160.9767942232,2023-06-14,a0039,26.7676409312,-92.8713608347
l00240,los angeles,apartment,364642.0072964957,2752.0020122682,2023-11-16,a0041,48.2577847042,-94.6567604255
l00241,phoenix,condo,898813.9941211661,4846.0079422156,2023-05-31,a0030,40.1059869261,-84.6636754272
l00242,phoenix,townhouse,307992.0119155757,1436.98741013,2024-03-12,a0042,35.9169078352,-88.6203182059
l00243,phoenix,house,1001922.0061099484,4199.0019278565,2024-03-30,a0015,39.0318843362,-72.7292312956
l00244,houston,condo,1835222.9825133337,4214.9827494112,2023-07-24,a0027,26.0964118001,-108.6989616004
l00245,new york,condo,994987.9891412864,3060.0025184305,2023-12-07,a0017,47.8189608578,-73.3717226452
l00246,chicago,house,1540368.0027264217,4385.0070081375,2023-02-04,a0006,35.9425958861,-89.0235755196
l00247,new york,apartment,1005709.9931616088,1291.0041034938,2024-01-17,a0048,31.6517506019,-114.0898138255
l00248,chicago,house,1266793.9872549002,990.997025243,2023-10-28,a0036,36.1170521514,-104.5100128411
l00249,phoenix,condo,1505119.00435588,1500.993186051,2023-07-30,a0023,39.0093977906,-120.4960223816
l00250,houston,apartment,703201.989787894,3058.9906053537,2023-06-30,a0007,48.3706723582,-67.7993389504
l00251,phoenix,house,424492.0142466737,4450.0261941407,2023-04-25,a0007,41.7447343549,-93.9053379949
l00252,chicago,condo,340931.0089435264,2781.999489666,2023-10-21,a0015,32.4143042199,-77.8043594508
l00253,houston,apartment,1377154.0013516871,2690.0172201397,2023-01-15,a0012,41.436518168,-115.5773259192
l00254,chicago,condo,812662.9994363713,3374.9976441742,2023-01-04,a0012,46.8590504596,-77.3058445192
l00255,los angeles,townhouse,245931.0011047741,1661.9910845003,2024-01-15,a0041,47.7951224497,-82.9227977771
l00256,new york,apartment,1664709.012557955,4844.9868579921,2023-04-21,a0025,39.7138798785,-100.7388223721
l00257,houston,townhouse,814909.9972640267,1788.9972664862,2023-07-09,a0020,47.3820297495,-74.7727301684
l00258,chicago,apartment,1952502.0106992929,929.9897637296,2023-03-21,a0011,26.0880417289,-123.4782391161
l00259,phoenix,apartment,1513413.9866112638,1167.9933839002,2023-05-20,a0029,34.0452387524,-77.9622308398
l00260,houston,townhouse,1373130.0118805857,4121.001552857,2023-08-01,a0018,48.6913965605,-116.2759487029
l00261,los angeles,apartment,823879.0111044048,4020.9907632697,2023-02-26,a0019,39.2551159409,-102.87906444
l00262,phoenix,townhouse,1205060.003600858,3025.9903350934,2023-01-24,a0015,48.2832833664,-76.1638946967
l00263,houston,apartment,116120.0004918809,2174.0086385466,2023-06-04,a0014,45.1163803881,-97.8220854332
l00264,los angeles,condo,707013.9970947932,3187.0172030679,2023-03-03,a0001,34.9576939253,-109.1294489738
l00265,houston,townhouse,468458.001732026,1557.9991697056,2023-07-14,a0035,26.3596706132,-74.847201783
l00266,los angeles,condo,251153.0025949384,3752.009540835,2024-03-17,a0048,44.5050974803,-67.0204024297
l00267,new york,townhouse,139302.9858688888,4266.0014652561,2024-04-16,a0005,48.9051076982,-92.7886222177
l00268,chicago,townhouse,1302505.9980598649,3812.9997924976,2023-12-30,a0041,43.4585213179,-70.2121242137
l00269,houston,condo,341536.0140288627,3818.0020334877,2023-01-11,a0021,45.384755189,-110.6565652296
l00270,los angeles,townhouse,1844884.0228656845,3464.0184872107,2023-02-15,a0028,35.8214116109,-117.5207275338
l00271,new york,house,1013679.0050417512,3779.9953694917,2023-09-26,a0006,47.8973934253,-89.8404281269
l00272,houston,condo,1664066.0006837538,3281.0029937952,2023-04-24,a0022,30.4755270117,-86.0491191319
l00273,los angeles,apartment,1170561.008004532,1433.9977827875,2023-09-29,a0033,39.8110931085,-104.2286200843
l00274,los angeles,condo,836308.9846765029,1708.9975409526,2023-05-01,a0007,27.7122161417,-86.060316955
l00275,los angeles,condo,513708.0052275061,1921.0013517326,2023-11-05,a0010,37.4872695717,-80.2127774763
l00276,new york,house,1720778.9935092116,4546.9894322362,2023-08-26,a0049,37.475110432,-75.5735117873
l00277,phoenix,townhouse,1528440.011963664,3146.9991089171,2024-03-18,a0041,38.2370032657,-92.4509142578
l00278,chicago,house,1022248.9975729404,1058.9957391852,2023-08-29,a0029,46.0531407817,-101.5899063173
l00279,chicago,condo,1340296.9973881342,960.0089227777,2023-06-30,a0033,28.2274792772,-123.3381777659
l00280,new york,condo,1068344.0101723492,4201.9986982626,2023-01-20,a0004,43.1211247672,-89.0438701493
l00281,chicago,condo,260915.9911746073,1238.9881730248,2023-11-11,a0039,41.9131518669,-112.644432971
l00282,phoenix,townhouse,1070375.9945143384,835.9820099352,2023-08-19,a0037,28.2723185115,-124.1539746702
l00283,los angeles,condo,1368788.9923506952,4396.0078531699,2023-09-14,a0010,33.4048840184,-90.7790200299
l00284,new york,townhouse,317058.9957185179,3312.9979292966,2024-01-01,a0006,34.415156911,-99.6242891514
l00285,phoenix,house,182086.0012163385,2529.000327034,2023-12-29,a0029,46.6788513828,-104.7973469969
l00286,houston,house,863149.0018741583,3554.0016768271,2024-04-14,a0019,37.3455483849,-79.5339548434
l00287,houston,townhouse,1724169.999012388,3270.995952744,2023-12-14,a0039,34.5000946675,-88.9217096616
l00288,new york,condo,238226.9857836941,3199.996553495,2023-02-18,a0036,45.6949830401,-69.9243034825
l00289,houston,condo,628472.99556647,1731.0029060347,2023-06-20,a0006,28.5128781324,-71.2539566469
l00290,phoenix,house,833627.0084125618,3040.9992229787,2024-05-10,a0042,36.8091980359,-110.033377622
l00291,houston,house,1347891.023512588,1193.995326138,2023-06-08,a0036,36.0209072804,-68.1655771691
l00292,houston,condo,1805372.0049611328,1546.0039942503,2023-12-10,a0045,36.8208045252,-105.9342102062
l00293,phoenix,apartment,1454812.0030471503,3968.0047789811,2023-09-18,a0024,40.2191057873,-111.0926128583
l00294,new york,condo,747738.9978355034,1976.0000747021,2024-05-01,a0014,26.8269736978,-117.5225345657
l00295,chicago,townhouse,502664.0048889878,2354.9868158727,2023-03-12,a0010,28.075701035,-116.1819772956
l00296,new york,condo,1870893.997594144,1328.0071100023,2023-09-17,a0050,28.3377801665,-87.8358928543
l00297,phoenix,apartment,1488165.9873578243,3257.9897410208,2024-03-24,a0050,29.3880574172,-104.9429313636
l00298,phoenix,house,1352516.032273124,3585.99737303,2023-03-20,a0011,46.5281742875,-97.5146013475
l00299,los angeles,house,1612429.996351601,4085.0267898045,2023-01-23,a0027,40.9948079747,-115.0037948674
l00300,chicago,house,1031552.0044955146,2833.998707208,2024-01-21,a0048,29.6204012437,-122.6369886949
l00301,houston,house,1219902.0183984083,2458.9968982798,2023-06-08,a0031,29.0465995195,-108.8166427131
l00302,los angeles,condo,1522511.9946279912,4109.0055840342,2023-08-25,a0050,29.2524983353,-119.8528525098
l00303,chicago,townhouse,1154671.0042251872,4820.0084409178,2023-08-03,a0011,27.895228539,-98.2646078912
l00304,los angeles,house,1930816.974590996,2547.9930339164,2023-01-27,a0042,29.9517863381,-103.8668808038
l00305,houston,condo,1262956.0037257026,1339.996881518,2023-12-31,a0034,37.0821585793,-84.9725705262
l00306,new york,condo,275897.9925030102,1812.9968363301,2023-05-20,a0029,25.9478993735,-78.6458491425
l00307,phoenix,house,1842831.0104236747,4083.0183421371,2023-02-16,a0015,40.0625687847,-120.2553714718
l00308,houston,condo,155931.0168821527,3898.0200850486,2023-01-28,a0026,45.955825147,-71.5838497541
l00309,phoenix,condo,594461.9959879348,3663.0134555542,2023-02-11,a0024,26.4548811413,-108.9342520766
l00310,los angeles,apartment,768329.993986273,1311.0182796236,2024-03-05,a0046,44.3775255687,-81.6044123315
l00311,chicago,house,388567.0079261822,813.01903841,2023-05-27,a0031,29.4442047651,-112.8532004521
l00312,los angeles,townhouse,1040784.975347471,543.0007998975,2024-04-08,a0006,33.8782867412,-96.8637726509
l00313,new york,condo,552260.0108823539,1724.0163948612,2023-10-08,a0047,39.8446928641,-103.6001660755
l00314,phoenix,townhouse,333175.0152512161,2859.998775809,2023-05-02,a0020,36.08728255,-81.6583747545
l00315,new york,apartment,600042.995496185,3938.9969757849,2023-11-24,a0040,25.8646585466,-110.364866586
l00316,houston,apartment,332485.0011360997,4594.0015078341,2023-11-02,a0035,42.1149704723,-73.0620938752
l00317,new york,house,1606895.9862518606,1676.0069921164,2023-05-30,a0028,37.2810943273,-94.1256750065
l00318,new york,condo,604499.0088897446,3912.0108746566,2023-04-06,a0043,27.5780443965,-99.06526496
l00319,new york,condo,241932.9900118078,4808.9931763354,2023-10-06,a0033,37.7826693841,-110.92876662
l00320,phoenix,apartment,918840.009052922,4351.0254546392,2023-01-23,a0041,31.46655502,-103.1266262227
l00321,houston,condo,631943.0123398531,632.9893552559,2023-07-02,a0005,25.4625498707,-106.3225401001
l00322,chicago,house,1637088.0001053067,1349.0095220458,2024-01-31,a0038,30.0680500265,-106.005002725
l00323,chicago,house,192978.0184836741,3385.9994439825,2023-10-07,a0022,27.8854647068,-73.3362984706
l00324,los angeles,townhouse,1558335.999327189,4419.9878073203,2023-11-20,a0012,39.2491112974,-85.61020192
l00325,los angeles,apartment,1601655.0045433508,4249.0007303484,2023-01-19,a0019,43.9497395951,-96.1089183082
l00326,los angeles,apartment,1759075.9966790662,2134.0055628319,2024-03-29,a0003,27.0859805227,-93.8616330648
l00327,chicago,condo,1180837.001260799,3762.0084204856,2024-02-22,a0035,39.080033408,-81.7602729246
l00328,houston,condo,176799.0063447692,2065.0029652304,2023-05-27,a0023,35.3629663438,-117.5940445148
l00329,new york,condo,672975.9956228542,1518.9877857989,2024-02-14,a0024,31.7965644986,-103.9547069896
l00330,houston,townhouse,1658828.9961442258,4102.0079717061,2024-04-03,a0025,40.5055098105,-91.8817119267
l00331,chicago,house,1140613.0028570937,4575.0132898049,2023-07-08,a0034,33.5525003868,-67.7808043594
l00332,chicago,apartment,1624800.0113126468,3976.9947926874,2023-02-10,a0028,39.5337450589,-111.2281508293
l00333,phoenix,house,1243941.9948504146,2906.0047913049,2023-06-14,a0007,27.4511603825,-116.1551475019
l00334,new york,condo,1486048.0112223628,2921.0224453624,2023-06-06,a0029,30.8957959538,-115.6840117916
l00335,phoenix,townhouse,449479.0028206543,4135.9973550603,2023-06-29,a0029,29.473481663,-108.4604817659
l00336,new york,condo,1389437.0043671613,4063.0092792654,2023-05-21,a0041,29.1343847664,-72.9973252696
l00337,new york,apartment,1507573.9938341284,3827.0083813417,2023-07-06,a0033,26.927753693,-94.558423472
l00338,los angeles,apartment,399429.9982265029,4089.0049393983,2023-01-18,a0009,34.8353380304,-68.0082891186
l00339,new york,house,1732664.990023858,3500.0029472587,2023-07-05,a0025,27.6784250994,-101.9442642189
l00340,phoenix,apartment,1368974.9844771922,1756.0026101601,2023-12-14,a0029,48.253095865,-74.8157891799
l00341,chicago,condo,1031007.9899110636,1128.9756560908,2023-10-21,a0009,44.6123396632,-110.0318812484
l00342,phoenix,condo,934736.9903392176,3074.9926300407,2023-11-29,a0018,29.1015213621,-86.1930495621
l00343,los angeles,apartment,154343.9924061539,2023.9872759031,2023-09-13,a0034,47.3160748295,-92.7092346297
l00344,houston,apartment,648984.9830821364,2631.9956076664,2023-12-27,a0029,38.7140582891,-108.7538583061
l00345,los angeles,condo,1555382.0151606973,4523.0102815996,2023-04-13,a0008,43.4698170358,-114.1694732164
l00346,los angeles,apartment,1048002.0061827354,1914.0118077551,2024-04-05,a0046,32.7781520909,-100.3266955641
l00347,houston,apartment,1799768.9881198704,3118.0123294813,2023-12-08,a0023,37.209848464,-110.9357091826
l00348,new york,condo,1969257.9900682915,2957.0051837067,2024-03-11,a0011,27.7564786442,-89.5697450877
l00349,los angeles,condo,1166937.989796752,2335.9900039456,2023-03-04,a0013,31.9279195051,-91.2754724375
l00350,los angeles,house,1757532.0009277677,4547.0046260651,2023-01-14,a0024,28.7209429271,-97.0818287375
l00351,phoenix,condo,1080221.0138637878,1562.9885765106,2023-11-10,a0006,37.7737571517,-121.9995503128
l00352,new york,condo,935000.9999176912,4420.9935683194,2023-09-27,a0027,33.0709052357,-117.2093220477
l00353,houston,apartment,362828.9999407674,3096.9908816191,2023-11-25,a0005,26.5326788328,-67.5916384801
l00354,houston,townhouse,1526290.99622272,4737.9858369664,2023-06-26,a0009,32.7302786734,-78.0112458014
l00355,phoenix,house,1710154.0021632467,1556.996239924,2023-08-10,a0033,31.1241580414,-85.4882891169
l00356,new york,apartment,1186537.98720319,1753.0040028071,2023-06-05,a0011,43.2365517234,-90.45485178
l00357,los angeles,condo,1587577.007705341,2346.9997964882,2023-06-27,a0034,36.3332861424,-101.1104422106
l00358,chicago,apartment,625556.9999320062,2108.0014633513,2023-11-22,a0036,33.3577396968,-71.0981739566
l00359,chicago,house,1410766.0072054707,2979.9940996855,2023-11-11,a0035,44.9351086698,-69.0199662229
l00360,new york,house,1341111.9831775783,1762.9995972822,2023-03-29,a0043,27.9830178151,-82.6178151837
l00361,phoenix,condo,1866913.0041874384,836.9973338802,2024-02-27,a0002,47.5219395271,-114.4978227368
l00362,new york,apartment,1445224.9964286794,2667.9856836051,2023-11-30,a0014,26.6086718229,-82.0122076436
l00363,phoenix,townhouse,1396266.9873603734,748.005340852,2023-09-12,a0041,38.7889702468,-76.1645567383
l00364,phoenix,condo,1446177.0018202518,2973.9853506202,2023-09-05,a0016,28.343538555,-78.8693844283
l00365,houston,condo,1051150.0108617682,1096.9910922086,2023-12-19,a0004,29.8449498184,-115.4988444133
l00366,los angeles,townhouse,971620.9979079936,4466.0157465451,2023-08-26,a0014,28.9462672978,-77.7660054933
l00367,chicago,house,755532.9920719911,3114.9930941112,2024-01-11,a0023,40.952316826,-94.6615242112
l00368,houston,house,1695229.987051917,3535.0128092952,2023-09-21,a0036,33.6078337747,-74.1166472237
l00369,new york,condo,606960.9851352855,4320.9938641606,2023-03-04,a0018,34.4099350973,-77.6488100691
l00370,houston,house,395440.9949715388,1293.0128722578,2023-01-26,a0019,35.5414008065,-103.1412242356
l00371,houston,townhouse,620659.9895137468,1808.0272204918,2024-02-21,a0021,36.1030646509,-107.50351178
l00372,phoenix,condo,498110.0072671685,1805.0187530056,2023-09-13,a0033,42.9277948425,-95.8567125463
l00373,houston,townhouse,1943555.0072815544,3027.0146544194,2023-09-12,a0002,30.5920344793,-72.8388972425
l00374,new york,townhouse,1159992.9839699797,4245.0033211106,2024-05-09,a0016,34.2222324311,-93.4666223612
l00375,los angeles,condo,202043.0228691209,914.0048216816,2023-05-25,a0032,46.7443628085,-88.7993472729
l00376,phoenix,townhouse,699257.0017569952,4896.0051827309,2023-01-05,a0007,27.7881716963,-70.4895313446
l00377,houston,house,1950643.0045136567,2665.9875144137,2024-01-08,a0024,40.0820592118,-105.5478693059
l00378,houston,condo,194879.9975266283,3781.0090201672,2023-01-27,a0037,28.3464924285,-78.9531824308
l00379,phoenix,house,860267.0079295521,2863.9974924716,2023-02-07,a0025,39.8844008013,-94.0628411039
l00380,phoenix,townhouse,1703070.9998005717,2791.0031717624,2024-02-27,a0040,46.4533580428,-79.2490465599
l00381,phoenix,apartment,369826.0123048682,1291.9867344389,2023-07-21,a0024,28.6619870991,-106.9294855143
l00382,chicago,condo,1683276.0035438384,1681.0055967593,2023-04-12,a0039,30.9775564557,-81.8294287479
l00383,phoenix,townhouse,1148739.000503139,828.9858123678,2023-01-24,a0003,25.796229034,-91.9606412931
l00384,los angeles,condo,1786038.0044280733,4380.006415504,2023-09-23,a0030,43.298565359,-74.1638125138
l00385,los angeles,house,787794.0097573336,3109.001622504,2023-03-25,a0026,33.2077811534,-77.3552117018
l00386,phoenix,condo,1345129.997901003,3254.9843818734,2023-09-17,a0033,27.6613810651,-75.9003969438
l00387,phoenix,townhouse,1586334.987152632,2954.9914917671,2023-09-01,a0002,28.0637182233,-101.9692377734
l00388,chicago,condo,1513073.9884591145,1397.0006985258,2023-08-02,a0038,44.1519842814,-116.3030303566
l00389,chicago,apartment,1351810.0075491988,4386.9979294687,2023-05-16,a0042,30.5043002922,-83.1135966908
l00390,phoenix,house,1612885.0120417045,920.0216034866,2023-10-26,a0031,42.2911112288,-87.7912735312
l00391,los angeles,townhouse,409908.0190042604,2484.0102697381,2023-01-17,a0037,41.6582882618,-93.5097413925
l00392,new york,house,139714.0187486207,4111.9837666995,2023-06-10,a0027,31.0450326363,-104.9505510703
l00393,los angeles,townhouse,1548084.0073965185,2169.9908316123,2023-07-30,a0033,29.348672178,-72.3152159961
l00394,phoenix,townhouse,1930430.998833786,1010.0068667688,2023-12-28,a0009,38.9988089814,-101.7478990029
l00395,phoenix,house,1276264.0103377383,3161.9904639789,2023-12-06,a0031,36.0898877508,-70.0455305379
l00396,phoenix,townhouse,757986.0002898887,1917.9928814838,2023-08-24,a0035,28.6820322147,-90.9791498442
l00397,chicago,condo,1517398.9966842288,2665.0099886919,2023-11-09,a0031,37.1500871571,-89.5450508847
l00398,los angeles,house,685117.9817053273,2944.981120342,2023-04-26,a0020,25.4434312572,-74.4128204955
l00399,chicago,house,1547538.0040043748,4505.0040302846,2023-06-12,a0031,47.395351415,-92.2122877896
l00400,chicago,condo,703538.0227408675,1498.0182836921,2023-10-21,a0044,41.725479896,-71.5048570511
l00401,phoenix,townhouse,1978544.9937952212,3731.9776715286,2024-02-24,a0023,41.9725950314,-116.156106802
l00402,los angeles,condo,188218.9872893759,2856.0057035042,2024-05-04,a0046,38.8346651567,-89.8113336654
l00403,new york,condo,1027728.99607603,2599.9984975035,2024-01-18,a0031,35.1863565993,-82.269729686
l00404,los angeles,house,1836340.0050394596,4911.9877936107,2023-05-19,a0036,47.4203751897,-71.3163330731
l00405,chicago,house,329063.9915765214,2460.0050711874,2023-05-05,a0004,35.8074525327,-118.4329196337
l00406,phoenix,house,1437866.0059006826,2407.0037106329,2023-01-27,a0007,48.6290418316,-76.3311126007
l00407,houston,condo,1604408.014444309,4368.9872501948,2023-02-21,a0044,28.0043156172,-71.5843351461
l00408,los angeles,apartment,1254171.9945222752,1793.0004197379,2023-07-28,a0042,45.8801521635,-94.9222261556
l00409,houston,townhouse,1464278.009111151,2132.9948616185,2024-01-23,a0019,39.2028569396,-101.8525908477
l00410,chicago,condo,1454546.0129544097,983.9892197957,2024-04-09,a0050,26.3270106582,-105.5481454006
l00411,new york,house,1222295.0102867,805.0094866467,2024-04-12,a0012,44.2727171938,-124.7244320209
l00412,houston,house,176209.9855827323,3752.0039902065,2024-02-08,a0032,32.9959797971,-101.8934010421
l00413,los angeles,condo,1938663.0227166011,805.996604777,2023-01-05,a0020,37.8908409891,-71.6636274151
l00414,phoenix,apartment,802633.9980851004,2831.0012425896,2023-08-21,a0042,33.3219286896,-104.8889117047
l00415,phoenix,townhouse,1964913.0177476287,1598.9859313357,2024-03-11,a0033,42.6903006495,-98.7571128536
l00416,houston,condo,504354.0045424091,1422.0024069393,2023-06-19,a0011,30.3951685513,-98.774358425
l00417,houston,condo,1607008.9893278996,2025.0087745347,2023-01-08,a0048,28.3767781522,-114.7591630272
l00418,chicago,condo,1290722.99500932,2082.002602677,2023-03-31,a0040,36.9765536261,-100.7030399202
l00419,houston,townhouse,1180620.9936575124,3186.0150407434,2023-02-14,a0026,46.9384373652,-103.9794893437
l00420,new york,house,394884.0057929644,4411.0074534192,2023-06-15,a0016,38.9218483884,-88.3310982087
l00421,new york,condo,904412.9875931684,2428.9987305121,2023-08-17,a0049,25.3211273353,-86.5013474823
l00422,chicago,condo,733225.9824032589,592.9933778422,2023-05-14,a0042,29.271884835,-69.2748687999
l00423,chicago,house,230283.9981471609,1467.9849341658,2023-08-27,a0020,28.5691043109,-100.9423011818
l00424,los angeles,townhouse,1538800.0057881766,4615.9950576271,2024-04-17,a0046,27.0761400801,-67.172816673
l00425,chicago,apartment,1439474.001365582,2915.9957417189,2023-07-08,a0040,37.077004967,-90.4780072198
l00426,los angeles,house,380114.0007279784,4416.9968787643,2023-03-20,a0030,26.6058144786,-81.498059444
l00427,phoenix,condo,972090.997646434,4999.0060271919,2024-04-12,a0031,30.0364034743,-72.9126135695
l00428,phoenix,house,1697735.0018565522,2527.0090884522,2023-12-15,a0049,29.9036377313,-113.9518444133
l00429,phoenix,apartment,1202067.006159844,4159.0087464088,2023-09-28,a0046,25.8862071661,-97.623837655
l00430,chicago,apartment,1283146.989233996,1419.0072283518,2023-02-01,a0036,38.5675003531,-121.1799343487
l00431,phoenix,house,1301041.9914575266,4896.0110990715,2023-03-18,a0011,43.6161376,-98.7239014787
l00432,chicago,townhouse,343772.0084673824,2182.0101573419,2024-01-03,a0038,37.5927845115,-99.4376606932
l00433,houston,apartment,1985106.9938016245,4679.9860716597,2023-08-17,a0004,34.6308445238,-92.5427150759
l00434,houston,house,1176357.9920318674,3903.0107453469,2023-08-22,a0037,28.724248174,-114.4675343967
l00435,new york,townhouse,1510895.998868426,3023.9880537869,2024-01-06,a0002,45.6819247935,-70.1230505848
l00436,houston,condo,1812225.999007248,524.0028963423,2024-01-17,a0014,33.9447639968,-109.291477269
l00437,phoenix,apartment,194978.9968621104,3970.0018915137,2023-06-26,a0045,40.4508155841,-101.3079736968
l00438,new york,apartment,1975311.99312885,1065.0022290383,2024-04-23,a0031,25.6118899473,-115.9352506934
l00439,new york,condo,957456.011821727,1973.9916078734,2024-01-29,a0009,42.1804710869,-86.7966565302
l00440,houston,condo,1969261.9837159617,3632.9969893921,2023-08-18,a0025,25.6377112622,-112.1219671766
l00441,houston,apartment,1531788.996915295,4916.9963579207,2023-03-10,a0042,30.5419821119,-86.0369218425
l00442,chicago,apartment,474286.0061745454,4901.0010402851,2023-07-21,a0034,25.4617264754,-118.9531970804
l00443,los angeles,house,1850747.011962242,527.9986086753,2024-01-23,a0002,44.1995755962,-114.6597148321
l00444,chicago,townhouse,1512430.9883469348,4960.011805398,2023-08-06,a0035,40.6606393861,-111.1856438923
l00445,houston,house,619069.9830867534,4272.9965362684,2023-06-27,a0010,27.390537239,-110.9082930041
l00446,chicago,house,1935443.982215525,1424.0138338359,2023-01-17,a0043,42.3311416282,-75.3835027506
l00447,houston,apartment,604713.0004211942,2188.022698008,2023-02-04,a0007,44.9203943641,-101.9678232512
l00448,phoenix,apartment,1036254.0025979351,897.9983473691,2023-05-06,a0048,41.0270134261,-113.1151463457
l00449,new york,townhouse,1020570.996671858,2418.9928717808,2023-10-04,a0014,32.0444843896,-72.9975871798
l00450,new york,house,1156745.9941964245,2869.0065538068,2023-04-30,a0047,25.3196775614,-120.0380692113
l00451,phoenix,condo,1311051.9995045697,3126.0076947008,2023-05-02,a0020,29.9861335538,-123.4548284237
l00452,los angeles,house,967297.9829033704,2961.0009861188,2023-05-21,a0004,29.3480270517,-91.1738395698
l00453,phoenix,house,1412802.0020353573,3999.0081520677,2023-10-12,a0032,35.1251116405,-73.2245235232
l00454,new york,condo,1449131.0004156616,3622.0100970954,2024-02-07,a0034,44.6209926446,-105.1909960245
l00455,chicago,townhouse,956181.01600097,1722.0068933685,2023-06-03,a0025,31.2278212145,-102.9741435463
l00456,los angeles,townhouse,605345.9911458812,2345.9909768034,2023-06-03,a0046,39.1347332259,-109.4594868878
l00457,los angeles,townhouse,220846.0090227997,3880.0006319922,2024-05-10,a0027,39.9965665447,-101.2600456105
l00458,phoenix,house,914572.9891942776,2489.0073085946,2023-05-11,a0014,38.2546927221,-99.7075600696
l00459,chicago,apartment,1043270.9956227172,3538.9848490518,2023-02-17,a0035,32.0581751214,-69.9996926729
l00460,los angeles,apartment,663003.9969554445,3588.9776985671,2023-12-11,a0039,43.3313697927,-116.8742677362
l00461,phoenix,apartment,1932114.0103006985,1095.995089897,2023-04-07,a0049,45.845930262,-96.7214932757
l00462,phoenix,house,1105362.0024595794,2210.9976267911,2024-03-21,a0022,46.4618459866,-78.614073078
l00463,chicago,apartment,544193.0058262682,2056.0013187517,2024-05-07,a0048,35.2071096192,-123.6947933454
l00464,new york,townhouse,608754.0108398353,2174.9986492896,2023-07-23,a0016,31.4529188009,-93.5689885678
l00465,phoenix,condo,1726369.9920842152,2818.004939789,2023-07-14,a0030,40.1978039571,-110.0406814671
l00466,phoenix,condo,746807.9916845835,2641.9900108405,2023-07-04,a0033,28.3364048622,-76.5769786241
l00467,houston,townhouse,306796.0088289098,4345.9984685572,2024-01-25,a0021,48.6254254249,-94.5108122173
l00468,los angeles,condo,756244.9926670527,3890.0001115434,2023-01-24,a0037,29.1379329053,-109.1858176258
l00469,los angeles,house,134015.0078264258,2636.0130282376,2023-10-11,a0038,25.441282171,-71.9642654544
l00470,phoenix,townhouse,719063.0107535163,1748.0066630483,2023-04-11,a0022,27.8268065639,-91.5783345054
l00471,los angeles,townhouse,1294934.975434057,2512.9963229274,2023-09-13,a0036,31.5802927556,-92.8707650688
l00472,chicago,condo,1700882.99187822,4502.0021699705,2024-05-09,a0047,40.6394736789,-76.8637199204
l00473,houston,townhouse,452810.9907585254,3384.9918153658,2023-03-28,a0009,29.9796248447,-124.3775945588
l00474,phoenix,townhouse,485975.9914885492,4941.0008354697,2023-11-25,a0004,28.2757589291,-72.7930169718
l00475,phoenix,apartment,1859654.0156512384,1107.9954960391,2024-04-28,a0043,45.9677414039,-90.3485925073
l00476,new york,apartment,964849.0024560312,1625.9809894297,2024-03-07,a0041,39.420253045,-86.4332990564
l00477,los angeles,apartment,1583042.0034711054,1736.995666899,2023-01-05,a0014,29.2103553594,-71.9593954655
l00478,phoenix,townhouse,882658.0092800725,994.9965399159,2023-11-13,a0041,35.0403442155,-102.7619808878
l00479,phoenix,townhouse,1482618.9956306035,4496.0081643354,2023-01-09,a0001,37.4738011107,-122.2810748945
l00480,phoenix,townhouse,124853.0096955519,637.0062000786,2023-09-29,a0047,28.981460821,-82.1894763863
l00481,chicago,condo,135949.985959398,4614.0103591649,2024-02-21,a0045,26.9884150234,-90.015605663
l00482,houston,house,324428.9937851815,1288.982265514,2023-09-26,a0010,30.8769532164,-102.4249068772
l00483,los angeles,house,1399774.0190191364,4812.0026532814,2023-05-10,a0023,31.9368212274,-104.3805559888
l00484,chicago,townhouse,265715.0085174232,3555.9853321072,2024-05-06,a0026,42.2449811781,-107.769950724
l00485,houston,house,1562209.9907162078,2349.9800492971,2023-06-03,a0044,38.6040691782,-97.3911809346
l00486,new york,apartment,296083.9924756882,3820.0183142921,2023-07-14,a0025,40.9361593162,-70.6649778798
l00487,phoenix,townhouse,217681.0079898797,576.9762275563,2023-12-26,a0011,42.5806233474,-112.5179999808
l00488,new york,townhouse,1872784.9989068443,4054.0108459814,2023-11-27,a0022,25.7605788877,-109.7868847868
l00489,phoenix,apartment,1976512.9956168293,4826.0012139347,2024-04-15,a0003,39.2924581462,-122.0259872224
l00490,los angeles,house,1990106.035454263,4395.008011818,2023-05-19,a0003,36.9092911687,-90.3842442369
l00491,new york,condo,1985992.9993183375,4947.9867314515,2023-10-16,a0043,33.0111506758,-80.2878049514
l00492,new york,house,1883475.0083463772,3075.9989398469,2023-01-09,a0014,27.5738232953,-120.642266841
l00493,phoenix,house,1677591.013405182,3762.0059271328,2024-04-20,a0005,42.4573161014,-96.2620027286
l00494,chicago,house,1282706.0159486877,2468.9976101329,2023-10-18,a0025,41.524003286,-99.7818668445
l00495,phoenix,condo,904982.996954005,1645.9950676597,2024-02-09,a0045,30.9078926332,-77.4908521841
l00496,new york,condo,212609.0138087223,1299.9985885605,2023-08-12,a0015,44.1789132237,-84.7220661428
l00497,new york,condo,1369129.98919763,3749.0064788967,2024-05-11,a0050,31.5520950824,-90.7888731148
l00498,chicago,apartment,1429851.9921959348,2738.9892890589,2024-02-06,a0029,33.6685602237,-119.6984553855
l00499,houston,house,846189.9739189636,3575.0123807847,2023-08-10,a0012,47.0208433238,-117.0605773236
l00500,phoenix,townhouse,279713.0096036561,2918.9914705381,2024-02-13,a0016,47.8036722466,-99.1275484006
l00501,new york,apartment,661978.0073710667,1762.9909013199,2023-07-14,a0046,29.4458641537,-93.5571460339
l00502,los angeles,townhouse,764121.9814367723,3453.9928926017,2023-02-24,a0006,45.94457887,-82.5265638134
l00503,new york,condo,1032678.006661832,3448.018188199,2024-01-25,a0018,44.3622314917,-86.7838139835
l00504,new york,house,283074.992323041,2035.0220388551,2023-08-09,a0029,41.6092354035,-75.7409145391
l00505,phoenix,townhouse,316619.9952580128,714.9908162526,2023-02-15,a0023,30.9806535408,-96.6018752564
l00506,phoenix,apartment,1351841.0042923284,3157.0001039521,2024-03-18,a0025,30.3127588588,-67.7132075075
l00507,new york,condo,967821.9866316456,3676.0219733538,2024-02-03,a0006,47.6485733547,-122.7187308917
l00508,phoenix,house,1299487.0011675404,4767.9904347902,2023-03-28,a0044,41.9227491809,-71.3426095906
l00509,houston,house,391168.0007837911,2701.9971487355,2023-06-04,a0018,29.3373103915,-92.0630926471
l00510,houston,house,232680.0023745133,1868.9985855916,2023-08-11,a0018,46.9734889903,-123.0276196042
l00511,houston,condo,1115505.9951351006,1130.0104026168,2023-07-04,a0017,41.7347590759,-107.7404191856
l00512,los angeles,townhouse,1345302.0059966196,2101.0101565145,2023-08-23,a0007,47.1717293351,-68.6839355401
l00513,los angeles,condo,114191.9817279991,3740.9947689375,2023-06-20,a0040,47.6579846683,-97.5025334495
l00514,houston,condo,1023213.9932274222,3241.9911422358,2023-08-09,a0042,45.6973827625,-76.0283736126
l00515,phoenix,house,730058.0007548068,3126.0003616559,2023-11-05,a0045,32.6647390694,-76.9407753811
l00516,los angeles,townhouse,758890.0116913399,1955.0082053819,2024-05-08,a0026,25.8864099916,-90.4099199838
l00517,chicago,condo,1641143.0054071588,4521.9884225042,2024-05-10,a0037,30.5373862856,-118.0093423219
l00518,los angeles,condo,888644.9681477067,2796.022056282,2024-02-23,a0026,26.854698034,-84.6276762056
l00519,chicago,apartment,1282480.0145633838,2135.9967623609,2023-10-31,a0035,33.1663203047,-82.9885392523
l00520,los angeles,apartment,1625076.0274193068,4281.0217591714,2024-04-27,a0046,26.5682849047,-106.7272141916
l00521,los angeles,townhouse,1772867.0014215815,2886.0005989848,2024-03-01,a0045,37.9556101992,-79.1343010491
l00522,new york,townhouse,1511335.9917900586,4589.9958757944,2023-03-13,a0041,32.6413813793,-88.6815471713
l00523,chicago,house,629910.9983537059,1762.0090781096,2024-01-02,a0028,46.2526907611,-89.2644085809
l00524,houston,apartment,1041761.0140719163,4425.0037070739,2023-10-26,a0026,30.580718675,-123.5771687485
l00525,phoenix,townhouse,1240106.006722955,800.9939063861,2024-02-09,a0024,45.8735370081,-123.7616891024
l00526,phoenix,apartment,329364.000950506,2533.0046407326,2023-12-03,a0043,45.9930463542,-94.3227833817
l00527,chicago,house,1456857.0027980278,861.9999254911,2023-10-16,a0042,47.5308264688,-78.6516033351
l00528,houston,condo,1769816.9959755305,4025.9916428118,2023-02-24,a0001,48.9427859866,-104.669840685
l00529,new york,condo,565570.0141036307,4683.0185425044,2024-01-18,a0034,43.4049975663,-101.6736025828
l00530,phoenix,house,1034864.9936042615,3564.0209085465,2023-07-20,a0030,36.5223597409,-88.5999529089
l00531,phoenix,house,823448.9950881408,701.0135497101,2023-09-05,a0007,45.9731961967,-67.9222488884
l00532,chicago,townhouse,280049.9846784325,1449.9962091371,2024-03-01,a0047,43.456922099,-100.766494139
l00533,los angeles,condo,754081.0069789913,3310.007911965,2023-08-22,a0014,35.1199418765,-82.2310589572
l00534,phoenix,townhouse,830438.0044181257,4400.0025878701,2023-02-19,a0029,30.7258519505,-118.6063178081
l00535,houston,condo,240874.0056437347,2959.0050246773,2023-01-23,a0046,33.5130290557,-108.3300043378
l00536,new york,apartment,1880858.998941757,3309.9849487975,2023-11-28,a0007,32.1015603354,-111.4345151056
l00537,los angeles,house,1182117.007646629,1929.0058994786,2023-10-10,a0011,26.0194687948,-123.9575704179
l00538,chicago,townhouse,1068997.012466545,2398.9973554065,2024-02-13,a0026,48.6997100977,-100.193190889
l00539,los angeles,house,1443181.000963477,4040.0038975083,2023-07-22,a0002,34.2105753661,-85.5817473451
l00540,phoenix,house,1042826.9811123648,4017.9982258901,2023-07-19,a0001,30.2213784085,-69.8901715188
l00541,los angeles,house,683731.0037789937,1011.9798092916,2023-10-23,a0007,43.8598465862,-119.8134753364
l00542,phoenix,house,867122.9898221646,3169.9977880537,2023-04-11,a0030,35.012630196,-74.0113994585
l00543,new york,condo,1506561.99138084,4509.0034116393,2023-09-28,a0041,47.6822891956,-97.882366975
l00544,chicago,townhouse,1382006.001518649,3714.9926276246,2023-10-28,a0008,39.7136457769,-115.3049206468
l00545,chicago,condo,1873179.007736996,4249.9948252286,2023-11-13,a0012,48.8033275595,-111.5485768796
l00546,chicago,apartment,1509516.9856217003,1597.0077543892,2023-06-10,a0008,47.6255295568,-87.3191387926
l00547,los angeles,condo,345259.0111796087,1998.9924728046,2023-07-11,a0045,39.5757801335,-95.2715144853
l00548,los angeles,townhouse,977109.9941921764,1628.9906340981,2023-10-22,a0025,30.5332922227,-114.7603441796
l00549,houston,house,1120620.9972718137,4902.0083753908,2023-12-22,a0042,30.2891541816,-114.1801840343
l00550,los angeles,house,1126852.9907115626,2866.022634094,2023-03-13,a0012,43.7136467406,-104.6995104646
l00551,chicago,townhouse,1398995.9915024594,939.0245382814,2024-03-19,a0023,26.3899583146,-68.8011331354
l00552,new york,townhouse,386334.0047024422,2097.9973022026,2024-02-22,a0025,46.1977553918,-71.193116633
l00553,phoenix,townhouse,958015.9858466192,4527.9967993763,2023-08-01,a0046,48.8872403831,-114.9129205118
l00554,houston,townhouse,450754.9906699391,1176.9869412299,2023-10-17,a0002,34.5164418516,-81.0024142762
l00555,los angeles,condo,168565.9946572851,2751.0183469317,2023-04-26,a0035,41.7017747435,-116.0709696309
l00556,chicago,house,1737330.0042683987,4246.0048575882,2023-10-17,a0048,44.5843954314,-111.9820807375
l00557,houston,apartment,1301068.0154495698,1434.9955050229,2023-05-18,a0050,30.3776067146,-93.8561536978
l00558,phoenix,condo,1236747.0106649618,839.9824405636,2024-01-25,a0047,39.2076651292,-91.3525305702
l00559,houston,house,991613.9822901177,1337.9915990294,2024-01-12,a0042,27.1877456184,-74.1126815833
l00560,los angeles,condo,1934609.0156340369,763.990091859,2023-08-19,a0017,31.3579048155,-117.5008274153
l00561,chicago,apartment,1020796.0003755676,1461.0005396741,2024-02-02,a0016,46.325463936,-69.5657916342
l00562,los angeles,condo,1905749.0114370144,4007.0057098781,2023-03-26,a0040,45.7097992431,-78.0637715626
l00563,los angeles,house,1806094.9851370088,2195.0073399216,2024-02-17,a0004,40.72914149,-93.0579702664
l00564,phoenix,condo,1216272.9937815266,2802.0116098484,2023-11-02,a0035,27.096060419,-101.3002052646
l00565,los angeles,condo,1576507.0312498503,2896.9715860588,2023-05-29,a0037,33.9572699771,-109.9329465044
l00566,chicago,apartment,384350.0045850711,3870.9897522485,2024-04-15,a0004,42.3607215721,-96.2367810689
l00567,chicago,house,1570998.0005616797,1586.9880712975,2023-05-08,a0010,26.9416144206,-112.2208152321
l00568,chicago,house,1696925.0082546596,3716.9865246913,2023-09-08,a0010,41.4023952307,-120.6046757761
l00569,phoenix,condo,1416617.995378814,3893.0051625499,2023-07-12,a0029,45.4391678882,-96.2831534533
l00570,new york,apartment,944838.9801083874,4722.9899129243,2024-01-19,a0018,36.5122533574,-90.6368641913
l00571,chicago,townhouse,1123503.0052280088,3180.9867808102,2023-10-25,a0001,44.7891802487,-104.8439214473
l00572,new york,townhouse,1431357.007580039,3433.9883147533,2024-03-11,a0005,41.2732551043,-92.1762384828
l00573,phoenix,townhouse,556822.0050759884,4019.0052871182,2024-02-27,a0014,31.4064635386,-74.0593016196
l00574,houston,condo,777097.0059779895,2823.015573793,2023-06-22,a0036,44.131638116,-86.8065008007
l00575,phoenix,house,1287285.997837989,4475.0217529895,2024-02-08,a0022,45.440736203,-74.6926106824
l00576,new york,apartment,308823.0148793371,4263.9989058457,2023-01-09,a0008,42.0020062807,-76.4648740554
l00577,los angeles,townhouse,1057387.0109754722,505.0120174845,2024-05-05,a0028,41.7487574595,-85.5410634604
l00578,los angeles,house,1949996.9886835632,2971.9782779789,2023-03-23,a0018,39.8495947826,-81.3585085627
l00579,new york,condo,625103.9872348726,1174.997431952,2023-07-10,a0043,28.8112292874,-73.900071356
l00580,los angeles,apartment,931188.009184415,3001.989883806,2024-01-07,a0045,45.9238091752,-123.2997509701
l00581,los angeles,townhouse,1474652.0017469132,1247.003777715,2023-12-27,a0007,44.8190717242,-117.5119691065
l00582,new york,house,1099935.990417477,1138.0063802567,2023-03-09,a0038,33.0429541921,-81.8744814888
l00583,los angeles,townhouse,119475.9934101817,565.9987246234,2023-12-23,a0022,28.8523228559,-77.5401583132
l00584,new york,townhouse,1555487.992133151,1582.0001790921,2023-09-02,a0005,44.9626174765,-95.5650815513
l00585,los angeles,townhouse,287340.0100988304,1339.004734638,2023-02-22,a0021,25.1730728263,-108.3488352099
l00586,chicago,condo,387580.0062979937,3634.9843460868,2024-02-01,a0049,39.8073611626,-68.0965884736
l00587,los angeles,house,243468.9971577252,4845.0154280961,2023-10-16,a0001,40.1589424775,-109.9431807443
l00588,phoenix,house,1022955.0006322248,3376.0013694479,2024-01-05,a0014,40.224600835,-93.6623853273
l00589,los angeles,townhouse,1392005.0196638417,4123.9873890747,2024-03-16,a0014,43.7220974811,-118.7892676189
l00590,new york,apartment,393628.0045014813,1508.0171707641,2023-10-29,a0047,43.2540879382,-93.6067686969
l00591,houston,condo,1000492.995205272,3075.9959881462,2024-02-10,a0009,48.1078244685,-105.1590383881
l00592,los angeles,condo,1451867.0049577805,1190.0232547434,2023-05-08,a0036,40.1906621008,-70.9476346953
l00593,phoenix,condo,1733616.995466705,718.9938136226,2024-03-10,a0043,27.4387208007,-70.6366670412
l00594,chicago,house,1185798.0056367945,4673.9910744995,2023-04-07,a0048,41.5098459297,-121.0598111551
l00595,houston,condo,1455115.992286993,947.0042143562,2024-02-06,a0016,32.225593465,-83.9387758983
l00596,houston,townhouse,336440.0140123381,2473.9889288236,2023-09-13,a0041,26.6023453267,-91.2205976622
l00597,phoenix,apartment,1207897.0124331815,598.0030352138,2023-07-04,a0021,33.2901690373,-88.9805823333
l00598,los angeles,townhouse,1905256.9693868824,3947.0036013918,2023-07-07,a0035,26.1071476259,-74.4372855697
l00599,los angeles,townhouse,1715576.012179757,1096.9859940841,2023-01-09,a0038,48.3671987652,-68.8099151114
l00600,new york,apartment,649842.0102234255,2267.0044652545,2023-01-21,a0004,43.001680335,-117.4559681015
l00601,houston,condo,1418207.9945497324,4603.9688370608,2024-01-28,a0027,43.2011869718,-123.5824944799
l00602,houston,townhouse,272863.0040397594,4894.9891499997,2023-10-03,a0040,25.5269759004,-106.226308039
l00603,los angeles,condo,275314.999802265,3038.0008504371,2023-02-10,a0033,36.7448629754,-80.3311972735
l00604,los angeles,house,1224890.9969927156,3175.989818085,2023-07-20,a0038,41.4076958807,-99.1263099997
l00605,new york,condo,1565228.9917073213,4082.9925202746,2024-01-09,a0016,31.5832924529,-67.1639952332
l00606,new york,house,280800.9949295853,4059.0142593279,2023-03-01,a0030,35.2149322023,-98.8138465865
l00607,phoenix,apartment,748627.9843229307,1937.990284231,2023-03-03,a0001,28.9429902591,-78.89541623
l00608,los angeles,apartment,443581.0207671815,4566.0161817025,2024-05-02,a0023,41.6387935807,-112.1971110677
l00609,phoenix,condo,450146.0164149368,3545.9987366727,2023-03-06,a0048,26.9753567738,-85.5312586451
l00610,chicago,apartment,1717805.9953503483,739.9812457866,2023-06-21,a0028,40.7236514964,-109.149060762
l00611,chicago,apartment,651445.0041495733,1131.0036201954,2023-09-12,a0030,47.8207724123,-116.2302255779
l00612,phoenix,condo,216264.009329608,4592.0105905232,2024-03-15,a0037,35.3691287796,-70.28333906
l00613,los angeles,condo,429901.9862659557,2588.9819909796,2024-01-31,a0007,35.087715521,-87.9705892759
l00614,phoenix,apartment,578998.0105168838,4667.9862179294,2023-01-02,a0003,34.5328523237,-109.1170749465
l00615,new york,house,196429.9947946444,4363.9884414938,2023-07-06,a0025,48.6093668856,-101.2680463766
l00616,los angeles,house,1898276.0020048085,788.9931722627,2023-10-11,a0046,46.4667285858,-111.6550098511
l00617,houston,house,774866.9873627312,2532.9977624989,2023-08-02,a0047,30.1034067677,-123.1913319543
l00618,chicago,condo,1832240.9919780395,1137.9916661334,2023-10-20,a0024,40.6477410254,-103.6318066122
l00619,new york,apartment,476112.0018806028,2327.9971945017,2024-02-16,a0034,45.7357210873,-97.5426454421
l00620,new york,townhouse,244548.9963711199,4309.9889848642,2024-03-19,a0019,48.2564643905,-114.2412714231
l00621,chicago,condo,281163.0055876582,4240.9912759019,2023-01-05,a0024,45.8399673859,-79.9579585054
l00622,los angeles,condo,1282387.9946626227,2989.0141394418,2024-01-14,a0040,43.5017299699,-76.0311882952
l00623,los angeles,townhouse,872325.006665988,4540.9868932896,2024-01-31,a0050,43.2889209448,-88.6797993431
l00624,los angeles,house,415759.983560801,552.0047943489,2024-04-22,a0027,28.140909909,-123.1135820227
l00625,new york,house,1235702.0230363084,3336.9994602397,2023-11-22,a0045,47.1071754886,-89.2227857084
l00626,new york,condo,103066.0038275418,3581.9983939706,2024-03-10,a0048,44.1023582539,-97.0630169364
l00627,chicago,apartment,530323.0081526506,4839.9955686309,2023-05-02,a0027,27.8220123573,-117.7475503495
l00628,houston,apartment,398577.9962970808,2792.0125089613,2023-02-17,a0003,41.4513699193,-100.059015965
l00629,los angeles,townhouse,1569782.0063264575,3550.9879573418,2023-08-23,a0048,29.824988683,-96.5065156715
l00630,new york,apartment,1159957.993802636,1592.9993774064,2023-11-23,a0026,26.5453613714,-91.2574940473
l00631,new york,apartment,1012225.0103610276,1569.9994343124,2023-05-02,a0019,31.4489576466,-78.7321536426
l00632,chicago,condo,1779433.9880205586,3718.9935035833,2023-12-25,a0048,32.4555425323,-98.5942129944
l00633,chicago,condo,1049501.9940615357,2726.9972364142,2023-04-30,a0005,25.2944222082,-120.8015046965
l00634,los angeles,house,1735646.0096378648,1392.0051214967,2023-03-21,a0007,34.4063326315,-97.1791177389
l00635,los angeles,townhouse,1077387.990370361,3072.0039492235,2023-07-28,a0008,39.4056502527,-108.0886879454
l00636,phoenix,condo,1715513.0030392036,2200.0086269749,2023-08-20,a0020,41.6722735145,-75.1177097299
l00637,houston,condo,1887784.0062452964,1482.0088941012,2023-02-16,a0011,43.7176593581,-122.7104224657
l00638,chicago,apartment,550930.9992922522,3185.0091509919,2023-03-17,a0006,36.5274617248,-118.9117687042
l00639,los angeles,condo,930983.9824417518,4706.0022995722,2023-01-26,a0044,30.8003866772,-67.7602620153
l00640,chicago,condo,1819852.0081636629,1923.9878458278,2023-01-16,a0026,28.4199022535,-96.0493651936
l00641,houston,house,298652.9970496945,4284.987626384,2023-02-22,a0009,39.833797587,-84.2399305033
l00642,new york,apartment,229328.9996996909,2320.0011493645,2023-03-08,a0013,38.4395935675,-124.4508820855
l00643,houston,condo,1539243.9950626686,1188.0097435795,2023-10-26,a0038,32.840376478,-94.9579546809
l00644,chicago,apartment,145718.0033123067,1027.997625199,2023-04-12,a0042,27.1163448909,-104.6653572501
l00645,houston,house,292892.9857127949,3215.979482549,2023-03-04,a0003,25.7962359058,-120.4726080498
l00646,houston,apartment,452297.980284013,4047.992000997,2024-02-25,a0047,34.5217000977,-117.299040101
l00647,houston,townhouse,161827.9913779932,3634.9816765875,2023-12-16,a0028,38.6180152827,-85.0136800135
l00648,los angeles,condo,550292.0037333979,2032.9756369292,2023-05-21,a0018,44.2311726193,-113.3828091908
l00649,houston,house,172664.991638444,2513.0024312957,2023-11-28,a0019,29.0131357024,-118.9324355898
l00650,houston,townhouse,1951319.9965708577,4424.0077935264,2023-02-01,a0006,40.280577733,-84.0146157432
l00651,chicago,townhouse,387804.0074140682,3934.0230522657,2023-04-13,a0042,25.7434812,-70.7383975374
l00652,phoenix,house,1422786.98513754,4953.0040155893,2024-02-11,a0002,26.2488804963,-93.6213695535
l00653,houston,condo,1105970.9850270385,4960.0085037453,2024-02-05,a0032,42.0071304072,-74.4849462035
l00654,chicago,condo,914493.9754084168,2714.9914948552,2023-04-03,a0002,42.1248629488,-78.4975129307
l00655,chicago,house,161452.9987506266,2800.9910234253,2023-01-30,a0031,33.1462918115,-77.7460889213
l00656,phoenix,condo,1708184.0037858554,2405.9827066963,2024-05-13,a0011,26.9196337514,-73.074554148
l00657,new york,house,1477543.9991313205,2475.0082676813,2023-05-17,a0035,38.1387646857,-77.6158626407
l00658,new york,house,1307313.0132641937,3681.0090574671,2023-07-01,a0012,35.8589300357,-87.6651378113
l00659,los angeles,house,1342602.989275789,3104.9913327362,2024-02-17,a0048,37.627451816,-82.5578345245
l00660,chicago,apartment,1575247.0056652916,3380.0098412122,2024-04-30,a0037,26.9498266466,-121.498761168
l00661,phoenix,house,1280923.9982887306,2042.0026613902,2024-03-04,a0032,30.9142244638,-115.7275361036
l00662,phoenix,condo,468169.0029595853,4517.0148379469,2023-01-20,a0006,45.934531951,-112.2855449446
l00663,new york,house,1361778.000289163,2292.0023887966,2023-01-11,a0034,48.4110051186,-105.455624639
l00664,houston,apartment,795696.0074742272,2149.9909955287,2024-02-17,a0009,29.3648348098,-79.1945709956
l00665,chicago,house,1782806.0124818983,3150.0064939326,2023-01-31,a0002,40.7972979617,-96.1096167699
l00666,los angeles,house,1723963.9875576168,1407.9957330285,2024-03-09,a0034,38.3191788079,-83.2895822537
l00667,chicago,apartment,883476.0093930856,3740.0144186807,2023-10-28,a0007,30.4794147514,-67.2270299266
l00668,chicago,condo,776547.0090988147,1616.994877713,2024-05-14,a0011,48.4151266713,-87.274305358
l00669,houston,townhouse,1461428.9915623828,3098.998847056,2023-03-31,a0046,29.7855597916,-85.5364931101
l00670,phoenix,condo,568161.9919327648,1936.0092190769,2023-07-13,a0020,26.7396202277,-123.2385821523
l00671,chicago,house,472681.0136914465,514.0160405292,2024-04-30,a0045,31.1875599685,-98.1631928998
l00672,phoenix,townhouse,1884165.9831453587,765.0125127647,2023-04-04,a0039,45.8506223775,-82.8325847222
l00673,chicago,house,1441435.989199273,1352.0138358219,2024-04-24,a0032,42.8389867336,-100.3212544853
l00674,los angeles,condo,1663097.999859106,1137.0072590031,2023-05-02,a0023,33.2994955569,-103.493455799
l00675,chicago,house,1434180.0036567228,1226.0104985869,2024-02-25,a0046,48.7118833049,-122.6558130084
l00676,chicago,townhouse,123897.9985357671,2672.0136900109,2023-04-18,a0016,45.8184478923,-91.4333290756
l00677,new york,condo,638250.0058706758,1385.0029229452,2024-01-04,a0001,35.5311002236,-82.9482621162
l00678,new york,townhouse,1019014.0106145658,3937.0061065392,2024-05-11,a0011,36.6728301829,-74.3386683
l00679,houston,townhouse,1949207.0069186487,3602.0029294497,2023-06-29,a0035,46.6164464839,-100.547591037
l00680,houston,apartment,1838133.989335384,4427.0174492532,2024-02-08,a0037,31.6365897156,-90.6331589093
l00681,los angeles,house,1046418.0003092872,1102.9840780051,2024-02-14,a0003,46.9065522228,-112.7802078843
l00682,chicago,apartment,768397.000849466,2638.9771350134,2024-05-02,a0007,39.9635884259,-88.3651220634
l00683,new york,condo,456736.0031308882,3574.995995127,2023-03-24,a0047,42.6080469651,-117.3839333589
l00684,new york,apartment,808733.0002479947,4454.0218222777,2023-12-27,a0002,42.1773897953,-72.2814416821
l00685,houston,house,1373637.0008014876,4055.9967298533,2023-03-22,a0004,29.3219400032,-111.2256778303
l00686,new york,condo,531069.9886242837,2056.0164064733,2023-07-29,a0045,48.3230654756,-114.5146516017
l00687,phoenix,condo,1485373.9880846855,2806.0093892981,2023-06-02,a0016,45.5050949567,-96.4450165995
l00688,new york,apartment,923974.9970629858,4521.0021187479,2023-03-20,a0004,30.9410259318,-74.5002562605
l00689,chicago,apartment,996754.0049820438,1216.9910100265,2023-05-31,a0043,35.6958953568,-95.145067163
l00690,phoenix,townhouse,518747.997576,1294.0238315456,2023-01-14,a0014,33.6229893287,-90.6186184996
l00691,los angeles,condo,271832.0089773553,4378.9977711322,2024-03-08,a0008,28.9086530569,-102.3003954189
l00692,chicago,townhouse,1087642.0033019234,4505.9960580554,2024-04-03,a0043,48.2541217095,-110.0172973702
l00693,chicago,apartment,1446090.9930474292,4956.989530177,2023-07-18,a0012,40.7437456828,-106.131272008
l00694,chicago,townhouse,874691.0077267082,2027.9981799419,2023-08-17,a0003,43.5655848106,-117.4168381322
l00695,chicago,townhouse,1075297.015555766,2657.0107485466,2023-04-26,a0018,48.268950431,-98.6769590173
l00696,phoenix,apartment,416942.9973780626,1292.0199825526,2023-02-13,a0043,30.6497199836,-120.7153940251
l00697,chicago,townhouse,1686405.004739343,2362.9988896406,2023-10-11,a0004,29.0747946286,-94.8521519873
l00698,houston,townhouse,1223054.992839747,4388.9979296124,2023-10-21,a0016,33.1073695744,-76.9208017989
l00699,houston,condo,265580.0143298664,3734.0132420114,2024-04-07,a0046,35.3612656217,-110.5926559427
l00700,new york,house,352249.0074895712,4178.0144658505,2023-03-30,a0011,39.8090618848,-84.0223409748
l00701,los angeles,house,364631.0184494318,848.9983466078,2023-08-05,a0006,29.0135188506,-115.284613506
l00702,houston,house,1825040.985640488,1711.003259816,2024-03-03,a0039,25.9076202566,-82.3109022977
l00703,chicago,condo,1624845.0165444445,1048.0067582079,2023-02-14,a0025,40.9342469627,-97.4417427577
l00704,phoenix,townhouse,1257741.0106303398,3170.9899094135,2024-03-14,a0018,45.2639178003,-78.2734548169
l00705,phoenix,townhouse,1931790.985964931,601.0033153014,2024-02-07,a0045,39.0494899752,-74.647374521
l00706,phoenix,townhouse,335969.0074995843,3894.994785932,2023-03-18,a0010,29.939305761,-118.5106395572
l00707,phoenix,apartment,321532.005905099,1327.0102600658,2024-02-07,a0019,31.4783419871,-121.6839637546
l00708,phoenix,condo,1941075.9907859548,3866.0010504376,2023-05-16,a0025,37.7582880237,-70.6738197498
l00709,houston,townhouse,178570.9862549553,1909.9887977461,2023-05-22,a0026,25.9399828698,-117.9058881439
l00710,los angeles,townhouse,181332.0057687589,3741.9869748458,2024-03-31,a0022,35.8430522221,-70.824153887
l00711,los angeles,apartment,1663949.9967039274,4392.0074462495,2024-04-16,a0018,32.5880682988,-95.5763619218
l00712,chicago,apartment,808556.0036172962,2981.9966714735,2023-06-09,a0018,25.9962022864,-116.4083348943
l00713,houston,apartment,1922214.999721618,2366.9997794586,2023-03-10,a0020,48.6762536577,-69.0169078231
l00714,houston,condo,665013.9876266961,3914.0057550511,2023-11-06,a0042,25.11438214,-69.7916460638
l00715,new york,house,1026345.9939238696,2230.9972373546,2024-04-12,a0027,40.338550513,-74.6645590226
l00716,houston,condo,1821797.9899658265,960.0049635368,2023-09-21,a0011,35.9259472554,-95.1076025532
l00717,new york,condo,1588074.0058507295,4651.0177385533,2023-07-26,a0009,36.7324515126,-86.3298641317
l00718,phoenix,apartment,464353.0083095263,2079.00831506,2024-03-24,a0013,28.3491825547,-123.2631749237
l00719,new york,house,169355.0079636365,4238.9868073347,2023-01-26,a0024,32.3875663661,-84.1305358792
l00720,los angeles,condo,872488.9982407371,4302.0014843325,2023-09-16,a0026,29.8348574281,-85.9423466743
l00721,new york,apartment,607379.9926356566,3550.9935047007,2023-09-08,a0039,48.2669978739,-119.5456496717
l00722,houston,house,1925529.9920087135,4386.9953185227,2023-10-28,a0036,41.1489633291,-99.28085747
l00723,chicago,condo,442912.0099962896,2617.9935710038,2024-01-19,a0045,45.8644306585,-114.7030842902
l00724,new york,condo,157567.0166162678,3666.0016188908,2023-01-26,a0011,41.6292268956,-76.4058897956
l00725,phoenix,house,1897491.9987186985,2312.9990400612,2023-11-28,a0015,47.6797885217,-85.3753556329
l00726,los angeles,condo,1466476.9976820736,3853.9992258124,2023-09-20,a0002,36.919625046,-89.1800791896
l00727,new york,townhouse,377482.0039120696,1917.9841244231,2023-11-04,a0001,45.8541777998,-91.9052328809
l00728,los angeles,condo,1375789.0127753213,3001.9976788854,2023-12-31,a0046,25.745347069,-70.9963691526
l00729,chicago,townhouse,1977962.9853973167,3584.0076811774,2024-03-12,a0023,41.5448725758,-85.7515101993
l00730,houston,condo,557617.0153216562,4322.9978039873,2023-06-04,a0044,30.167157939,-86.7720194851
l00731,phoenix,townhouse,1325757.999363775,1337.9926530528,2023-01-04,a0033,34.4466996333,-87.2242933021
l00732,chicago,condo,725948.9925332989,1384.9864635306,2023-09-04,a0005,27.5620443986,-86.8327759071
l00733,chicago,condo,1443424.005035856,3162.9875540188,2024-03-17,a0018,48.9763902982,-122.1965810915
l00734,chicago,condo,495018.9984112955,1727.9931597522,2023-09-22,a0049,48.4472510933,-101.396625493
l00735,los angeles,apartment,1789107.9929872078,3810.0079002685,2023-12-05,a0021,45.9027152197,-79.6405077203
l00736,los angeles,apartment,1474474.023354293,4574.0002912126,2023-06-01,a0017,38.5955637723,-82.1694366576
l00737,houston,townhouse,914270.9986604924,789.0034042686,2023-10-26,a0046,46.0909679553,-101.5525443816
l00738,phoenix,house,819672.9968279736,2321.0068557219,2023-12-18,a0035,32.8523141344,-86.2516879075
l00739,houston,condo,1163916.0046791516,2959.0058863188,2024-03-08,a0011,44.3745723365,-80.7718401774
l00740,phoenix,house,716109.00071128,1298.9950491335,2023-08-30,a0009,44.1467869471,-99.7437763348
l00741,chicago,house,1525459.9946775462,3249.0104324408,2023-12-02,a0006,44.6454870408,-118.0408216348
l00742,los angeles,condo,568352.0032569745,3015.0046692225,2023-08-04,a0022,38.0623795714,-124.6569920918
l00743,chicago,condo,1328029.9947588542,2907.9993157931,2023-08-26,a0008,32.8068987804,-103.7547670854
l00744,houston,apartment,1916958.00947882,1083.0069595445,2023-08-30,a0013,34.5005276413,-84.6676549148
l00745,phoenix,apartment,1919274.011755092,3626.0045148391,2023-09-29,a0020,34.3408988221,-98.9831559814
l00746,houston,apartment,1926303.006537526,1734.9933075319,2023-03-12,a0013,30.7178638756,-103.3448416071
l00747,chicago,townhouse,1294125.0123783876,4248.0004896231,2023-03-15,a0021,30.4629545228,-120.7470428487
l00748,los angeles,apartment,1122531.0026086045,3224.0022196839,2023-11-20,a0012,39.4784058299,-86.2436502297
l00749,chicago,apartment,109884.0105851984,4203.0061142628,2023-05-21,a0014,39.8702268395,-98.1109089519
l00750,los angeles,house,1126717.0146382705,1221.0026660676,2023-03-08,a0040,34.0978563107,-74.9320363429
l00751,houston,townhouse,945977.0019851872,4014.0006101929,2024-05-09,a0031,37.4749645801,-97.1822205708
l00752,houston,apartment,179115.005528099,4872.0060617126,2023-04-13,a0047,25.621035686,-105.2145111583
l00753,chicago,apartment,1970672.003957216,3139.0085524156,2024-01-23,a0034,34.1180654237,-101.8801479063
l00754,los angeles,apartment,1519242.996685856,532.9928287384,2023-11-17,a0047,38.9366295811,-94.0355656803
l00755,los angeles,house,1554425.9969995802,3319.9960634942,2023-06-09,a0009,39.5919386629,-80.6374101572
l00756,new york,townhouse,1155572.991335123,3006.986037577,2023-03-27,a0005,44.5145665383,-83.3415239254
l00757,new york,condo,709910.0090815873,4234.0132319985,2024-01-08,a0034,47.9351032103,-123.9319766142
l00758,phoenix,condo,1009460.9938222184,1596.0016233574,2023-06-25,a0032,29.7040874907,-124.5754161109
l00759,chicago,house,445784.9959654475,3804.0075966658,2023-01-10,a0015,40.5295920548,-72.9260173683
l00760,los angeles,house,542898.0073647515,679.0123718861,2023-10-29,a0033,30.8347601054,-71.2335779543
l00761,los angeles,apartment,868797.0064274963,805.996874207,2023-07-12,a0041,26.4418470775,-70.8010182054
l00762,chicago,apartment,1345548.9965604758,891.9901935463,2023-12-05,a0007,33.4428467679,-119.10598858
l00763,new york,apartment,1546509.9873139537,1448.0074883164,2023-08-02,a0029,36.6671392687,-110.0992416754
l00764,houston,apartment,1247733.987838448,2570.0012652705,2023-08-31,a0045,31.8267135284,-107.1562599715
l00765,los angeles,house,1557923.008318192,575.9884190041,2023-06-04,a0027,44.271972336,-93.7215034258
l00766,new york,condo,1406100.9908197855,1623.000075461,2023-08-03,a0007,32.4747739371,-89.6079232926
l00767,phoenix,apartment,692879.0078595893,1433.0064248281,2024-02-06,a0007,42.1854887134,-109.2049491961
l00768,houston,house,1377169.0021670014,2136.008629777,2024-02-03,a0017,34.9237022032,-117.9243997521
l00769,phoenix,house,850616.0092422318,3856.0023974773,2023-06-01,a0011,29.3310382157,-85.4851900401
l00770,new york,townhouse,535564.9924871171,4436.9930428472,2023-06-19,a0016,29.3589057283,-94.5443479169
l00771,new york,apartment,1508515.997821428,1229.0041878552,2024-04-09,a0008,42.0179612342,-118.8026196289
l00772,phoenix,townhouse,412778.0141461327,1236.9987321641,2024-02-04,a0033,38.6221021009,-110.1256412061
l00773,new york,apartment,1997459.0077469803,2595.9943944417,2023-11-26,a0015,48.1073629546,-96.9542019893
l00774,houston,condo,653909.9980841337,4302.9988724449,2023-01-26,a0007,44.3692166207,-93.1024255855
l00775,los angeles,apartment,1887294.9972404076,2879.9894470951,2023-07-04,a0044,26.030078368,-88.2663402191
l00776,chicago,townhouse,1648831.001769839,1448.995312883,2023-02-18,a0049,47.8323592769,-90.1158908135
l00777,new york,apartment,1886770.0023156344,1633.0096764892,2023-12-06,a0042,44.6667038353,-73.7277838056
l00778,los angeles,condo,849788.9879600345,4084.997921025,2024-05-04,a0040,30.4836222467,-112.7096997994
l00779,chicago,apartment,881445.0210594954,3307.0018437443,2023-04-04,a0008,39.6579232974,-101.1695006716
l00780,houston,townhouse,1057430.9782529585,2725.9972955247,2024-03-03,a0025,45.1564169812,-72.7916382625
l00781,houston,townhouse,1460728.9879184626,1866.021892053,2023-02-27,a0009,33.4752141289,-111.2660943152
l00782,new york,house,317501.9935242794,3908.0040274568,2024-04-11,a0038,43.7193418649,-109.0844945215
l00783,houston,townhouse,480130.0119105218,3609.9811667923,2024-02-03,a0023,44.7577588399,-100.4179708584
l00784,phoenix,apartment,1908952.007791824,1569.9943315624,2023-09-05,a0032,41.02496988,-119.4498565322
l00785,new york,townhouse,1024188.993989528,876.0011913883,2023-02-02,a0017,39.9779683828,-98.7856018701
l00786,chicago,apartment,1577586.006588603,4798.9967868134,2024-01-28,a0048,39.1004507935,-115.2486010833
l00787,phoenix,house,1504764.9879690453,3270.998860464,2023-09-23,a0034,42.6834413397,-74.9544424605
l00788,phoenix,apartment,1007746.999166748,2536.0194933226,2023-09-04,a0023,30.1943673202,-119.4633394939
l00789,houston,house,1859578.996841444,947.0019196901,2023-01-06,a0042,25.5702790014,-87.7711107907
l00790,los angeles,townhouse,1886503.0032861629,4561.0234328265,2024-03-21,a0011,39.5632781054,-93.2880495513
l00791,new york,townhouse,772416.9963925694,2473.013043004,2023-06-19,a0018,30.5663845729,-102.310791426
l00792,new york,house,1254471.9972529025,3600.9986701679,2023-07-26,a0016,39.2801276849,-96.1898945541
l00793,new york,townhouse,1031531.013000196,4170.0004725313,2023-02-15,a0032,48.7217676078,-117.1013347423
l00794,houston,condo,348945.9980967317,4573.9968963877,2024-01-17,a0042,41.6734847121,-101.5600452078
l00795,new york,apartment,946073.9995199898,3876.9924821631,2023-01-19,a0036,35.2858743862,-83.3789746211
l00796,phoenix,apartment,1832055.9900387488,1244.0008947525,2024-02-10,a0039,41.6186208724,-67.521228376
l00797,phoenix,condo,1966696.99595162,4663.9973473675,2023-10-15,a0014,28.0832487683,-118.9610305397
l00798,houston,condo,861984.0137871616,943.9996661314,2024-02-23,a0015,42.3667967165,-91.4523894823
l00799,houston,condo,1274720.99366687,4375.0090119664,2024-01-02,a0043,31.5952010206,-120.3964612667
l00800,chicago,townhouse,339124.0054131583,1297.9906499668,2024-01-24,a0043,27.0515669161,-73.1389777632
l00801,los angeles,apartment,815876.9990562189,3408.9970007391,2024-02-29,a0041,29.6067420109,-106.2323581252
l00802,chicago,condo,1572402.0063930978,1369.9776928552,2023-01-24,a0011,30.4515849778,-104.4083122938
l00803,houston,house,1823520.0080384377,3852.007917378,2023-02-24,a0017,26.6625774696,-94.8879511379
l00804,phoenix,house,493306.9903442134,1488.9863301637,2024-04-21,a0026,26.6135862205,-78.5779613334
l00805,los angeles,townhouse,1829215.0024027063,2061.0020367916,2024-01-02,a0022,30.6202601213,-93.6822775169
l00806,new york,townhouse,197518.0092494835,1508.9882304818,2024-01-31,a0029,46.1237682822,-87.2612934616
l00807,houston,house,1146118.9854274113,535.010290927,2023-09-29,a0048,37.7761715823,-106.199950885
l00808,new york,townhouse,1859124.005783873,4456.007654641,2024-04-18,a0033,32.9934933717,-86.180072532
l00809,los angeles,house,1631958.003162728,1551.0117650962,2023-02-23,a0025,48.8735421634,-86.6102907243
l00810,phoenix,condo,1157194.972391722,3651.0016733326,2023-08-03,a0039,38.393284678,-82.6273246356
l00811,los angeles,condo,934393.0010696212,3307.9834914104,2024-05-11,a0019,36.1847396073,-121.493786745
l00812,houston,house,389784.0128080893,3880.9904777483,2023-11-05,a0045,38.505938787,-69.4601956631
l00813,phoenix,condo,1868054.99033729,4986.9936082991,2024-03-16,a0021,29.1820715287,-84.992906688
l00814,phoenix,house,521293.9997753522,2217.0108512245,2023-11-16,a0046,29.8093782384,-93.9188191502
l00815,chicago,condo,1510069.0084164466,1585.9938371534,2023-12-30,a0042,27.3122081743,-98.8639746287
l00816,los angeles,condo,1589717.0011335302,1444.988123612,2024-01-25,a0023,43.1375126411,-104.8490343189
l00817,phoenix,townhouse,1322232.9987846713,3918.9982395155,2023-12-12,a0048,40.95575076,-78.8544103516
l00818,phoenix,condo,1940202.985899671,3960.0003538329,2024-02-18,a0001,47.2667243391,-111.3965896046
l00819,phoenix,apartment,152999.0059344825,3619.9820556864,2023-03-16,a0004,34.5874714785,-116.1661735436
l00820,new york,house,659893.9963039738,1818.0105002504,2023-05-27,a0044,48.8237557668,-71.2329582415
l00821,chicago,house,1860310.9875360816,1008.0096390168,2023-12-20,a0019,37.9596649261,-76.1613108314
l00822,los angeles,apartment,852211.0128594349,4206.9990481247,2023-02-22,a0040,37.492700133,-88.8271882935
l00823,phoenix,house,1656951.994398296,3684.99701461,2023-05-02,a0033,27.1284446874,-81.1976224702
l00824,chicago,apartment,900236.0033375295,3673.9851617145,2023-08-02,a0044,28.0639646462,-77.0799410758
l00825,chicago,apartment,127190.0040723242,2558.0043682242,2023-04-14,a0040,43.7746793873,-83.8878418
l00826,houston,house,1429149.9974875515,3512.0014425352,2024-01-22,a0038,25.8629941023,-107.4106164665
l00827,phoenix,house,1727696.9969214564,2084.9861833138,2023-05-31,a0029,31.3042119917,-104.1178210632
l00828,los angeles,apartment,492118.0005376363,1922.9837370889,2024-01-12,a0033,27.0886228875,-70.6522621539
l00829,new york,townhouse,185216.007113936,4009.9910836476,2023-05-23,a0036,38.2760234766,-107.270455269
l00830,chicago,house,437491.9860388935,2588.9865356566,2023-01-03,a0022,34.5360921318,-99.0491196648
l00831,houston,house,183760.9955706798,1759.0070349555,2024-04-20,a0021,39.4299562351,-95.1059692122
l00832,phoenix,apartment,1722483.9878284622,2966.9946581645,2023-09-09,a0037,47.0687068685,-96.1897903524
l00833,phoenix,condo,252841.9921594897,3102.989977628,2023-09-27,a0015,48.8100671332,-75.615869285
l00834,los angeles,apartment,1748903.01148042,4637.9851230289,2023-03-23,a0027,30.0000342125,-71.0147413618
l00835,phoenix,townhouse,292822.9987474076,3362.0015878994,2023-04-24,a0014,27.7765902764,-77.5814071628
l00836,chicago,condo,856647.0145308789,2904.0069361263,2023-04-22,a0049,34.1089736869,-74.0705329372
l00837,phoenix,townhouse,1277204.0001162323,571.9776892192,2023-02-28,a0043,45.8510322159,-78.2728384071
l00838,chicago,townhouse,604045.9930229447,2496.9977292968,2024-05-05,a0003,43.9755047704,-107.3160397968
l00839,chicago,townhouse,1769765.992224835,1427.9935271874,2023-07-17,a0017,26.946449361,-101.6273317236
l00840,phoenix,condo,151810.9967511033,4734.0043084436,2024-02-25,a0050,29.1567281804,-84.7014055797
l00841,chicago,townhouse,1120902.9871938236,858.9970906776,2023-06-01,a0042,33.3158362827,-68.4154627571
l00842,los angeles,condo,1177715.0160098018,1174.0022001623,2024-04-30,a0007,40.3830618772,-77.2945116417
l00843,los angeles,apartment,1414772.9898483343,1035.9944108855,2023-04-18,a0043,28.1847553384,-75.0031980033
l00844,los angeles,townhouse,1852515.990803544,1351.0050915576,2023-04-16,a0035,47.1475922209,-96.7504788053
l00845,houston,apartment,1666343.0026172446,1758.9951026937,2023-01-13,a0030,39.5499021119,-80.6479140669
l00846,chicago,apartment,283544.0026950458,1100.0011362907,2023-01-28,a0012,29.1926926391,-95.8398008691
l00847,chicago,apartment,1305783.0113620348,2364.0003022518,2024-04-11,a0017,34.5622017324,-116.5151984119
l00848,houston,townhouse,1046078.9976429034,3812.989653602,2023-08-10,a0021,33.8127372499,-121.0530620557
l00849,new york,townhouse,1512009.017933064,1469.0092222861,2023-10-01,a0001,25.629407446,-117.1801381469
l00850,phoenix,apartment,1685363.9910808736,871.989418964,2023-12-25,a0005,48.0941168573,-93.1461977579
l00851,chicago,apartment,707830.9868234984,2967.9935836407,2023-11-07,a0006,48.1872179205,-99.922783759
l00852,chicago,townhouse,899881.9958033058,3736.004331363,2024-02-25,a0043,32.4855220191,-95.6378686474
l00853,new york,townhouse,427833.9982606779,4869.9954409236,2023-04-23,a0009,35.550778771,-118.8741694044
l00854,houston,condo,1429690.0037034347,1680.0081243809,2023-06-02,a0044,40.3652743609,-112.4838807485
l00855,chicago,apartment,1260823.9847864662,1658.0039865627,2023-03-05,a0003,39.8789745311,-87.3085549898
l00856,new york,townhouse,1226488.9871606803,4984.99232291,2024-04-29,a0006,28.6658454444,-121.4412416512
l00857,chicago,house,1669290.9962351522,3316.0161858563,2023-04-19,a0027,43.7255090943,-98.3317258615
l00858,phoenix,house,437544.9944975603,2006.9981275602,2023-04-24,a0040,26.3830086781,-67.299615091
l00859,chicago,house,340379.9920989554,1984.9861535256,2023-12-10,a0037,26.3789394843,-84.6983798767
l00860,new york,townhouse,1451980.0183278678,1099.007196017,2023-05-29,a0043,48.6088339166,-111.1271410282
l00861,new york,condo,305945.0050919298,2116.9922178885,2024-01-07,a0038,28.4148672882,-117.9622321596
l00862,houston,condo,848973.0111740858,1550.0096834234,2023-12-10,a0042,32.2791002923,-119.1493891944
l00863,los angeles,apartment,697974.9951343994,1071.0045508955,2024-04-05,a0013,41.6110678383,-121.3941967072
l00864,chicago,townhouse,1045072.9934736362,3189.0059496665,2023-11-12,a0043,37.2415531937,-67.1937904684
l00865,chicago,house,1286047.994569203,3484.9829910376,2024-02-18,a0021,44.5328479993,-89.3282387385
l00866,houston,house,110132.9952186726,3065.0068345623,2023-05-07,a0015,32.3520814959,-88.8157771425
l00867,houston,condo,1861837.9997179864,3443.9982386323,2023-03-10,a0044,37.6477486523,-100.27718907
l00868,chicago,townhouse,1070663.001360461,4147.9866733833,2023-07-03,a0050,28.1395838329,-73.5726878733
l00869,chicago,townhouse,1256938.9989981356,1391.0039330344,2023-03-31,a0042,35.801460134,-113.7122824807
l00870,phoenix,apartment,1865367.0030723785,2797.9901062755,2024-03-15,a0009,33.8327209593,-100.9777621658
l00871,phoenix,house,652042.9851844636,1125.9891211527,2024-01-08,a0005,44.8438012723,-82.4615964659
l00872,new york,apartment,1804233.9914502928,3817.9959032648,2024-01-29,a0038,43.4717579509,-124.367806634
l00873,los angeles,apartment,1256776.0034610606,2634.0105722539,2023-10-06,a0035,34.9942236032,-97.0787627381
l00874,houston,house,867177.0153606351,3714.9959686222,2023-04-25,a0050,25.4587707821,-109.9354375967
l00875,phoenix,condo,380768.985281472,4305.9976530727,2023-09-14,a0033,43.2564485967,-117.042729337
l00876,new york,townhouse,863080.9994738802,4613.0164505589,2023-01-06,a0043,37.8499845954,-112.5206960019
l00877,los angeles,house,1687975.9916123254,4710.9968194311,2023-03-13,a0029,25.293552729,-110.9991897413
l00878,los angeles,house,1287737.0185906854,1697.0022640414,2024-01-12,a0047,48.4167841891,-78.5074028928
l00879,houston,condo,184765.9913424216,2291.9821608282,2024-01-25,a0032,48.0264012704,-96.6878524413
l00880,los angeles,apartment,654396.997914339,3525.9923336675,2023-04-30,a0003,27.6463573273,-93.2084362445
l00881,los angeles,condo,913890.0064263912,4347.0010303945,2024-04-14,a0030,35.9039488154,-76.0303781405
l00882,new york,apartment,1460053.9918662328,3153.9981229731,2023-02-22,a0046,27.3466259551,-96.6682239363
l00883,phoenix,condo,1850853.9814460096,2657.0159724797,2023-10-24,a0035,28.5843483438,-106.1670189727
l00884,phoenix,house,889912.003920532,3599.998403848,2023-07-07,a0038,42.6916487094,-97.3897982752
l00885,new york,condo,889217.9997714047,2324.990358643,2023-09-22,a0026,34.0244871775,-102.1072981561
l00886,chicago,condo,1121021.9855458464,4449.0094496935,2024-03-30,a0039,36.0516102348,-79.4582302376
l00887,new york,house,1022534.0001868058,1855.9862055304,2023-04-28,a0005,46.4142125867,-69.5842955525
l00888,phoenix,condo,543583.0196594382,1729.9883442704,2023-04-06,a0011,43.8726186189,-106.6964004652
l00889,chicago,apartment,1486447.0027369426,2386.0129625636,2023-08-01,a0022,41.5278666649,-99.6122322299
l00890,new york,townhouse,1516057.991317304,4421.9899644497,2023-09-03,a0014,31.1292881661,-76.2153603086
l00891,phoenix,house,1457399.9953746789,3865.9962333257,2023-01-12,a0016,25.9445607482,-72.7111814346
l00892,new york,house,1302688.0189348904,1819.0063134929,2023-03-10,a0041,36.0920454859,-88.0242033966
l00893,phoenix,apartment,1968138.004727184,1702.994451508,2023-01-29,a0011,40.8312131743,-73.0866998641
l00894,chicago,house,1183474.018540198,3821.0040861484,2023-11-03,a0037,40.278728409,-89.3906614683
l00895,new york,condo,279826.9967580285,2273.9940180741,2023-08-18,a0039,26.5970511797,-94.9436864079
l00896,houston,townhouse,457704.0033173169,2297.0036098581,2024-03-01,a0027,28.6067441532,-82.2178376463
l00897,phoenix,house,1766430.0031415247,1988.9942118167,2023-11-16,a0043,37.2904567715,-85.5312989866
l00898,phoenix,condo,451736.9993701414,3307.0037877211,2024-04-17,a0030,25.9975191878,-120.0777155957
l00899,phoenix,apartment,581954.0027978757,3597.9942948972,2023-07-17,a0009,42.1904301502,-120.8232009054
l00900,new york,apartment,524355.0027413826,4782.0099553914,2024-03-16,a0033,26.7111122002,-124.2899265725
l00901,houston,house,1369847.9895608916,1288.0037957621,2023-04-01,a0031,47.9696513847,-82.21372402
l00902,phoenix,apartment,1940779.9958606693,4853.010269282,2023-09-15,a0049,33.4913037965,-107.8033113427
l00903,new york,apartment,1111331.990738619,1567.009660664,2024-04-06,a0039,33.3743056749,-80.0888862439
l00904,phoenix,apartment,1981080.014521009,4033.9997831316,2023-09-25,a0027,40.8821295863,-114.2439381047
l00905,chicago,apartment,1563062.9959536744,4840.0063454761,2023-08-08,a0015,29.1818791426,-119.3037523956
l00906,houston,townhouse,835088.9976748612,1299.9948026289,2023-08-06,a0009,40.8361550178,-80.6631678978
l00907,chicago,townhouse,1706122.0063300775,2403.9829887231,2024-04-10,a0006,31.3786091592,-123.7943562541
l00908,chicago,townhouse,640656.0003073461,2047.9978160394,2023-01-03,a0046,26.9755474746,-68.8596423203
l00909,new york,apartment,1190019.013797979,558.0071050438,2023-07-12,a0042,32.084004956,-80.3903770324
l00910,los angeles,condo,957409.9972703182,3467.0202097839,2023-02-24,a0010,39.9847258195,-102.8710461461
l00911,houston,condo,647991.0023139643,4891.0022525947,2023-08-05,a0037,29.9177224306,-117.9694674288
l00912,chicago,condo,1527333.0030212312,3755.0094348366,2024-01-22,a0014,39.7435827875,-80.0580416084
l00913,houston,townhouse,474802.0101112624,3532.0025186135,2023-10-14,a0036,40.432622034,-94.2445182912
l00914,houston,condo,743098.0084248596,3320.0119469774,2024-02-01,a0046,26.0135641571,-68.8233588464
l00915,houston,house,1893061.9853042976,1475.0086065984,2024-01-18,a0015,44.1832370566,-108.0083034384
l00916,houston,house,310298.989368071,2255.9944927222,2023-09-18,a0026,48.5123302579,-90.0896427764
l00917,chicago,apartment,437092.0007317977,3687.0025830493,2024-05-08,a0041,38.9775098398,-81.6050785156
l00918,new york,apartment,1826490.988910876,1689.9921254486,2023-08-30,a0039,44.4783559353,-86.9335718032
l00919,houston,apartment,234385.9936271566,2655.008061307,2023-04-24,a0024,28.0745954005,-105.3710925016
l00920,new york,apartment,1619374.9979320152,3647.9884933497,2024-04-21,a0026,47.2815441848,-111.9808619722
l00921,phoenix,condo,1592344.9933041085,970.0007278943,2024-04-29,a0050,33.9412542931,-99.9225446134
l00922,los angeles,townhouse,1020591.001157616,587.0012837661,2023-04-14,a0043,35.5571777895,-89.4544543067
l00923,phoenix,condo,508413.0083903513,774.994714881,2024-02-06,a0039,47.6380926901,-111.0398028629
l00924,phoenix,house,1390145.9992895012,1888.0083185609,2023-12-12,a0003,27.9259637566,-113.5593890022
l00925,chicago,house,1473673.990801184,502.0229191691,2024-05-14,a0011,46.2910645725,-87.5340938498
l00926,new york,condo,1735091.9917317077,3771.9875580589,2023-06-30,a0043,31.8659985424,-77.6838228468
l00927,houston,townhouse,1329098.9899572106,2140.0091497295,2023-09-23,a0001,45.6715475748,-75.8991918593
l00928,new york,apartment,1252579.0038709624,2830.0059233877,2024-01-07,a0036,47.0547820878,-110.3782362953
l00929,phoenix,condo,828707.9957249821,2765.0006947477,2023-04-26,a0039,43.1152892643,-98.3025092103
l00930,los angeles,townhouse,947157.9966188144,538.0076612243,2023-05-14,a0012,45.2054175036,-82.7570350846
l00931,houston,apartment,1271533.005583327,1091.9886312005,2023-09-15,a0019,43.6358741263,-86.9298640513
l00932,chicago,apartment,1783891.026628155,4703.9947657584,2024-05-04,a0017,29.2638191121,-93.3915134396
l00933,phoenix,condo,1555824.999744718,4126.9970874293,2024-05-09,a0025,48.6208468214,-70.6207662172
l00934,phoenix,townhouse,1714738.002709695,2491.9983081997,2024-01-23,a0022,26.0326909682,-115.4459389143
l00935,houston,townhouse,1980145.993707856,723.9922231983,2023-09-04,a0008,28.166423774,-82.8922615908
l00936,chicago,apartment,902522.9810618107,2304.989025049,2023-12-13,a0045,44.6293853157,-112.5831917113
l00937,los angeles,condo,964919.0067801416,3392.0091771094,2023-09-22,a0035,37.1300907626,-76.2565926475
l00938,new york,condo,620633.0141907684,2853.0160768262,2023-02-17,a0026,42.5972050189,-93.5547713128
l00939,chicago,apartment,1262977.9843379103,1962.0078490154,2023-09-01,a0021,39.1635094965,-95.5194096202
l00940,chicago,house,1975516.9881202264,2703.9815495549,2023-04-04,a0048,32.1321523632,-92.2292997839
l00941,los angeles,townhouse,1645836.0057357575,2135.0120715841,2023-05-01,a0048,41.5444233831,-74.3341847489
l00942,los angeles,condo,533646.0046490618,2377.0101478575,2023-04-14,a0016,40.2619177007,-80.858369752
l00943,phoenix,condo,427145.9974053575,1373.0021475001,2023-03-03,a0006,28.8558317756,-98.2290396533
l00944,houston,apartment,1702736.0018970382,4935.0273468111,2024-05-05,a0003,25.2110493422,-110.7023279515
l00945,houston,condo,1401634.013886626,3082.9836876234,2023-09-10,a0037,42.4383294556,-67.4802902845
l00946,chicago,townhouse,483509.9969847113,4686.9933777804,2023-05-24,a0026,27.376105721,-101.7137309317
l00947,los angeles,house,213555.9835785558,4806.0000189872,2024-02-14,a0028,44.1781774124,-113.1747888264
l00948,houston,apartment,1153765.9980649615,3344.0058634983,2023-07-21,a0044,38.3306642572,-82.4785068411
l00949,los angeles,townhouse,352429.9893361207,4744.9923481224,2023-08-24,a0021,39.7952889743,-114.1009923405
l00950,new york,apartment,1513695.9971862186,2225.9888777361,2023-07-14,a0038,33.51765466,-79.5406574507
l00951,new york,condo,858334.9997742043,2626.9905238915,2023-04-06,a0036,38.3032319682,-124.6979331029
l00952,chicago,house,664990.0044078121,4360.9978285334,2024-05-05,a0040,43.2569387226,-122.9397830843
l00953,chicago,condo,485694.0133910609,4585.0114289187,2023-08-06,a0014,42.8936905976,-113.2540790691
l00954,houston,condo,865623.9983014852,3780.9854717773,2023-05-24,a0029,47.9864468144,-103.6570990546
l00955,los angeles,house,1307733.997753278,2372.0021594962,2024-02-21,a0007,32.8293403466,-116.361950379
l00956,chicago,house,1264631.978945778,4040.0120715125,2024-03-14,a0025,32.3423134635,-74.14886639
l00957,los angeles,house,1777800.0050071063,1724.9870504007,2023-08-31,a0001,48.8960699987,-103.6429627537
l00958,los angeles,townhouse,1147731.9944066731,1601.018864826,2024-04-02,a0041,35.7757858844,-83.1259225582
l00959,phoenix,condo,1746961.9922643765,4486.009742466,2023-06-03,a0017,46.2489579332,-90.5793263747
l00960,phoenix,apartment,935508.9998543868,1310.0114722962,2023-12-20,a0011,34.401946062,-101.0625565517
l00961,new york,house,1806699.99913556,2583.002947765,2023-09-01,a0041,41.689859335,-124.8158322709
l00962,new york,townhouse,1661525.0109190564,3240.9988245537,2023-05-14,a0024,39.8635816288,-104.3804356834
l00963,chicago,condo,821713.9859258013,661.9841554829,2023-07-30,a0008,44.057993422,-119.6028797493
l00964,chicago,house,1309750.0051606174,4910.0166016003,2023-03-31,a0050,39.1177412991,-97.0959521477
l00965,chicago,condo,781763.005413031,4681.0041338398,2023-09-07,a0050,40.4098279217,-121.2313259717
l00966,houston,apartment,899162.9932455958,2847.0116348508,2023-08-26,a0041,38.9312472922,-92.4313827764
l00967,los angeles,house,1443394.0027831136,3262.9974825532,2023-08-04,a0041,38.4347662204,-90.0110652905
l00968,phoenix,townhouse,1880272.989946864,1083.998473513,2023-02-10,a0011,41.2378470236,-78.3099956172
l00969,chicago,house,757419.011173733,3095.0108932753,2023-12-01,a0019,31.4926143193,-77.1440242555
l00970,chicago,townhouse,668847.9941677155,4143.9703796491,2024-02-04,a0024,36.942350514,-120.5197961426
l00971,phoenix,townhouse,968196.9922811488,1870.0032413284,2023-04-05,a0002,26.4060364785,-105.6133743855
l00972,los angeles,house,1488361.0077013418,2560.9811224679,2024-04-26,a0048,43.8396507123,-83.9599272928
l00973,new york,house,450036.0140659073,3752.0261565588,2023-02-22,a0007,43.9168638639,-94.9968396188
l00974,new york,townhouse,1250148.008073223,940.0090940936,2023-01-14,a0050,35.5591965368,-116.4561997353
l00975,houston,apartment,317952.9987282446,2649.9830312266,2023-11-13,a0010,32.8683664498,-99.8346550665
l00976,new york,townhouse,748797.0057511086,2378.0048822281,2023-05-07,a0048,27.1400224617,-112.216323944
l00977,chicago,townhouse,1413825.0125863503,1535.0005133768,2023-03-09,a0034,39.3774717313,-82.3280462827
l00978,los angeles,apartment,173725.0109242742,3423.0094823005,2024-03-16,a0021,48.9655703368,-70.8829029965
l00979,houston,townhouse,1926406.0030180956,4928.0070680532,2024-04-23,a0018,40.4208374141,-100.5730975753
l00980,phoenix,townhouse,383355.9949518397,4916.9840181707,2023-04-01,a0038,40.2437317291,-79.4367462682
l00981,phoenix,townhouse,1423401.9928277023,4063.0071250191,2023-09-26,a0041,27.8350008609,-101.2185289732
l00982,phoenix,condo,828063.9967323261,4444.9899891958,2023-10-04,a0015,45.1337568273,-102.7325267388
l00983,new york,townhouse,745645.9947900687,3495.9925332838,2023-07-31,a0017,38.7177590309,-90.8986984457
l00984,los angeles,condo,122137.0108102742,500.0055860929,2023-09-25,a0049,29.4363477067,-104.0026911428
l00985,los angeles,condo,701383.9889024157,4343.0060644523,2023-10-01,a0001,33.0237510748,-123.4916638055
l00986,houston,townhouse,728327.9968834742,573.9811634925,2024-01-28,a0028,25.5674306149,-76.7579407278
l00987,chicago,house,1770942.0052828873,558.9931124412,2023-10-08,a0024,31.5601371951,-94.9586149098
l00988,los angeles,townhouse,1950026.99476192,4079.9964088476,2023-07-22,a0016,32.1818501615,-70.4225559254
l00989,los angeles,townhouse,1837336.9863553816,3599.0215016817,2023-04-23,a0017,31.2379801992,-100.1003361525
l00990,new york,townhouse,1411396.9961362106,2461.9974057224,2023-09-22,a0049,45.9376820863,-76.1642816109
l00991,phoenix,condo,697010.0106800384,4857.0044600116,2024-02-19,a0018,29.4775811145,-78.4482736538
l00992,houston,house,1889881.0164037675,1060.0042890779,2023-04-04,a0009,35.9900877803,-96.9901703087
l00993,chicago,apartment,1435660.0026373651,4229.9822425921,2023-11-13,a0029,28.2173963511,-120.3311961632
l00994,chicago,townhouse,493823.0001776781,3126.0088278405,2023-01-10,a0010,42.4642321811,-96.2085503498
l00995,new york,apartment,489939.0088256518,1336.9908316814,2023-05-25,a0018,35.4973099608,-82.6894732655
l00996,los angeles,townhouse,1624854.0002587065,567.0096022477,2023-04-30,a0006,43.3606229414,-115.7858996916
l00997,los angeles,apartment,1135111.0026554707,2278.9898291761,2023-06-25,a0027,39.64818569,-117.1449386306
l00998,chicago,townhouse,878875.9970625386,4298.0121147898,2023-12-23,a0003,43.0483481799,-86.8972497875
l00999,chicago,apartment,1869044.0016598515,1695.9742255388,2023-01-29,a0018,47.953587212,-120.9983509497
l01000,houston,apartment,1239155.9899416547,4350.9979926603,2023-04-03,a0013,26.353020661,-108.6323269324
l01001,chicago,townhouse,1836970.0025905,603.0247115021,2023-03-04,a0050,31.2803597755,-110.6524280022
l01002,los angeles,townhouse,1717376.0120798408,4128.0056771653,2023-05-07,a0048,46.7568871191,-110.5185230934
l01003,new york,house,1066439.9900878062,1268.9920175265,2023-09-24,a0043,31.514080198,-80.9454054347
l01004,los angeles,townhouse,916049.0103911944,3055.9834621702,2024-04-24,a0021,35.7682541427,-79.9346176048
l01005,los angeles,apartment,1661800.0093166037,4766.996792854,2023-03-04,a0017,26.5734442148,-96.7350954636
l01006,houston,condo,516752.9997626438,3452.0000931525,2024-03-30,a0004,25.8209665905,-121.3581728564
l01007,los angeles,apartment,594855.9909029171,4055.9997859553,2023-06-16,a0001,46.7391324722,-116.9146778308
l01008,los angeles,condo,1326198.0115003076,1480.0019544726,2023-07-22,a0016,37.7783844761,-101.1704556294
l01009,new york,apartment,1318605.9968318848,4392.9966878136,2023-12-19,a0039,33.3234994016,-72.8060142839
l01010,los angeles,condo,1716478.0020392584,1232.9970097495,2023-05-08,a0011,25.5347778749,-86.5042471993
l01011,houston,apartment,1538529.9959482816,3272.0016944279,2024-04-21,a0049,48.1270729519,-92.516634791
l01012,new york,apartment,845574.0098840112,1760.0006242596,2023-12-26,a0035,47.489934647,-121.9789523789
l01013,new york,house,1123080.0206364505,2406.0155265198,2023-06-12,a0036,35.0322410201,-109.9202539333
l01014,chicago,townhouse,1637607.9874729775,2080.0029618809,2023-01-11,a0045,42.5551259902,-68.0906185515
l01015,houston,condo,1619174.9984976803,1602.9985668227,2023-05-09,a0003,31.1633611999,-87.0564644272
l01016,houston,townhouse,1272358.9781279375,2913.9972861065,2023-10-05,a0045,29.7564011467,-92.2149158915
l01017,houston,house,1288458.9935142065,2028.0017960855,2023-10-06,a0023,36.1446943253,-68.6215255708
l01018,chicago,townhouse,677397.0044522709,1813.0043902771,2023-02-05,a0034,39.6133493385,-104.7339035291
l01019,los angeles,townhouse,720069.9940083757,2656.9937113791,2023-10-05,a0024,27.7519106452,-116.2318841581
l01020,houston,apartment,1727217.0045448728,4643.9969055988,2023-07-14,a0047,30.4067287505,-110.4379792834
l01021,los angeles,apartment,1399676.9979587535,3482.0089856497,2024-02-02,a0040,45.4087211042,-92.4773646475
l01022,los angeles,condo,1612053.9994525833,1017.9946371164,2023-12-04,a0035,37.552984231,-118.3512211952
l01023,houston,house,1199053.0034139624,4575.0081197341,2024-01-28,a0036,45.640931422,-83.0719718146
l01024,los angeles,condo,776541.0140567838,3857.005913867,2023-11-25,a0021,26.5999075813,-83.9408301316
l01025,new york,apartment,1197230.997765127,1045.9919287645,2023-01-23,a0009,38.0337762822,-120.2474826677
l01026,los angeles,apartment,523790.0143232786,1375.9951411088,2023-09-06,a0013,35.9913655131,-96.8908629299
l01027,new york,apartment,1297498.9994384968,3683.0090327504,2023-12-03,a0032,28.9760644843,-70.1607340694
l01028,phoenix,condo,202940.0054993673,3500.9905068696,2023-04-24,a0039,45.3914393121,-86.1916518247
l01029,new york,apartment,537754.9996351176,4525.0047266645,2024-04-20,a0006,36.0768032186,-101.1037594868
l01030,houston,apartment,856916.0066472922,3907.0006429062,2024-02-25,a0024,40.6203988638,-93.3824531741
l01031,new york,condo,1209436.9937200032,833.0020060623,2024-01-11,a0005,26.4902888909,-95.2732709852
l01032,chicago,apartment,552774.9979316442,4755.0112687598,2023-02-19,a0007,44.3596925175,-98.3576599917
l01033,los angeles,townhouse,497326.9898557512,2082.0017545612,2023-09-27,a0043,26.2417871213,-79.4048356898
l01034,los angeles,house,1271098.0018887296,3901.0057513238,2024-01-18,a0007,29.8335354085,-109.9761303036
l01035,phoenix,condo,1514513.000398826,4257.0089378887,2023-12-26,a0043,28.9520621337,-105.838122638
l01036,houston,apartment,449824.0040247577,1976.9781324914,2023-10-09,a0026,43.1833583014,-94.8671155771
l01037,phoenix,condo,1478943.9909579922,1794.9962570908,2023-10-01,a0039,29.9166222652,-74.0802441816
l01038,houston,condo,1992648.0065346053,3081.0015084921,2023-10-09,a0021,46.1035309561,-74.5152232777
l01039,chicago,townhouse,1702610.0095282472,4027.0086130901,2024-02-27,a0047,30.732360273,-98.837356445
l01040,chicago,house,1280999.993792054,4969.0057838925,2023-04-20,a0025,48.6468805147,-80.217710891
l01041,phoenix,condo,854992.0010295023,4205.9839362408,2023-08-18,a0026,25.641798087,-121.2138691628
l01042,new york,apartment,696602.0093053128,633.0041412716,2023-09-23,a0009,36.1285965414,-72.277851648
l01043,chicago,apartment,729845.014580527,2316.9988602737,2023-04-20,a0021,37.9268340049,-96.1199635867
l01044,new york,condo,1261115.005865847,4688.0018148587,2023-10-12,a0037,27.5248652966,-86.9146856439
l01045,phoenix,house,297733.9845225621,808.985900714,2023-08-24,a0023,44.7281046002,-102.9440687085
l01046,los angeles,house,655720.006590681,3507.0066344696,2024-03-31,a0038,43.6212700978,-69.052417108
l01047,los angeles,house,637381.997199028,2959.9836535094,2023-02-17,a0037,29.8874548698,-94.634016987
l01048,houston,house,1639867.0054976083,1132.0104824293,2024-01-06,a0021,31.8860142709,-79.0248217407
l01049,houston,house,1123988.9965692635,1281.0014473003,2023-11-01,a0042,38.8578724717,-88.2048001934
l01050,chicago,apartment,1632576.0017444508,3625.006830017,2023-02-10,a0050,44.1360515977,-102.0289968421
l01051,new york,condo,829661.9901131676,4057.010204775,2023-08-02,a0008,46.9685196682,-94.0844063534
l01052,los angeles,apartment,1429357.011255688,3632.9937170919,2023-01-28,a0020,28.8035067777,-84.631783662
l01053,phoenix,apartment,769654.9872071085,4923.00660241,2023-10-17,a0010,44.040194711,-106.637991275
l01054,chicago,house,421277.9762305639,913.0131748932,2023-12-11,a0047,45.5773039218,-72.4598953226
l01055,houston,townhouse,1678819.9940629594,4634.0119605525,2023-02-16,a0015,31.6518215601,-67.9407399121
l01056,houston,condo,1749132.9908551455,3729.998352372,2023-03-17,a0009,28.4042377121,-113.2942559639
l01057,chicago,apartment,1097939.0002152224,902.9986562131,2023-10-08,a0026,29.4166427372,-73.1345403971
l01058,chicago,apartment,935771.0000006228,4610.0081861962,2023-08-11,a0050,40.703632494,-116.1842620503
l01059,los angeles,house,1108566.9941593,2122.0005881681,2023-09-07,a0026,35.5744147943,-89.3059629218
l01060,phoenix,house,1276853.016900101,4793.9939492471,2023-05-07,a0016,27.0107987867,-73.82771625
l01061,new york,condo,1729008.008417511,4022.9941563746,2023-06-15,a0044,44.292725135,-95.6965430398
l01062,phoenix,apartment,335992.0063133751,3887.9893055613,2023-08-05,a0024,48.2066418437,-100.7813593182
l01063,chicago,house,772636.9970860353,3321.9982781835,2023-11-01,a0042,48.6243990647,-86.2590953081
l01064,new york,condo,454954.011974679,3364.0089669351,2023-11-12,a0029,40.2288797206,-115.3904236612
l01065,phoenix,house,1023717.9938113858,866.9970036254,2024-04-18,a0015,46.1655010258,-100.194084611
l01066,los angeles,condo,427136.9878164075,1201.9969377924,2023-02-27,a0048,28.9049356401,-124.2644224028
l01067,new york,house,1402336.0054880478,1708.9981535837,2024-03-20,a0019,38.4540271684,-94.4263865214
l01068,new york,condo,1554994.0039592376,1410.9999739394,2023-06-06,a0029,42.2607020804,-73.3664054473
l01069,houston,apartment,795995.0035699223,2211.992448128,2024-01-14,a0035,26.9006541705,-82.5583086404
l01070,los angeles,house,1245934.012616234,4786.0096589461,2024-01-20,a0017,29.4901643195,-75.239294619
l01071,phoenix,townhouse,1406612.999538053,1656.9952414001,2023-12-22,a0045,44.6483386317,-93.6305034831
l01072,new york,townhouse,1322649.027617426,4815.0044922971,2023-01-23,a0017,42.0640211893,-106.7690989435
l01073,los angeles,apartment,695619.0173478306,2144.0041454851,2024-02-09,a0045,36.3041766016,-77.3552611
l01074,phoenix,condo,211326.9977341214,4308.0029505284,2023-12-02,a0001,36.0108713124,-104.2528145206
l01075,new york,townhouse,1484901.978331492,2721.9740214706,2023-12-06,a0043,36.841556997,-76.9469809959
l01076,chicago,apartment,140009.9984681886,2895.9910075119,2024-03-20,a0042,33.041296961,-114.9155529921
l01077,houston,house,898388.0123863566,4664.9923401487,2024-05-15,a0046,42.0649190852,-77.0831516223
l01078,new york,condo,1116409.9882520605,4854.0044987332,2023-02-15,a0012,27.4146889158,-111.0803225137
l01079,los angeles,townhouse,1275845.9982299963,675.9938887881,2023-01-21,a0016,28.4027106248,-104.8180339566
l01080,phoenix,condo,799545.9854958375,4513.0046028638,2023-07-21,a0048,35.8270286107,-81.5582359652
l01081,los angeles,apartment,827249.9914471365,3381.9980867083,2023-07-01,a0041,40.6328056005,-88.964286101
l01082,chicago,house,1151199.9986502926,2758.9837782048,2024-02-20,a0004,33.4666716434,-76.1918224446
l01083,chicago,townhouse,1967308.0083095937,740.988487575,2024-04-28,a0036,36.3115822368,-68.2177981194
l01084,chicago,house,418155.0004954136,3299.0168459846,2024-04-04,a0026,40.2171489093,-117.6697040573
l01085,los angeles,apartment,1630689.0066535824,3630.9854828932,2023-09-24,a0044,41.225841474,-106.1519794021
l01086,phoenix,house,975211.0115835456,2469.0044418402,2023-10-21,a0010,41.479136984,-120.9677983356
l01087,houston,condo,1369549.9901664602,3197.0080080636,2023-08-18,a0035,29.2099730483,-75.3774172408
l01088,los angeles,house,1468333.9986864752,1635.0026232116,2023-10-25,a0035,30.4598034446,-76.4514602801
l01089,los angeles,house,748016.0038313605,4791.0166497511,2024-04-10,a0009,31.7236703973,-87.7101958195
l01090,houston,house,1476217.0101567362,1794.0058376456,2023-06-12,a0005,41.6544603992,-95.2531767805
l01091,phoenix,apartment,486158.9971214705,3101.0056072048,2024-03-05,a0010,32.3429307736,-112.6668189184
l01092,new york,condo,1945769.996330899,3891.0029835654,2024-05-07,a0027,25.794585767,-107.3648038917
l01093,chicago,townhouse,1663655.987695356,2741.9921315276,2023-03-19,a0050,40.679189567,-70.5619819789
l01094,los angeles,apartment,375870.9992754553,2013.0173539564,2023-01-14,a0049,45.9179127631,-80.5782652359
l01095,phoenix,condo,1370044.017354407,2391.0080857871,2023-11-02,a0015,43.9079747382,-86.4405016958
l01096,los angeles,apartment,853424.9879345256,1150.9917673015,2023-12-19,a0050,31.238993821,-72.3892838853
l01097,houston,house,1153450.9840756615,4340.0086152034,2023-12-31,a0042,41.090768246,-92.4880926657
l01098,chicago,house,1887044.0163670292,3673.9855271608,2023-09-09,a0031,27.667894122,-99.0485720977
l01099,los angeles,house,505294.9963014578,2352.998284889,2023-01-17,a0027,36.0548173683,-74.8496403151
l01100,new york,condo,966216.004302345,2322.998354747,2024-01-16,a0043,38.104781539,-102.922497395
l01101,los angeles,house,238697.0170933148,1950.0207224192,2024-04-19,a0029,48.4297302512,-118.5787757208
l01102,phoenix,townhouse,1542551.993153664,3160.9989983796,2024-03-19,a0030,35.140250204,-122.5514204186
l01103,los angeles,townhouse,949067.0090653134,841.9907672058,2023-11-08,a0048,42.7449385505,-71.7691730876
l01104,houston,condo,926593.0069595984,4891.9972354463,2023-09-26,a0042,31.7298282686,-75.21979851
l01105,new york,apartment,1047093.00288976,4241.9982667915,2024-02-28,a0003,32.0210335098,-72.2096717523
l01106,los angeles,townhouse,1641763.008846653,820.9847786371,2023-10-13,a0025,43.0866427708,-78.3317386776
l01107,phoenix,apartment,498145.0088919246,2885.0089661379,2023-08-14,a0026,25.4375712972,-69.1657734489
l01108,chicago,condo,1067515.001329882,1862.9924553441,2023-08-05,a0019,42.430688392,-107.3218661244
l01109,phoenix,apartment,1546936.005134795,4734.9936458043,2024-04-07,a0010,44.9156666114,-108.6628733891
l01110,houston,townhouse,289667.976123323,4600.9908420438,2023-02-27,a0012,45.9446384093,-118.4724239662
l01111,phoenix,house,924320.0209951288,3886.9943405826,2023-06-15,a0029,41.9004574067,-93.6289573321
l01112,new york,house,1051436.996515812,2154.0039085639,2024-03-27,a0030,27.3281576722,-110.9736174759
l01113,new york,condo,779634.0064181901,1842.9840834237,2024-01-03,a0047,25.2941235725,-97.8075009811
l01114,new york,apartment,339421.0198827709,4180.9966144377,2023-11-21,a0024,32.2219266861,-90.2891496057
l01115,new york,townhouse,1624363.9900177554,4691.003438686,2023-11-10,a0011,32.1282760238,-107.6087291536
l01116,houston,townhouse,192077.0135108544,1898.9928229113,2024-04-12,a0022,42.8141477319,-122.2160723383
l01117,phoenix,house,439998.0018006629,1684.018234281,2023-04-02,a0050,46.6611512971,-75.5625731554
l01118,new york,townhouse,746052.9855928846,3034.996705797,2024-01-09,a0050,41.0236736039,-90.5775205722
l01119,houston,condo,1413766.0016873595,1979.9894645873,2023-03-02,a0009,46.3996940276,-114.2726571328
l01120,los angeles,apartment,1405603.0057133744,2572.9845056096,2023-01-07,a0030,26.8856027549,-111.1155408616
l01121,houston,townhouse,1239803.990274983,547.0022882065,2023-11-08,a0032,44.0725862231,-122.983786466
l01122,los angeles,house,1334932.9953815488,4397.0017084917,2023-08-21,a0027,39.0089713026,-67.2646113476
l01123,houston,apartment,1360841.996352452,552.9973170185,2023-05-06,a0036,45.5344080606,-94.753892061
l01124,chicago,house,202589.996866965,2013.9941014168,2023-03-17,a0004,26.5145639805,-76.7718884215
l01125,chicago,apartment,404871.9994695351,764.9961406185,2023-12-08,a0037,39.3929074518,-118.3340215053
l01126,phoenix,condo,794389.9983000248,1218.0082837931,2023-01-26,a0007,27.2629713211,-72.2396255234
l01127,houston,house,438343.9959337553,2829.0087142079,2023-11-09,a0043,41.0722787458,-76.9102216436
l01128,phoenix,house,1054912.004485672,3450.0094396741,2024-04-21,a0003,46.0934543853,-91.8461061065
l01129,new york,condo,777006.003804309,3518.9885006264,2024-04-04,a0025,37.4149722001,-100.0390726023
l01130,new york,townhouse,1868547.9985093584,1031.0064422949,2023-05-30,a0031,32.6039616738,-99.7787155185
l01131,los angeles,apartment,1556721.9984340745,2747.9930648432,2023-06-18,a0034,43.5675586509,-90.1036745858
l01132,houston,house,1559260.0026723903,2212.0142627666,2023-11-10,a0004,46.4096756297,-99.2600284771
l01133,new york,apartment,1114314.003952439,2851.9924575872,2023-08-07,a0039,39.5719279948,-88.3796204239
l01134,chicago,condo,1201824.9897823622,3398.0011383801,2024-04-19,a0009,39.210987287,-84.2467865343
l01135,phoenix,townhouse,1189901.995055389,4577.0087949024,2023-09-10,a0012,30.6964260791,-95.2933248468
l01136,phoenix,house,1586013.9904163138,2878.9947896776,2023-04-10,a0001,27.4841180593,-102.7036985627
l01137,new york,apartment,1074934.989080712,1465.9930749763,2024-01-13,a0014,36.7104096824,-87.1760596373
l01138,phoenix,townhouse,968307.0134163484,871.9945256356,2023-06-20,a0023,47.8225130143,-90.1544878643
l01139,phoenix,house,123691.9962463936,2147.9964943233,2023-12-20,a0019,42.8631419254,-95.6383725176
l01140,chicago,apartment,745444.9977763633,2959.0030980395,2023-09-17,a0036,40.2184571238,-120.8809472667
l01141,chicago,apartment,338731.9850702286,3229.9952426841,2023-06-24,a0026,31.101722341,-104.0249351758
l01142,phoenix,apartment,1844919.990887456,1938.0024439543,2023-04-10,a0022,36.3493652633,-122.3432737594
l01143,chicago,townhouse,1095098.989770717,790.9935068697,2023-11-27,a0009,28.3572095612,-108.9488562593
l01144,houston,house,1415333.9928824753,4272.9994984522,2024-04-01,a0035,48.3191493649,-105.7643642289
l01145,chicago,townhouse,1744143.9965552508,3891.0081862282,2024-04-20,a0048,36.573921166,-113.627556089
l01146,new york,condo,1284770.0079568755,3083.9938982207,2023-10-12,a0035,39.6657746813,-108.7140954947
l01147,new york,house,1310890.000201108,3216.9991605981,2024-02-14,a0023,29.9808162469,-95.0405541089
l01148,new york,house,688166.9866953137,755.017879591,2023-06-23,a0025,25.1365160057,-124.5715138392
l01149,phoenix,house,1297435.006047842,3691.0040482981,2023-04-06,a0039,30.2649275738,-122.8867820973
l01150,new york,condo,1579049.988858785,3075.998964037,2023-12-30,a0003,27.5848257656,-105.3457037977
l01151,chicago,townhouse,282027.9976668368,4571.0024564213,2024-03-25,a0016,44.261852725,-91.8311523099
l01152,chicago,townhouse,1839498.004745668,2978.9925161353,2023-04-21,a0034,37.3085771161,-107.9626497358
l01153,chicago,house,335365.9901745875,3565.0025987081,2024-02-06,a0003,47.3522303112,-101.9723275485
l01154,los angeles,apartment,1030661.0030789512,4644.9874728369,2023-01-13,a0031,27.1100620165,-89.2324650313
l01155,phoenix,house,498901.9878640971,3286.0007778275,2024-04-17,a0031,27.7305645043,-104.9748494239
l01156,phoenix,condo,1726411.0122395451,3180.9951280144,2023-03-15,a0050,37.1755345117,-74.3098568721
l01157,new york,house,530307.9963694618,798.9939047658,2023-08-24,a0025,36.8405848224,-84.262329007
l01158,phoenix,apartment,108618.9832829214,3047.0047957321,2024-04-22,a0003,48.8310287625,-117.3754991859
l01159,phoenix,apartment,798959.0003550211,4323.9919176006,2024-03-31,a0003,31.5790262085,-102.1050949348
l01160,new york,condo,147144.0205326702,3056.9739447162,2023-11-24,a0014,35.1221121971,-101.1672977664
l01161,chicago,house,503796.9989151525,2847.0071309205,2023-05-22,a0035,46.7801324672,-83.5654169407
l01162,chicago,townhouse,1507449.0138156605,1463.0063818686,2023-05-20,a0010,39.5747303493,-107.0525220435
l01163,los angeles,condo,340039.980779164,623.9831416402,2024-05-05,a0040,44.7800040757,-69.6128766723
l01164,phoenix,apartment,533223.9906107902,4944.0026951718,2023-06-29,a0036,44.7084739272,-124.9191167105
l01165,chicago,condo,396866.0011260448,2820.0081288458,2023-10-21,a0016,40.2911494256,-122.0564795177
l01166,los angeles,apartment,753005.9829519591,3274.0127970579,2023-10-04,a0029,31.1867856589,-121.5445839607
l01167,new york,house,160801.9898186684,4355.9976360733,2024-04-07,a0044,39.4931514573,-85.1833366914
l01168,new york,apartment,904466.0106028093,939.9811323159,2023-02-14,a0028,27.744014926,-102.7255668502
l01169,houston,house,1577815.9960666392,4151.9882907955,2023-11-12,a0023,35.9597091044,-103.5967204905
l01170,chicago,condo,1814299.9984474955,2123.0013759164,2024-01-01,a0049,27.9061160933,-100.7059423796
l01171,phoenix,apartment,1684907.005463078,4313.9998645487,2023-10-18,a0009,43.0182698563,-120.881698448
l01172,new york,townhouse,303974.9991789327,4232.0057624968,2023-06-08,a0044,26.9307073426,-104.3890864511
l01173,houston,townhouse,585897.0045713617,2332.98728476,2023-03-15,a0040,47.6089285968,-86.2349650269
l01174,chicago,condo,922243.9923128556,2002.0075998044,2023-12-25,a0043,41.2808379489,-103.9981761952
l01175,chicago,condo,1050603.0038047258,4492.9898577714,2023-01-16,a0005,39.2332505502,-124.4209206463
l01176,houston,apartment,837023.9883943725,4420.9948692302,2023-08-25,a0011,40.2713850601,-72.0228399282
l01177,chicago,condo,1367602.995001075,1543.0018916347,2023-09-18,a0007,39.6869536493,-74.3184046324
l01178,houston,apartment,783397.9833723168,1080.9944927634,2024-02-10,a0020,42.3441971294,-118.0023635814
l01179,phoenix,townhouse,940572.997967437,3885.9967208536,2023-05-03,a0040,46.6621790463,-121.1618336466
l01180,los angeles,house,1111611.997417787,3644.0043268989,2023-02-03,a0022,37.8333097774,-116.7591263542
l01181,los angeles,townhouse,1744824.9912140768,4066.0037332703,2023-10-18,a0022,25.2828887256,-100.51935035
l01182,phoenix,house,462985.9946643485,1137.9848905789,2024-01-14,a0046,32.0705776668,-96.8321747524
l01183,phoenix,townhouse,339751.9998592801,4291.9970228679,2023-06-16,a0036,38.8549829337,-122.4691426681
l01184,new york,townhouse,469462.9933763787,3023.007338441,2024-05-04,a0026,27.96836888,-92.5936395185
l01185,new york,apartment,1537615.005702811,3603.9993797077,2023-06-17,a0032,33.2279461779,-82.6985124484
l01186,new york,apartment,556364.008429008,1637.9923954378,2024-03-30,a0038,40.6543849944,-75.9446874769
l01187,new york,house,1485967.973157829,1722.0154531476,2023-08-20,a0035,41.6196468515,-100.0572905057
l01188,chicago,townhouse,1390948.000562603,4162.9957554591,2023-04-11,a0014,41.1516654228,-109.0256094814
l01189,chicago,condo,1295956.0119475543,2993.9992706128,2024-04-15,a0028,32.3521104234,-79.2279453022
l01190,chicago,apartment,1322066.9925142978,566.0036757608,2023-11-10,a0033,35.7254594171,-78.6979502201
l01191,houston,house,1887832.0006020584,2908.9965407482,2023-02-01,a0024,44.7200323958,-75.264915301
l01192,phoenix,apartment,101767.9906647848,3442.0005339286,2023-02-26,a0019,47.0085450906,-99.9987585367
l01193,new york,house,1005372.99949912,3728.9840265173,2023-11-17,a0021,32.6381985231,-91.2266393581
l01194,houston,townhouse,900199.004962763,4064.9971216193,2023-10-07,a0014,33.8922631579,-90.1362585879
l01195,los angeles,townhouse,391648.0035788106,2040.9931847795,2023-10-12,a0025,41.9505606486,-85.0709259947
l01196,chicago,townhouse,423521.0056410605,2862.9949157484,2024-03-22,a0043,33.9979685853,-115.3198288653
l01197,los angeles,house,124331.9835508548,1086.9891732969,2023-11-28,a0002,35.3354649825,-116.7317529431
l01198,los angeles,townhouse,1479772.005479675,4076.9954040497,2024-05-14,a0009,46.3715091328,-104.9240459754
l01199,new york,house,1446879.9981202686,3905.9950477799,2024-03-16,a0030,28.7099459469,-123.5228554369
l01200,phoenix,townhouse,1407046.0021398289,1971.9833271326,2023-08-21,a0033,40.5045214116,-88.0629769352
