attribute_id,listing_id,bedrooms,bathrooms,floor_number,total_floors,year_built,is_rented,tenant_count,furnishing_status,metro_distance_km,parking_available,power_backup
1,l00001,5,3,9,9,2001,True,4,furnished,7.26,False,True
2,l00002,2,2,19,29,2020,False,0,unfurnished,4.84,True,False
3,l00003,2,3,8,26,2007,True,4,semi-furnished,4.92,False,False
5,l00005,2,2,15,16,2008,True,1,semi-furnished,7.9,False,False
6,l00006,1,3,9,10,2000,False,0,unfurnished,7.25,True,False
7,l00007,4,3,19,37,2012,False,0,unfurnished,7.69,False,True
8,l00008,5,1,5,20,2023,True,2,unfurnished,3.02,False,True
10,l00010,2,1,10,17,2012,True,3,unfurnished,5.37,False,False
11,l00011,5,4,11,14,2021,True,4,furnished,2.44,False,True
13,l00013,3,1,6,15,2007,False,0,semi-furnished,6.2,False,False
14,l00014,1,2,18,26,2002,False,0,unfurnished,3.26,False,True
15,l00015,2,4,19,20,2022,True,3,semi-furnished,3.76,True,False
17,l00017,1,1,25,28,2012,True,1,unfurnished,3.31,False,False
18,l00018,4,3,7,25,2008,True,3,semi-furnished,3.4,False,False
19,l00019,1,1,25,35,1999,False,0,unfurnished,1.57,False,True
20,l00020,4,1,6,16,2015,True,1,semi-furnished,0.45,False,False
21,l00021,1,4,17,20,2014,True,0,furnished,5.29,False,False
22,l00022,1,3,0,36,2014,False,0,unfurnished,7.07,True,False
23,l00023,2,3,16,27,1998,False,0,furnished,5.57,False,False
24,l00024,4,4,11,38,1996,True,4,unfurnished,4.76,False,True
25,l00025,2,3,12,34,1997,True,4,unfurnished,1.14,False,False
26,l00026,2,2,15,28,2017,False,0,semi-furnished,1.82,True,True
27,l00027,3,1,2,31,2013,False,0,furnished,3.88,False,True
28,l00028,3,2,17,25,2015,True,3,semi-furnished,1.87,True,True
29,l00029,3,4,11,37,2010,True,2,furnished,2.2,True,False
30,l00030,5,2,4,31,2022,True,4,unfurnished,7.87,True,False
31,l00031,3,4,0,40,2004,False,0,semi-furnished,4.71,True,False
32,l00032,3,1,2,6,2001,False,0,furnished,4.17,False,False
33,l00033,2,3,10,34,2013,True,2,unfurnished,2.31,False,True
35,l00035,2,1,11,16,1999,False,0,furnished,1.71,False,False
36,l00036,1,4,9,30,2017,False,0,semi-furnished,5.06,False,True
37,l00037,3,3,5,34,1995,False,0,furnished,0.32,True,False
40,l00040,4,1,10,23,1995,False,0,semi-furnished,5.07,True,False
41,l00041,4,3,2,30,2015,True,2,semi-furnished,3.74,True,True
44,l00044,4,1,5,33,1999,True,1,semi-furnished,4.15,True,False
45,l00045,1,3,14,38,2002,False,0,furnished,5.41,True,False
46,l00046,4,1,3,5,2004,False,0,unfurnished,2.25,True,False
47,l00047,1,1,25,34,2020,False,0,semi-furnished,6.48,True,True
48,l00048,3,1,24,27,2022,True,0,semi-furnished,4.48,True,True
51,l00051,2,1,23,25,2000,False,0,unfurnished,7.03,False,True
52,l00052,5,3,4,17,2021,True,0,unfurnished,5.19,True,False
53,l00053,4,3,2,8,2015,True,1,unfurnished,1.52,False,False
54,l00054,4,3,16,37,2001,True,4,semi-furnished,7.95,True,False
55,l00055,5,3,1,21,1999,False,0,unfurnished,4.04,True,True
57,l00057,5,2,4,38,2010,False,0,furnished,0.76,False,False
58,l00058,3,1,8,35,2009,True,0,unfurnished,0.96,True,False
59,l00059,3,1,16,40,1996,False,0,furnished,0.72,True,True
60,l00060,5,1,16,36,2009,False,0,furnished,6.71,False,False
61,l00061,3,2,25,26,1995,True,1,unfurnished,1.25,False,False
62,l00062,5,1,15,27,2020,True,1,furnished,6.42,False,True
63,l00063,4,2,1,15,2006,False,0,semi-furnished,5.18,True,False
64,l00064,1,4,5,40,1997,True,0,furnished,3.18,False,True
65,l00065,3,4,18,29,2021,False,0,furnished,4.6,True,True
66,l00066,2,4,1,20,1998,True,2,furnished,4.43,True,True
67,l00067,3,4,5,33,1997,False,0,semi-furnished,5.08,False,False
68,l00068,4,3,0,8,2004,True,3,unfurnished,4.58,True,True
69,l00069,1,1,20,28,1996,False,0,unfurnished,5.7,False,True
70,l00070,4,3,1,30,1995,True,4,semi-furnished,4.75,True,False
71,l00071,1,3,0,15,2019,True,3,semi-furnished,6.56,True,True
73,l00073,1,3,19,34,1999,False,0,unfurnished,6.78,True,False
75,l00075,1,3,10,29,1995,False,0,semi-furnished,5.01,True,False
76,l00076,4,2,13,18,2015,True,2,unfurnished,7.82,True,True
77,l00077,2,1,21,33,1998,True,3,semi-furnished,4.88,True,False
78,l00078,2,2,5,12,1995,False,0,unfurnished,5.04,True,True
79,l00079,5,3,6,13,2022,True,4,semi-furnished,7.69,False,False
80,l00080,5,1,6,28,2022,True,1,semi-furnished,3.65,True,True
81,l00081,4,2,8,14,2008,True,1,unfurnished,4.74,False,False
82,l00082,1,1,10,14,2007,False,0,furnished,3.86,True,True
83,l00083,4,2,3,17,2004,True,0,furnished,3.21,True,False
85,l00085,5,1,9,19,2018,True,1,semi-furnished,5.61,False,False
87,l00087,3,2,13,31,2014,True,1,unfurnished,2.93,True,False
89,l00089,3,2,5,31,2016,True,4,furnished,7.3,True,False
90,l00090,5,3,14,19,2001,True,4,furnished,3.58,False,False
91,l00091,1,1,3,20,2005,True,3,furnished,6.77,True,False
92,l00092,2,2,14,23,1998,False,0,furnished,3.49,True,True
93,l00093,3,2,3,21,2007,False,0,unfurnished,4.2,True,False
94,l00094,1,4,19,36,1996,True,1,unfurnished,3.38,False,False
95,l00095,4,4,23,40,1999,False,0,semi-furnished,5.52,False,False
97,l00097,3,4,7,23,2006,True,4,unfurnished,7.62,False,True
98,l00098,4,4,9,23,2003,True,4,unfurnished,4.14,True,False
99,l00099,5,3,0,36,2010,False,0,semi-furnished,7.2,False,False
100,l00100,3,4,17,36,2013,True,3,semi-furnished,7.9,False,False
102,l00102,5,3,11,24,2013,True,2,semi-furnished,3.25,True,False
103,l00103,1,4,14,38,2018,True,4,unfurnished,3.07,False,True
104,l00104,1,4,23,38,2006,True,1,furnished,3.56,True,False
105,l00105,3,2,3,21,2020,True,0,furnished,7.95,False,True
106,l00106,3,2,12,35,2001,True,4,semi-furnished,3.38,True,False
107,l00107,5,2,1,24,2004,True,4,semi-furnished,5.56,True,False
108,l00108,1,1,6,18,2023,True,3,semi-furnished,0.81,False,False
109,l00109,2,2,23,25,2023,True,3,unfurnished,7.51,True,True
110,l00110,1,4,0,36,2004,True,2,furnished,2.13,True,False
114,l00114,1,3,1,33,2008,False,0,unfurnished,5.66,False,False
116,l00116,2,1,25,29,2000,False,0,furnished,1.7,False,True
118,l00118,3,3,12,16,2000,True,3,unfurnished,3.41,False,False
119,l00119,3,2,25,36,2023,True,4,semi-furnished,7.77,False,False
120,l00120,5,2,22,40,2023,True,0,furnished,3.24,False,True
122,l00122,2,2,16,27,2005,False,0,semi-furnished,5.69,True,True
123,l00123,5,3,8,36,2008,False,0,unfurnished,4.52,True,True
124,l00124,1,2,9,22,2000,True,1,furnished,2.72,False,True
125,l00125,3,2,15,29,1999,False,0,unfurnished,5.75,True,False
126,l00126,3,2,6,23,2007,False,0,furnished,2.53,False,True
127,l00127,5,1,10,20,2001,False,0,semi-furnished,7.95,False,True
128,l00128,1,3,11,23,2001,False,0,furnished,2.48,True,True
129,l00129,2,2,23,32,2012,True,3,semi-furnished,6.51,True,True
130,l00130,1,1,15,22,2002,False,0,furnished,1.15,False,False
131,l00131,5,3,8,8,2022,False,0,unfurnished,1.31,False,False
132,l00132,1,4,14,32,2022,True,3,unfurnished,0.96,False,True
133,l00133,5,1,5,29,2006,True,3,unfurnished,5.38,True,True
134,l00134,3,3,3,17,2015,False,0,semi-furnished,0.26,True,False
135,l00135,5,3,20,31,2018,True,4,furnished,3.87,False,True
137,l00137,3,4,11,16,2007,True,3,semi-furnished,2.5,True,False
138,l00138,2,2,10,17,2006,True,0,semi-furnished,1.14,False,True
140,l00140,2,1,10,32,1999,False,0,semi-furnished,2.0,False,True
141,l00141,2,2,12,30,2016,True,4,unfurnished,8.0,False,False
142,l00142,4,4,24,37,2021,False,0,furnished,1.38,True,False
143,l00143,3,4,5,31,2013,False,0,unfurnished,1.68,True,True
145,l00145,1,1,16,20,1997,False,0,furnished,2.11,False,False
146,l00146,4,3,16,17,1995,False,0,semi-furnished,3.24,True,True
147,l00147,5,2,18,35,2002,False,0,unfurnished,4.9,False,False
149,l00149,3,3,8,24,1998,False,0,semi-furnished,5.1,True,True
150,l00150,4,1,9,29,2001,False,0,unfurnished,5.55,True,False
152,l00152,3,1,4,23,2010,True,1,semi-furnished,1.46,False,False
153,l00153,1,4,13,19,2020,True,3,furnished,1.65,False,True
154,l00154,3,2,21,39,2020,False,0,semi-furnished,5.81,False,False
156,l00156,1,1,0,14,2010,True,3,semi-furnished,5.72,False,False
158,l00158,3,1,4,30,2018,False,0,semi-furnished,1.46,False,True
160,l00160,4,4,4,17,2006,False,0,semi-furnished,2.42,True,False
161,l00161,3,3,22,23,2019,False,0,semi-furnished,2.74,False,True
162,l00162,4,1,12,33,2002,False,0,semi-furnished,6.96,True,False
163,l00163,4,2,10,22,2023,False,0,furnished,2.33,False,False
164,l00164,2,2,0,11,2020,False,0,semi-furnished,6.44,True,False
165,l00165,4,2,5,31,2008,True,0,unfurnished,5.09,True,True
166,l00166,5,3,8,24,2000,False,0,semi-furnished,3.61,True,True
167,l00167,2,3,4,23,2014,True,1,furnished,1.01,True,False
168,l00168,2,4,21,30,1999,True,3,furnished,1.88,True,False
169,l00169,3,1,21,28,2013,False,0,semi-furnished,7.08,True,True
170,l00170,5,2,9,33,2004,True,2,furnished,5.04,False,False
171,l00171,3,1,21,27,2019,False,0,furnished,1.34,False,True
172,l00172,4,1,9,39,2013,False,0,semi-furnished,0.33,False,False
173,l00173,1,2,6,35,2001,True,2,semi-furnished,3.21,False,False
174,l00174,2,1,9,26,2011,True,4,semi-furnished,4.63,True,False
175,l00175,5,2,17,27,2022,False,0,semi-furnished,5.97,False,True
176,l00176,2,2,21,23,2009,False,0,furnished,7.9,True,False
177,l00177,4,1,13,21,2023,True,2,semi-furnished,4.25,True,False
178,l00178,4,2,16,17,2015,True,4,semi-furnished,2.67,False,False
181,l00181,4,3,10,16,2014,True,3,semi-furnished,1.83,False,False
182,l00182,1,3,17,29,2007,False,0,unfurnished,4.31,False,True
184,l00184,3,1,21,22,2009,False,0,semi-furnished,6.56,True,True
185,l00185,2,1,4,9,2003,True,3,unfurnished,1.54,True,False
186,l00186,4,1,18,23,2023,False,0,furnished,5.66,True,True
187,l00187,1,4,17,27,2003,True,2,unfurnished,3.36,False,False
188,l00188,5,4,9,18,2011,False,0,semi-furnished,5.1,False,False
189,l00189,4,2,7,21,2004,False,0,furnished,1.39,False,True
190,l00190,5,2,15,36,2019,False,0,furnished,7.82,False,False
191,l00191,5,1,9,25,2014,True,1,furnished,4.78,True,False
193,l00193,3,2,5,21,2021,True,0,semi-furnished,7.31,True,True
194,l00194,4,1,13,39,2007,True,3,furnished,2.52,False,False
195,l00195,1,4,10,23,2023,True,3,semi-furnished,0.96,True,True
196,l00196,3,2,15,20,2016,False,0,semi-furnished,6.64,True,True
197,l00197,2,3,2,29,1999,True,4,unfurnished,5.36,True,True
199,l00199,2,3,0,34,2016,False,0,furnished,3.11,False,True
200,l00200,5,2,10,32,2021,True,4,furnished,6.67,False,True
201,l00201,4,3,22,38,2013,True,3,unfurnished,2.32,False,False
202,l00202,4,3,11,35,2004,False,0,unfurnished,3.76,False,True
203,l00203,2,2,4,28,2012,False,0,furnished,2.05,True,False
204,l00204,3,2,24,24,2023,False,0,semi-furnished,3.44,False,True
205,l00205,4,3,22,31,2003,True,4,semi-furnished,3.23,False,False
206,l00206,4,1,8,22,2002,True,2,unfurnished,6.49,True,False
208,l00208,2,3,3,26,1996,False,0,unfurnished,3.63,True,True
212,l00212,2,4,1,40,2002,False,0,furnished,2.03,False,True
213,l00213,4,2,12,27,2016,False,0,semi-furnished,1.19,False,True
215,l00215,3,3,17,32,2013,False,0,unfurnished,6.69,False,False
217,l00217,4,4,7,16,2007,True,0,furnished,5.82,True,False
220,l00220,5,4,6,30,2007,True,4,furnished,5.72,False,True
221,l00221,3,2,7,14,2019,False,0,semi-furnished,1.71,True,False
222,l00222,5,1,1,24,1998,False,0,semi-furnished,6.17,True,False
224,l00224,5,1,10,17,2001,False,0,unfurnished,5.47,True,False
225,l00225,5,4,19,20,2023,False,0,furnished,5.92,True,True
226,l00226,3,4,14,21,2020,False,0,unfurnished,4.66,True,True
227,l00227,2,3,0,22,2003,False,0,furnished,1.1,False,True
228,l00228,4,3,22,22,1999,False,0,furnished,7.3,False,True
229,l00229,1,4,16,27,2002,False,0,furnished,7.95,True,True
230,l00230,3,1,16,40,1998,True,2,furnished,4.43,True,False
231,l00231,5,3,13,32,2017,True,4,semi-furnished,3.09,False,True
232,l00232,5,1,16,28,2007,False,0,semi-furnished,5.77,False,True
233,l00233,2,2,18,23,2022,False,0,unfurnished,6.33,False,True
234,l00234,4,2,13,37,2004,False,0,unfurnished,5.81,False,False
235,l00235,3,2,15,15,2022,False,0,unfurnished,2.42,False,False
236,l00236,3,1,19,23,2016,True,0,unfurnished,0.21,True,True
237,l00237,4,2,3,10,2021,False,0,unfurnished,5.55,False,True
238,l00238,5,1,6,25,1995,False,0,furnished,4.79,False,False
239,l00239,2,2,13,33,2016,False,0,unfurnished,7.94,True,False
240,l00240,3,3,12,33,2022,False,0,furnished,3.67,True,False
241,l00241,1,3,7,38,2019,True,2,furnished,5.91,True,False
242,l00242,2,4,8,19,2003,True,1,unfurnished,6.36,True,True
243,l00243,2,3,0,37,2012,False,0,furnished,7.94,True,False
244,l00244,1,1,9,36,2008,False,0,unfurnished,1.02,False,False
246,l00246,1,1,10,12,1999,True,3,unfurnished,7.74,False,True
247,l00247,5,1,6,38,2016,False,0,semi-furnished,2.51,True,True
248,l00248,2,1,3,11,2014,False,0,unfurnished,4.9,True,True
249,l00249,1,3,1,21,2000,True,3,furnished,5.59,True,False
250,l00250,4,3,8,22,2012,False,0,furnished,2.05,True,True
251,l00251,1,2,20,23,1995,True,3,unfurnished,6.94,False,True
254,l00254,2,1,11,18,2015,False,0,semi-furnished,7.1,False,True
255,l00255,4,3,10,32,2023,False,0,unfurnished,3.2,False,True
256,l00256,4,2,9,18,1997,False,0,furnished,0.47,False,True
257,l00257,3,3,1,20,2009,False,0,semi-furnished,7.4,False,False
258,l00258,5,3,16,16,2002,True,3,unfurnished,2.44,True,False
259,l00259,5,2,5,21,2017,False,0,unfurnished,2.64,False,False
262,l00262,5,4,25,29,2006,False,0,unfurnished,2.72,False,True
264,l00264,3,4,13,28,2018,True,4,semi-furnished,2.39,False,False
265,l00265,1,2,12,39,2012,True,2,furnished,7.21,True,False
269,l00269,3,4,11,26,2005,True,0,semi-furnished,5.9,True,False
270,l00270,5,3,13,25,1999,False,0,semi-furnished,8.0,True,True
273,l00273,4,2,1,16,2004,True,0,semi-furnished,7.67,True,True
274,l00274,1,2,10,37,2019,True,0,semi-furnished,2.35,False,False
276,l00276,3,2,1,21,2002,False,0,furnished,4.01,True,True
277,l00277,3,1,20,26,2012,True,3,semi-furnished,4.6,True,False
278,l00278,2,4,10,21,2007,False,0,unfurnished,7.17,True,True
279,l00279,3,3,0,28,2019,False,0,furnished,1.38,True,False
280,l00280,3,2,1,24,2021,False,0,furnished,7.3,True,False
281,l00281,1,3,5,10,2018,True,2,unfurnished,7.21,False,False
282,l00282,1,2,19,29,2021,False,0,semi-furnished,6.9,True,True
284,l00284,3,2,7,38,2014,True,1,furnished,4.07,True,False
285,l00285,1,1,12,20,2008,False,0,semi-furnished,2.17,False,False
286,l00286,1,3,18,18,1998,True,0,semi-furnished,6.24,True,False
288,l00288,3,1,6,28,2010,False,0,semi-furnished,1.55,False,True
289,l00289,3,2,14,25,2021,True,2,semi-furnished,0.94,False,False
290,l00290,5,1,7,34,2003,True,0,semi-furnished,6.08,False,False
291,l00291,3,1,18,34,2020,False,0,unfurnished,5.09,False,False
292,l00292,5,2,8,31,2015,False,0,furnished,4.92,True,True
293,l00293,3,3,1,12,2012,False,0,unfurnished,3.03,False,True
296,l00296,2,1,21,25,2003,True,1,semi-furnished,7.56,False,False
298,l00298,4,3,3,15,2003,False,0,furnished,7.93,True,False
299,l00299,5,4,4,9,2016,True,1,unfurnished,5.79,False,False
300,l00300,1,1,20,30,2022,True,2,unfurnished,4.59,False,False
301,l00301,1,2,3,32,2002,True,2,unfurnished,4.74,True,True
302,l00302,4,4,9,30,1997,False,0,semi-furnished,7.22,True,True
304,l00304,4,1,3,17,2002,True,3,semi-furnished,0.93,True,True
305,l00305,2,4,6,36,1995,True,0,semi-furnished,3.06,True,False
306,l00306,5,3,17,32,2011,False,0,unfurnished,2.38,True,True
307,l00307,2,2,14,28,2008,True,0,semi-furnished,3.33,False,False
309,l00309,3,2,18,33,2022,True,1,furnished,0.81,False,False
310,l00310,3,4,9,22,1998,False,0,furnished,5.3,True,True
312,l00312,4,4,5,27,2003,False,0,furnished,5.39,False,False
314,l00314,3,2,19,19,2013,True,0,furnished,0.79,False,False
315,l00315,3,2,2,40,2010,False,0,furnished,4.75,True,False
316,l00316,5,4,19,35,2020,False,0,furnished,2.14,True,False
317,l00317,2,2,3,31,2005,True,0,unfurnished,6.31,False,True
319,l00319,4,2,0,39,2013,True,4,unfurnished,3.94,True,False
320,l00320,1,3,20,30,2005,False,0,furnished,7.25,False,False
321,l00321,5,4,19,33,2007,False,0,semi-furnished,1.88,True,True
322,l00322,2,2,23,31,2002,False,0,semi-furnished,4.95,False,False
323,l00323,3,4,22,25,2008,True,4,furnished,1.23,False,True
325,l00325,2,3,25,33,2012,False,0,semi-furnished,0.33,False,True
326,l00326,3,3,4,35,2012,True,0,semi-furnished,2.56,True,False
327,l00327,2,4,16,16,2013,False,0,semi-furnished,7.3,False,False
328,l00328,1,3,25,34,2021,False,0,semi-furnished,5.12,True,False
330,l00330,4,4,6,24,2015,True,0,furnished,7.08,False,True
331,l00331,4,4,17,32,2009,True,0,furnished,1.6,False,False
332,l00332,4,2,10,27,2008,False,0,semi-furnished,7.34,True,True
333,l00333,1,2,2,17,2004,True,4,unfurnished,2.54,True,True
334,l00334,2,2,5,38,1999,True,1,furnished,4.17,False,False
336,l00336,4,4,8,13,2009,False,0,unfurnished,7.02,False,True
337,l00337,3,4,7,14,2013,True,4,semi-furnished,3.01,True,False
338,l00338,1,2,0,28,2012,True,4,unfurnished,1.67,False,False
340,l00340,2,2,13,29,2016,False,0,furnished,1.46,False,False
342,l00342,3,2,8,22,2010,False,0,unfurnished,1.46,False,True
343,l00343,5,3,21,33,1996,False,0,semi-furnished,4.1,False,True
344,l00344,1,1,3,32,2003,True,1,unfurnished,0.59,True,True
345,l00345,5,3,22,34,2013,True,4,furnished,6.55,True,True
346,l00346,5,1,2,18,2007,False,0,unfurnished,1.84,False,False
347,l00347,4,3,8,13,2000,True,3,unfurnished,4.76,False,False
348,l00348,5,3,19,29,1999,False,0,furnished,0.78,False,True
349,l00349,1,2,0,19,2012,False,0,furnished,4.1,True,True
350,l00350,3,3,9,35,2001,False,0,furnished,1.48,True,False
351,l00351,2,1,8,39,2016,True,0,unfurnished,0.49,False,True
352,l00352,5,1,17,28,2018,False,0,furnished,6.63,False,False
353,l00353,4,1,8,14,2005,False,0,semi-furnished,4.24,False,True
355,l00355,3,2,12,19,2007,True,2,semi-furnished,6.63,True,True
356,l00356,2,2,12,18,2019,False,0,semi-furnished,3.99,True,True
357,l00357,3,1,7,7,2022,False,0,unfurnished,0.58,True,True
358,l00358,1,1,6,36,2002,False,0,unfurnished,6.13,True,False
359,l00359,1,2,9,12,2000,True,3,furnished,1.01,False,False
361,l00361,3,2,1,23,2012,False,0,unfurnished,7.67,False,True
362,l00362,1,3,11,37,2000,True,0,furnished,7.13,False,False
363,l00363,2,2,5,15,1995,False,0,semi-furnished,2.02,False,True
364,l00364,5,4,8,28,1998,False,0,unfurnished,1.79,True,False
365,l00365,3,4,25,26,2012,True,2,semi-furnished,0.84,True,False
367,l00367,3,4,19,36,1997,True,1,semi-furnished,2.94,False,False
368,l00368,1,2,7,21,2020,False,0,furnished,7.9,False,False
369,l00369,5,3,24,30,1998,False,0,unfurnished,0.55,True,False
370,l00370,5,1,3,40,2012,True,3,furnished,4.27,True,False
371,l00371,2,1,23,24,2021,False,0,unfurnished,7.3,False,True
377,l00377,2,1,12,24,2009,True,3,unfurnished,0.57,False,True
378,l00378,2,4,24,31,2008,False,0,furnished,7.66,False,True
379,l00379,5,2,12,12,2004,False,0,semi-furnished,4.97,True,False
380,l00380,2,1,3,28,2017,False,0,unfurnished,2.93,True,False
381,l00381,2,3,3,6,1995,False,0,semi-furnished,0.78,False,True
382,l00382,5,1,1,20,1995,False,0,semi-furnished,3.71,True,False
383,l00383,5,4,10,27,1997,False,0,furnished,5.13,True,True
384,l00384,3,3,24,25,2019,True,3,furnished,5.04,False,False
385,l00385,1,4,20,28,2017,False,0,unfurnished,7.39,True,False
386,l00386,4,1,1,11,2010,True,0,semi-furnished,0.81,True,False
387,l00387,2,3,4,26,2005,True,2,semi-furnished,7.02,True,False
388,l00388,5,3,5,6,2019,True,2,unfurnished,7.53,False,True
389,l00389,4,3,5,11,2022,False,0,semi-furnished,4.57,True,False
391,l00391,3,1,13,35,2004,True,2,furnished,0.35,True,False
392,l00392,4,1,1,30,2015,False,0,furnished,1.35,False,False
393,l00393,4,1,10,26,1995,False,0,unfurnished,6.42,False,True
394,l00394,2,3,9,16,2010,True,0,semi-furnished,6.38,False,False
395,l00395,3,3,3,39,2002,False,0,unfurnished,4.09,True,False
396,l00396,3,3,3,23,2019,False,0,furnished,7.38,True,True
398,l00398,4,4,18,32,2021,False,0,unfurnished,1.7,False,True
401,l00401,5,4,15,26,1995,True,3,semi-furnished,0.81,False,True
402,l00402,2,2,24,37,2013,False,0,unfurnished,0.56,False,True
403,l00403,5,4,2,24,2005,True,4,unfurnished,1.67,True,False
404,l00404,4,1,24,25,2005,False,0,semi-furnished,4.14,True,False
405,l00405,2,4,23,28,2009,False,0,unfurnished,0.43,False,True
406,l00406,3,3,22,24,2011,False,0,furnished,0.54,True,False
407,l00407,3,1,6,32,1999,False,0,unfurnished,0.92,True,False
408,l00408,2,1,13,29,2009,False,0,unfurnished,7.01,True,False
409,l00409,3,3,5,18,2007,True,2,furnished,5.03,False,True
411,l00411,3,3,18,34,2020,False,0,unfurnished,3.27,True,True
412,l00412,4,2,22,24,2003,False,0,furnished,0.52,False,True
413,l00413,3,2,9,27,2011,False,0,furnished,4.09,False,False
414,l00414,4,2,25,36,2021,True,4,furnished,3.93,True,False
415,l00415,1,3,4,6,2000,False,0,unfurnished,6.45,False,False
417,l00417,4,3,24,30,2020,False,0,furnished,4.87,False,True
418,l00418,1,4,14,22,2009,True,4,unfurnished,0.54,False,True
419,l00419,2,1,2,31,2011,False,0,unfurnished,6.89,False,True
420,l00420,4,2,8,23,2010,False,0,unfurnished,2.86,True,True
422,l00422,3,4,14,14,2008,True,0,unfurnished,3.93,True,True
423,l00423,4,2,18,18,2000,False,0,semi-furnished,7.69,False,True
424,l00424,2,1,7,27,2012,False,0,unfurnished,6.95,False,False
425,l00425,3,3,21,38,1998,True,1,unfurnished,3.09,False,True
426,l00426,3,4,17,22,2014,True,4,unfurnished,4.87,False,True
427,l00427,1,1,0,8,2000,True,3,semi-furnished,7.46,True,True
428,l00428,5,1,14,20,1995,False,0,unfurnished,0.78,True,False
429,l00429,3,3,18,22,1998,True,1,unfurnished,7.22,True,True
430,l00430,4,4,25,35,2000,False,0,furnished,7.85,True,False
431,l00431,1,3,16,40,1999,False,0,semi-furnished,1.55,False,True
432,l00432,5,3,18,26,2022,False,0,furnished,2.55,False,True
433,l00433,4,4,17,30,1998,False,0,semi-furnished,4.06,True,False
434,l00434,5,2,1,11,2001,True,4,semi-furnished,0.75,False,True
435,l00435,5,2,9,38,2021,True,2,semi-furnished,2.76,True,False
436,l00436,2,2,20,37,1999,True,0,unfurnished,0.27,False,True
438,l00438,2,1,13,14,2017,True,1,furnished,5.96,True,True
439,l00439,2,4,5,39,2020,False,0,furnished,5.99,True,False
440,l00440,5,3,16,22,2008,False,0,unfurnished,5.28,False,True
441,l00441,1,4,2,25,2021,False,0,semi-furnished,5.05,True,True
442,l00442,1,2,25,25,1998,True,3,semi-furnished,4.75,False,True
445,l00445,3,3,10,19,2002,False,0,unfurnished,2.53,True,True
446,l00446,5,2,13,13,2000,True,3,furnished,1.0,True,False
447,l00447,4,2,6,15,2022,False,0,furnished,5.96,False,True
448,l00448,3,1,6,34,2013,False,0,furnished,7.75,False,True
449,l00449,3,3,13,34,1996,False,0,furnished,3.54,False,True
450,l00450,4,1,19,29,2006,False,0,unfurnished,5.51,False,True
451,l00451,3,1,7,10,2003,False,0,unfurnished,1.85,True,False
452,l00452,2,4,4,7,2004,True,1,furnished,6.83,True,False
453,l00453,1,3,8,35,2010,False,0,unfurnished,0.27,True,False
455,l00455,2,4,0,10,2014,False,0,unfurnished,1.37,True,True
456,l00456,1,1,10,10,2000,True,3,unfurnished,1.08,False,True
457,l00457,1,1,4,31,2016,True,0,semi-furnished,4.45,False,False
458,l00458,5,3,12,12,2005,False,0,semi-furnished,0.66,False,True
459,l00459,4,3,21,31,1996,True,1,furnished,5.61,True,False
460,l00460,3,1,16,34,2009,False,0,semi-furnished,1.11,True,False
461,l00461,3,3,12,32,2020,False,0,unfurnished,3.73,True,False
462,l00462,1,4,8,31,2002,True,1,unfurnished,6.99,True,False
463,l00463,1,4,5,27,2015,False,0,semi-furnished,5.95,False,False
464,l00464,4,1,17,18,2013,True,1,furnished,6.85,True,False
465,l00465,3,1,5,23,1995,False,0,unfurnished,4.87,False,False
467,l00467,1,2,4,39,2019,False,0,unfurnished,3.22,True,True
468,l00468,2,4,3,39,2019,False,0,furnished,7.23,True,True
469,l00469,3,1,8,33,2004,False,0,unfurnished,7.95,False,False
470,l00470,2,2,18,37,1998,True,2,furnished,2.9,False,False
471,l00471,4,3,12,38,2023,True,2,semi-furnished,5.16,False,True
472,l00472,3,1,1,39,1997,True,0,semi-furnished,0.84,True,False
475,l00475,1,3,11,21,2002,True,1,unfurnished,4.36,False,False
476,l00476,3,3,4,8,2013,True,3,unfurnished,0.46,False,True
477,l00477,5,2,14,39,1996,True,3,furnished,7.59,True,True
478,l00478,2,1,2,7,1995,True,3,semi-furnished,6.0,True,False
480,l00480,3,2,21,27,2014,True,4,semi-furnished,7.36,False,False
481,l00481,2,2,14,38,2017,False,0,furnished,1.67,False,True
482,l00482,5,1,8,24,1996,True,0,semi-furnished,3.46,False,False
484,l00484,3,1,7,31,2018,False,0,unfurnished,2.09,False,False
485,l00485,5,4,4,6,2004,False,0,unfurnished,1.75,False,False
486,l00486,4,2,8,14,1997,False,0,furnished,1.41,False,True
488,l00488,5,3,15,15,2012,False,0,unfurnished,7.83,False,False
489,l00489,5,3,11,40,2006,False,0,furnished,4.49,True,False
490,l00490,3,2,24,29,2001,True,1,unfurnished,5.46,True,False
492,l00492,2,3,12,22,2012,False,0,furnished,5.97,False,True
493,l00493,4,1,16,36,2022,False,0,unfurnished,7.88,True,True
494,l00494,4,2,15,26,2007,True,4,unfurnished,2.17,True,True
495,l00495,3,1,7,40,2015,True,2,semi-furnished,5.48,False,False
496,l00496,5,1,0,16,1996,False,0,semi-furnished,4.7,True,False
497,l00497,3,1,20,33,2013,False,0,unfurnished,5.91,True,False
498,l00498,3,2,12,38,1997,True,1,unfurnished,7.03,False,False
499,l00499,2,3,25,37,2007,True,2,unfurnished,7.04,True,True
500,l00500,2,3,12,37,2020,False,0,unfurnished,5.01,True,True
501,l00501,3,1,6,17,2014,False,0,semi-furnished,5.76,True,False
502,l00502,2,4,11,16,2009,False,0,semi-furnished,5.81,True,False
503,l00503,2,4,6,13,2020,True,1,furnished,6.24,False,False
504,l00504,5,2,0,14,1996,False,0,unfurnished,6.55,False,True
505,l00505,2,2,11,15,2000,False,0,furnished,6.06,False,True
506,l00506,5,2,17,34,1998,True,2,furnished,7.77,True,False
507,l00507,2,1,10,28,2008,True,0,semi-furnished,3.68,False,False
508,l00508,4,2,23,23,2021,False,0,semi-furnished,4.9,True,False
509,l00509,5,3,9,16,2006,False,0,furnished,3.91,False,False
511,l00511,3,4,13,13,2012,True,0,semi-furnished,5.89,True,False
512,l00512,1,2,8,33,2017,False,0,furnished,4.74,True,True
513,l00513,4,4,9,35,1998,True,1,unfurnished,5.51,True,False
514,l00514,1,4,0,14,2000,True,4,semi-furnished,1.74,False,False
516,l00516,3,4,18,36,2014,True,3,semi-furnished,1.43,True,True
517,l00517,4,2,22,37,2012,False,0,semi-furnished,3.97,False,False
518,l00518,5,3,8,11,2020,False,0,unfurnished,1.01,True,True
520,l00520,3,3,5,29,1997,True,0,unfurnished,0.31,True,False
521,l00521,3,2,15,20,2000,False,0,unfurnished,4.18,False,True
523,l00523,4,1,21,26,2023,False,0,furnished,3.25,False,True
524,l00524,3,2,6,20,2018,True,3,unfurnished,1.97,False,False
525,l00525,2,1,1,32,2003,False,0,furnished,7.96,True,False
527,l00527,2,3,12,18,2012,True,3,semi-furnished,1.21,True,False
528,l00528,5,1,15,37,2007,True,0,furnished,1.87,False,False
529,l00529,5,4,6,32,2019,True,4,unfurnished,2.34,True,False
531,l00531,5,4,13,13,2017,True,0,unfurnished,0.42,True,False
532,l00532,5,3,22,40,2020,False,0,unfurnished,5.69,False,True
533,l00533,3,2,5,10,2004,True,1,unfurnished,0.41,True,False
534,l00534,1,4,5,24,2015,True,4,semi-furnished,5.82,False,False
535,l00535,5,4,1,38,2020,True,4,semi-furnished,2.66,False,False
537,l00537,1,1,9,26,1997,False,0,semi-furnished,1.63,True,True
538,l00538,4,3,17,17,2012,True,2,furnished,5.46,True,False
539,l00539,3,4,25,32,2021,True,2,semi-furnished,1.02,False,True
541,l00541,3,3,18,21,2017,True,0,unfurnished,1.88,True,True
542,l00542,1,3,4,7,2003,False,0,semi-furnished,4.95,False,False
544,l00544,4,3,13,16,1998,False,0,unfurnished,4.9,True,False
545,l00545,4,3,12,21,1995,True,3,furnished,6.3,True,False
548,l00548,3,1,4,40,2020,False,0,unfurnished,4.51,False,False
549,l00549,4,3,11,38,2021,True,1,furnished,3.46,False,False
550,l00550,1,4,16,34,2017,False,0,unfurnished,4.95,False,False
552,l00552,1,1,5,12,2004,False,0,furnished,7.14,False,True
554,l00554,5,2,8,14,2018,True,0,unfurnished,5.03,False,True
555,l00555,1,1,19,24,2023,False,0,furnished,2.83,False,True
557,l00557,5,1,18,35,2019,True,2,unfurnished,5.28,False,True
558,l00558,4,3,12,14,2021,False,0,furnished,5.27,True,False
561,l00561,1,1,14,17,2008,False,0,unfurnished,1.03,True,True
562,l00562,4,4,2,11,2018,False,0,unfurnished,7.87,True,True
563,l00563,1,4,9,27,2021,False,0,furnished,6.33,False,True
564,l00564,5,3,0,30,2005,False,0,unfurnished,6.12,False,False
565,l00565,1,3,5,36,1999,False,0,unfurnished,6.1,False,True
566,l00566,5,4,7,20,2001,False,0,unfurnished,1.83,False,False
567,l00567,2,2,1,28,1997,False,0,furnished,6.55,True,False
569,l00569,1,1,16,33,2003,True,1,furnished,7.41,False,False
570,l00570,2,1,12,37,2019,True,1,semi-furnished,4.39,True,True
571,l00571,1,1,17,25,2004,True,0,furnished,2.38,True,True
572,l00572,4,1,9,14,2016,True,0,semi-furnished,3.77,False,True
573,l00573,5,1,6,28,2009,True,3,unfurnished,7.47,False,False
574,l00574,3,2,9,22,1996,True,1,furnished,0.97,False,True
576,l00576,1,1,5,7,2010,False,0,furnished,0.39,True,True
577,l00577,5,3,13,14,2001,False,0,furnished,3.95,True,True
578,l00578,5,1,22,24,2008,False,0,furnished,6.41,True,True
579,l00579,5,3,2,7,2014,True,1,furnished,2.61,True,False
580,l00580,5,4,21,26,2001,False,0,semi-furnished,1.24,True,False
581,l00581,5,1,21,26,2020,False,0,semi-furnished,7.38,True,True
582,l00582,3,4,18,18,2014,False,0,furnished,6.77,True,True
584,l00584,3,4,12,40,2013,False,0,furnished,3.2,False,True
585,l00585,2,3,4,29,2006,False,0,furnished,5.0,False,True
586,l00586,1,4,9,25,2012,False,0,semi-furnished,3.28,True,False
588,l00588,3,2,0,28,1996,True,2,unfurnished,7.94,True,False
589,l00589,2,3,12,19,1996,False,0,furnished,4.22,True,False
590,l00590,3,3,0,40,2019,True,2,unfurnished,7.19,True,False
591,l00591,2,3,8,12,2016,False,0,furnished,2.93,True,True
592,l00592,5,2,4,10,2017,False,0,semi-furnished,6.88,True,True
593,l00593,1,3,21,32,2012,True,1,semi-furnished,6.19,False,False
594,l00594,2,3,2,16,2010,False,0,unfurnished,4.96,False,False
595,l00595,3,2,14,31,2023,True,2,furnished,5.24,False,False
596,l00596,5,3,11,17,1995,True,4,unfurnished,7.05,True,True
597,l00597,1,4,24,32,1995,False,0,semi-furnished,7.67,False,False
598,l00598,4,2,12,13,2019,False,0,semi-furnished,6.17,False,False
599,l00599,5,4,25,33,2004,True,1,furnished,0.47,False,False
600,l00600,3,2,5,33,2016,True,3,unfurnished,0.22,True,False
601,l00601,4,2,22,33,2002,True,1,unfurnished,4.78,False,True
603,l00603,1,4,3,16,1998,False,0,unfurnished,7.46,True,False
604,l00604,4,2,6,31,2000,True,1,furnished,4.21,False,False
605,l00605,1,1,3,26,2022,True,1,semi-furnished,5.7,True,True
606,l00606,5,1,12,30,1996,True,3,furnished,7.82,False,True
607,l00607,2,3,0,9,2013,False,0,semi-furnished,1.01,True,False
609,l00609,2,1,20,29,2020,True,3,semi-furnished,2.0,False,False
610,l00610,5,1,14,28,2014,False,0,unfurnished,4.54,False,True
611,l00611,3,1,4,27,1995,True,1,unfurnished,7.68,False,True
612,l00612,1,1,24,40,2005,True,4,semi-furnished,5.01,True,True
613,l00613,4,1,2,38,2012,True,2,furnished,2.1,False,True
614,l00614,1,4,13,19,2013,False,0,furnished,6.0,False,False
615,l00615,2,2,8,30,2016,False,0,unfurnished,7.19,True,False
617,l00617,1,2,24,39,2019,False,0,unfurnished,5.67,True,True
618,l00618,2,2,13,23,2022,True,3,semi-furnished,4.02,True,True
619,l00619,1,4,11,22,1995,True,0,unfurnished,3.67,False,True
620,l00620,3,3,17,24,2014,False,0,furnished,4.8,False,False
621,l00621,5,1,7,25,1998,True,3,semi-furnished,0.48,False,True
623,l00623,5,1,20,35,2000,True,3,unfurnished,3.44,False,False
624,l00624,2,4,8,10,2014,True,2,unfurnished,1.28,False,True
626,l00626,2,1,20,40,2016,True,2,furnished,6.26,True,True
627,l00627,3,2,1,28,1997,True,0,unfurnished,5.22,False,True
629,l00629,3,3,3,34,2022,False,0,furnished,5.76,True,True
630,l00630,5,1,23,27,1998,False,0,semi-furnished,7.01,True,False
631,l00631,1,2,5,6,2013,True,3,unfurnished,3.54,False,False
633,l00633,2,4,12,17,1996,True,1,semi-furnished,1.81,False,False
634,l00634,2,3,0,40,2003,True,3,furnished,0.74,True,True
635,l00635,2,1,5,27,2005,False,0,furnished,2.78,True,True
637,l00637,4,4,21,26,2017,True,4,furnished,7.38,True,True
639,l00639,3,3,10,26,2021,False,0,unfurnished,6.97,False,False
640,l00640,2,2,10,13,2002,True,2,unfurnished,0.58,False,True
641,l00641,2,1,7,17,1996,True,4,unfurnished,1.14,False,True
642,l00642,1,1,14,28,2023,False,0,furnished,3.48,False,True
643,l00643,4,2,6,13,1997,False,0,furnished,3.61,True,False
644,l00644,3,4,2,11,1998,True,0,furnished,3.2,True,True
645,l00645,2,2,23,35,2005,True,0,furnished,2.14,False,False
646,l00646,4,4,10,10,2001,False,0,furnished,3.49,False,True
648,l00648,2,4,19,39,2015,False,0,unfurnished,1.85,True,False
649,l00649,1,4,8,30,2013,False,0,semi-furnished,4.81,False,False
650,l00650,4,3,17,40,1995,False,0,furnished,0.38,True,True
652,l00652,5,4,1,34,2022,True,4,semi-furnished,1.2,False,False
653,l00653,2,1,9,18,2002,False,0,semi-furnished,7.25,True,True
656,l00656,1,2,5,27,2018,True,1,furnished,3.58,True,True
661,l00661,2,2,21,35,2010,True,3,unfurnished,1.88,True,True
662,l00662,2,2,1,37,2016,False,0,unfurnished,7.8,False,False
663,l00663,1,2,3,31,2002,True,2,unfurnished,6.6,True,True
664,l00664,5,2,6,12,2019,True,4,unfurnished,5.04,False,True
665,l00665,3,4,6,6,2002,False,0,semi-furnished,5.51,False,False
667,l00667,3,3,3,26,2013,False,0,unfurnished,2.73,True,True
669,l00669,5,1,10,32,1999,True,1,unfurnished,5.99,True,False
672,l00672,1,2,6,25,2018,True,3,unfurnished,6.17,True,True
673,l00673,4,1,23,34,2018,True,1,furnished,1.36,True,False
674,l00674,3,2,18,33,2007,True,1,semi-furnished,5.6,False,True
675,l00675,3,2,8,33,2020,False,0,semi-furnished,2.12,True,True
676,l00676,4,2,17,17,2002,False,0,unfurnished,6.13,True,False
677,l00677,4,1,10,36,2013,False,0,furnished,2.9,False,False
678,l00678,2,2,7,31,1997,False,0,furnished,5.33,False,True
679,l00679,2,1,5,18,2006,True,2,unfurnished,4.21,False,False
680,l00680,2,2,8,27,1995,True,1,semi-furnished,5.42,False,False
682,l00682,3,4,3,13,2011,False,0,unfurnished,1.41,False,False
683,l00683,4,3,10,17,2012,False,0,unfurnished,6.06,False,False
684,l00684,3,1,4,6,1998,False,0,unfurnished,3.58,True,True
685,l00685,2,3,3,19,2018,True,3,unfurnished,6.39,False,False
686,l00686,1,1,3,30,2016,False,0,unfurnished,4.86,False,False
687,l00687,2,3,17,17,1996,False,0,semi-furnished,1.17,False,True
688,l00688,4,2,7,38,2019,True,4,semi-furnished,7.41,True,False
690,l00690,1,4,11,30,2002,True,4,semi-furnished,2.9,False,True
692,l00692,4,2,4,9,2015,False,0,unfurnished,7.4,False,True
693,l00693,3,3,18,23,2000,False,0,furnished,2.28,False,True
694,l00694,1,4,6,25,1996,False,0,furnished,4.66,True,False
695,l00695,1,2,2,37,2011,False,0,unfurnished,6.41,False,True
698,l00698,3,3,13,22,2018,False,0,semi-furnished,5.65,True,True
699,l00699,1,1,11,11,2017,False,0,unfurnished,2.81,False,True
700,l00700,3,1,16,23,2014,False,0,unfurnished,3.28,False,True
701,l00701,3,1,12,23,2016,True,2,unfurnished,0.4,False,False
702,l00702,1,1,6,17,1998,False,0,semi-furnished,7.12,True,True
703,l00703,1,1,3,13,2010,True,2,furnished,6.76,True,False
704,l00704,3,2,0,9,2006,False,0,furnished,3.46,True,False
705,l00705,4,2,11,39,2006,False,0,furnished,3.35,False,False
706,l00706,1,3,12,39,1998,True,0,furnished,7.71,True,True
707,l00707,5,4,25,33,2003,True,4,semi-furnished,4.82,True,False
708,l00708,5,3,7,26,2013,False,0,unfurnished,0.76,True,False
709,l00709,2,3,15,38,2005,True,2,unfurnished,6.48,False,False
710,l00710,3,2,2,22,2009,True,3,unfurnished,5.67,True,False
711,l00711,4,1,4,28,2015,True,3,semi-furnished,1.23,False,True
712,l00712,3,3,12,16,2023,False,0,unfurnished,5.66,False,True
713,l00713,5,1,7,13,2016,False,0,semi-furnished,1.65,False,True
714,l00714,3,1,23,29,2014,True,4,semi-furnished,5.19,True,True
715,l00715,1,3,20,33,2019,True,2,unfurnished,0.94,True,False
716,l00716,4,2,25,40,1995,True,3,semi-furnished,2.91,True,False
717,l00717,5,1,17,17,2003,True,3,furnished,1.74,True,False
720,l00720,1,3,25,34,2013,True,2,furnished,5.91,True,True
721,l00721,3,2,3,22,2011,True,2,semi-furnished,5.96,True,True
722,l00722,1,3,15,39,2017,True,3,unfurnished,1.08,True,False
723,l00723,3,3,15,34,2018,False,0,unfurnished,1.61,True,False
724,l00724,4,4,20,38,2017,False,0,unfurnished,6.23,False,True
725,l00725,4,2,10,35,2003,False,0,semi-furnished,5.41,True,True
726,l00726,3,1,8,11,2013,False,0,semi-furnished,3.53,True,True
727,l00727,5,1,16,30,2014,False,0,unfurnished,5.43,True,False
728,l00728,3,4,16,22,2001,False,0,furnished,5.62,True,True
729,l00729,3,1,25,36,2021,False,0,semi-furnished,7.52,True,True
730,l00730,4,2,5,39,2010,True,3,furnished,7.34,False,False
731,l00731,2,4,1,17,2003,True,1,unfurnished,6.32,False,False
732,l00732,3,4,4,6,1995,False,0,unfurnished,5.76,True,True
733,l00733,3,2,23,32,2022,False,0,furnished,3.69,False,False
734,l00734,4,1,6,33,2019,True,1,furnished,4.02,False,True
735,l00735,2,3,10,30,1999,True,2,semi-furnished,4.43,False,False
737,l00737,5,1,1,29,2012,False,0,semi-furnished,5.57,True,False
738,l00738,2,3,12,29,2006,False,0,unfurnished,5.1,True,True
740,l00740,5,1,22,28,2012,True,4,unfurnished,5.07,False,False
742,l00742,3,2,2,36,2005,True,0,semi-furnished,4.2,True,False
743,l00743,4,1,22,37,2022,True,4,furnished,2.19,True,True
745,l00745,3,4,8,23,2021,True,2,unfurnished,1.76,False,True
748,l00748,5,3,8,24,1995,False,0,furnished,1.35,False,True
751,l00751,1,2,8,27,1999,False,0,furnished,0.85,True,False
752,l00752,1,3,15,26,2018,True,4,unfurnished,4.8,False,True
754,l00754,4,2,1,30,2016,True,1,unfurnished,5.97,False,False
755,l00755,5,3,23,37,2022,True,1,unfurnished,7.34,True,True
756,l00756,3,2,16,29,2004,False,0,unfurnished,6.98,False,True
758,l00758,4,4,4,20,2011,False,0,furnished,7.52,True,True
759,l00759,4,3,18,34,2015,True,3,unfurnished,6.59,True,True
761,l00761,4,2,3,34,1997,True,3,semi-furnished,1.29,False,True
762,l00762,1,2,2,9,2012,True,1,furnished,2.52,True,True
763,l00763,5,3,8,39,2022,False,0,unfurnished,2.25,True,False
764,l00764,4,1,8,32,2018,True,1,semi-furnished,4.16,True,False
765,l00765,1,1,15,37,2002,False,0,furnished,3.53,True,True
767,l00767,1,2,5,26,2023,False,0,furnished,5.72,False,True
768,l00768,4,4,9,40,2015,True,1,unfurnished,6.62,False,False
769,l00769,1,1,4,21,2005,True,2,furnished,3.9,True,False
770,l00770,2,1,4,32,2002,False,0,furnished,2.12,False,True
771,l00771,4,4,1,16,1998,True,2,semi-furnished,0.51,False,True
772,l00772,2,2,10,21,2016,True,1,semi-furnished,3.82,False,True
775,l00775,4,1,5,36,2000,False,0,furnished,4.22,False,False
776,l00776,3,3,4,15,2022,True,4,semi-furnished,1.95,True,True
779,l00779,3,2,20,36,2018,True,0,unfurnished,1.09,True,False
780,l00780,5,2,15,26,2018,False,0,furnished,1.49,True,False
781,l00781,2,1,7,25,1997,False,0,semi-furnished,1.6,False,False
782,l00782,2,2,12,31,2005,True,1,furnished,4.8,True,False
783,l00783,5,3,10,27,2009,False,0,unfurnished,0.58,False,False
784,l00784,4,1,0,34,1998,True,0,semi-furnished,3.01,True,True
785,l00785,5,3,13,27,2015,True,1,unfurnished,6.11,False,False
786,l00786,3,3,24,40,2002,False,0,semi-furnished,4.46,False,False
787,l00787,1,3,5,10,2018,True,3,semi-furnished,7.47,True,True
788,l00788,4,3,19,22,2009,True,0,semi-furnished,4.81,False,True
789,l00789,1,2,10,35,1999,False,0,semi-furnished,0.92,False,False
791,l00791,3,2,23,26,2010,False,0,unfurnished,0.59,False,True
792,l00792,3,2,17,18,2011,False,0,semi-furnished,0.45,False,False
793,l00793,2,2,7,8,2002,False,0,unfurnished,3.38,False,False
794,l00794,1,3,21,34,2004,True,2,semi-furnished,3.79,True,True
795,l00795,3,4,7,20,2020,True,2,furnished,5.99,True,True
796,l00796,1,2,2,38,2004,True,1,unfurnished,2.57,True,True
798,l00798,2,1,6,19,1998,True,3,furnished,7.74,False,False
799,l00799,3,1,16,31,2009,True,0,unfurnished,5.55,False,True
800,l00800,1,3,15,23,2006,False,0,semi-furnished,7.98,True,True
802,l00802,5,3,11,24,2014,True,4,semi-furnished,4.68,True,True
803,l00803,4,4,6,22,2012,True,1,furnished,7.34,True,False
804,l00804,3,4,13,24,1996,False,0,unfurnished,4.97,False,False
805,l00805,3,1,9,39,2018,False,0,furnished,3.59,True,True
806,l00806,3,3,1,12,2019,False,0,furnished,2.9,False,True
807,l00807,1,2,8,20,2015,True,3,furnished,7.53,True,False
809,l00809,1,4,16,25,2018,False,0,unfurnished,4.82,False,True
810,l00810,3,1,10,21,2014,False,0,furnished,1.08,True,False
811,l00811,5,4,3,16,1996,True,4,furnished,2.42,False,False
812,l00812,3,2,12,14,1997,False,0,unfurnished,5.84,True,True
813,l00813,1,1,1,33,1995,True,2,unfurnished,7.62,False,False
814,l00814,2,1,0,14,2014,True,4,semi-furnished,3.62,True,True
815,l00815,2,1,4,10,2011,True,2,semi-furnished,8.0,False,False
816,l00816,4,2,14,14,1998,True,2,semi-furnished,2.38,False,True
817,l00817,4,1,6,24,2021,True,2,unfurnished,4.6,True,False
818,l00818,1,4,20,33,2023,True,4,furnished,4.84,True,True
819,l00819,5,3,20,38,2003,False,0,unfurnished,4.97,False,True
820,l00820,2,3,12,14,2008,True,2,furnished,5.87,False,False
822,l00822,3,2,5,13,2010,True,1,unfurnished,6.47,False,False
825,l00825,4,3,12,39,2022,False,0,semi-furnished,7.21,False,True
826,l00826,4,2,18,29,1997,True,4,unfurnished,6.01,True,False
829,l00829,5,4,24,38,2013,False,0,furnished,1.18,True,True
830,l00830,5,1,0,9,2014,True,2,semi-furnished,1.34,True,True
831,l00831,2,4,19,24,2022,False,0,unfurnished,2.76,False,True
832,l00832,4,2,18,30,2006,True,3,semi-furnished,2.36,True,True
833,l00833,5,1,20,34,2014,True,1,furnished,5.87,False,True
834,l00834,1,4,25,37,2007,True,4,semi-furnished,4.74,False,False
835,l00835,3,1,17,26,2011,False,0,unfurnished,5.35,True,True
836,l00836,1,1,0,23,2006,False,0,unfurnished,4.11,True,True
837,l00837,3,4,7,14,2001,False,0,semi-furnished,1.0,False,True
838,l00838,5,2,3,12,2019,True,0,semi-furnished,3.82,True,False
839,l00839,5,3,1,30,2004,False,0,furnished,2.78,False,False
840,l00840,4,2,1,36,2000,False,0,furnished,2.62,False,True
843,l00843,2,1,17,22,2007,False,0,unfurnished,1.13,True,True
845,l00845,4,1,0,13,2007,True,0,furnished,7.36,True,False
846,l00846,4,1,11,34,2022,True,4,semi-furnished,5.29,True,True
848,l00848,4,1,14,24,2008,True,3,semi-furnished,7.9,False,False
850,l00850,2,3,13,40,2003,False,0,furnished,7.32,True,False
852,l00852,4,2,18,29,2015,False,0,semi-furnished,4.65,False,False
853,l00853,4,1,6,12,2007,True,2,unfurnished,4.33,False,True
854,l00854,2,4,3,20,2020,True,1,semi-furnished,1.61,True,True
856,l00856,5,2,8,26,2003,False,0,unfurnished,3.31,True,True
857,l00857,2,4,1,24,2017,True,4,semi-furnished,3.28,False,False
858,l00858,3,1,0,18,2020,False,0,furnished,4.31,True,False
859,l00859,3,2,20,36,2013,True,4,unfurnished,2.03,True,True
860,l00860,1,1,1,10,2005,True,1,semi-furnished,5.35,True,False
861,l00861,5,2,3,5,2006,False,0,unfurnished,4.22,False,False
862,l00862,3,1,11,30,2018,True,4,semi-furnished,3.65,True,True
863,l00863,5,1,16,18,2009,False,0,unfurnished,0.87,True,True
864,l00864,2,1,3,19,1998,True,2,semi-furnished,4.02,True,False
865,l00865,2,2,22,30,2007,False,0,unfurnished,8.0,False,True
866,l00866,2,3,20,31,2007,False,0,unfurnished,4.14,True,True
867,l00867,3,1,15,22,2004,False,0,furnished,3.57,True,True
868,l00868,4,2,21,22,2016,True,4,semi-furnished,4.15,False,False
869,l00869,5,3,17,23,2006,True,1,semi-furnished,4.98,True,False
870,l00870,2,1,25,27,1998,False,0,semi-furnished,3.44,False,False
873,l00873,3,2,21,31,2001,True,3,furnished,4.04,False,False
874,l00874,3,2,4,18,2011,False,0,unfurnished,6.52,True,True
875,l00875,3,3,7,9,2015,False,0,unfurnished,2.61,True,True
877,l00877,5,4,23,26,2010,False,0,semi-furnished,3.57,False,True
878,l00878,4,4,10,12,2017,False,0,furnished,2.16,False,True
879,l00879,5,4,21,33,2022,False,0,furnished,7.2,False,False
880,l00880,2,2,4,22,2006,False,0,unfurnished,5.11,False,False
881,l00881,4,1,9,26,2011,False,0,furnished,2.17,True,False
882,l00882,3,4,21,32,2006,True,3,unfurnished,6.84,False,False
883,l00883,4,2,8,12,2021,False,0,furnished,2.75,True,False
885,l00885,2,3,17,32,2023,True,2,semi-furnished,1.24,True,True
886,l00886,4,3,25,28,2003,False,0,furnished,4.06,True,False
887,l00887,1,1,7,20,2005,True,4,semi-furnished,4.72,False,False
888,l00888,3,3,2,26,2022,True,1,semi-furnished,3.22,False,True
891,l00891,4,2,15,38,2007,False,0,unfurnished,2.86,True,True
892,l00892,2,1,14,20,2009,True,0,unfurnished,0.31,True,False
895,l00895,3,3,9,35,2023,False,0,semi-furnished,1.11,False,False
896,l00896,3,1,8,31,2005,False,0,unfurnished,1.65,False,False
897,l00897,1,2,5,17,2000,True,2,unfurnished,7.56,True,True
898,l00898,3,4,9,16,2022,False,0,semi-furnished,2.05,True,True
899,l00899,2,3,1,17,2014,True,0,unfurnished,6.48,True,True
901,l00901,5,1,17,17,2018,True,2,semi-furnished,6.34,False,True
902,l00902,2,3,5,24,1995,False,0,furnished,3.03,True,True
903,l00903,2,1,6,8,2017,True,1,semi-furnished,1.53,True,False
904,l00904,3,4,7,27,2009,True,0,semi-furnished,0.33,True,True
906,l00906,2,4,17,38,2016,True,1,furnished,1.59,False,True
907,l00907,2,4,1,22,2015,True,0,furnished,6.95,True,True
908,l00908,5,1,20,39,2011,True,4,furnished,6.89,True,False
909,l00909,3,1,4,39,2001,False,0,unfurnished,2.76,False,False
910,l00910,2,4,11,21,2018,False,0,furnished,7.21,False,True
911,l00911,1,1,24,30,2008,True,4,furnished,3.44,False,False
912,l00912,2,2,16,32,2009,False,0,semi-furnished,1.76,False,True
913,l00913,4,1,4,34,2022,False,0,furnished,6.56,True,False
914,l00914,2,2,25,29,2016,False,0,semi-furnished,4.7,False,False
915,l00915,3,4,8,12,2003,True,0,unfurnished,1.18,True,False
916,l00916,2,4,6,16,1999,False,0,semi-furnished,5.61,True,False
917,l00917,3,4,7,17,2020,False,0,unfurnished,6.4,False,False
918,l00918,4,3,11,27,2009,True,3,semi-furnished,5.43,True,True
919,l00919,5,1,10,24,2018,True,2,furnished,4.72,False,False
920,l00920,1,1,2,24,2010,True,0,semi-furnished,2.33,False,False
922,l00922,4,4,6,24,2000,True,0,semi-furnished,1.38,True,True
923,l00923,3,1,6,12,1998,False,0,semi-furnished,2.62,False,True
926,l00926,2,3,6,6,2001,True,0,furnished,7.6,True,False
927,l00927,3,4,1,30,2009,True,1,furnished,0.9,True,True
928,l00928,2,4,10,37,2020,False,0,unfurnished,0.33,True,False
929,l00929,2,3,11,13,2009,True,0,unfurnished,0.77,True,False
930,l00930,4,3,6,34,1997,True,1,furnished,1.01,True,False
931,l00931,3,2,12,32,2007,True,2,semi-furnished,2.15,False,False
933,l00933,1,1,4,18,2022,False,0,unfurnished,0.52,False,True
934,l00934,5,1,7,26,2008,False,0,semi-furnished,6.55,True,True
935,l00935,4,3,16,18,2019,True,0,semi-furnished,4.35,False,False
936,l00936,5,1,21,24,2001,True,4,furnished,6.03,False,False
937,l00937,5,1,0,15,2022,False,0,furnished,5.98,False,True
938,l00938,3,1,12,38,2014,True,2,furnished,2.62,True,True
939,l00939,2,2,13,21,2003,False,0,unfurnished,7.17,False,True
940,l00940,4,4,4,31,2002,False,0,semi-furnished,2.58,True,True
941,l00941,1,3,23,36,2018,True,0,furnished,1.89,True,False
942,l00942,5,4,10,37,2006,False,0,semi-furnished,5.08,False,True
944,l00944,3,4,14,40,1995,True,2,unfurnished,1.62,False,False
945,l00945,3,2,23,26,2013,False,0,semi-furnished,5.42,True,True
946,l00946,5,4,3,36,1998,True,0,semi-furnished,6.63,True,True
947,l00947,1,3,5,39,1999,True,4,semi-furnished,4.39,True,False
948,l00948,3,2,14,28,2012,True,1,unfurnished,0.24,False,True
949,l00949,1,3,22,38,2001,False,0,semi-furnished,6.93,True,True
951,l00951,3,3,1,31,1997,True,0,semi-furnished,7.91,True,False
954,l00954,3,2,8,39,2007,True,4,furnished,7.49,False,False
955,l00955,3,1,9,18,2004,False,0,semi-furnished,6.04,False,False
956,l00956,3,3,13,19,2003,False,0,furnished,1.94,False,False
958,l00958,3,3,19,33,2005,False,0,semi-furnished,4.07,True,False
959,l00959,3,1,2,33,2003,True,2,semi-furnished,7.03,True,True
960,l00960,5,3,9,31,2019,False,0,unfurnished,2.99,False,True
961,l00961,2,2,21,27,2011,False,0,unfurnished,7.31,True,False
963,l00963,4,4,7,11,2012,False,0,semi-furnished,7.35,True,True
966,l00966,3,3,7,33,1997,True,0,semi-furnished,7.07,True,False
967,l00967,2,1,10,38,2001,True,2,semi-furnished,2.21,False,True
968,l00968,2,1,4,37,2013,True,1,semi-furnished,4.09,False,True
970,l00970,4,1,3,37,2022,True,3,unfurnished,4.05,False,False
971,l00971,2,3,18,24,2002,False,0,unfurnished,3.32,True,False
972,l00972,5,1,1,22,2014,True,4,furnished,3.48,True,True
973,l00973,4,4,13,23,2000,False,0,unfurnished,3.86,True,False
974,l00974,3,1,14,33,1997,False,0,furnished,4.3,False,False
976,l00976,2,4,0,13,2020,True,1,semi-furnished,4.81,True,True
977,l00977,5,1,13,19,2007,True,4,furnished,2.1,False,False
978,l00978,4,1,6,24,2002,True,4,semi-furnished,4.33,False,False
980,l00980,2,2,5,34,2001,True,2,unfurnished,3.7,False,False
982,l00982,5,3,8,37,2005,True,1,unfurnished,2.33,False,False
983,l00983,5,4,5,9,1997,True,2,unfurnished,7.48,False,True
984,l00984,5,3,25,36,2023,False,0,unfurnished,3.0,True,False
986,l00986,5,1,3,28,2007,True,4,unfurnished,0.94,False,False
987,l00987,5,3,0,17,2005,True,4,semi-furnished,1.08,True,True
989,l00989,4,1,17,19,2020,True,0,unfurnished,4.99,False,True
990,l00990,1,3,1,11,2013,True,3,semi-furnished,2.35,False,True
992,l00992,5,4,16,18,1996,False,0,unfurnished,7.48,False,False
993,l00993,4,2,2,36,2007,True,3,furnished,5.74,False,False
994,l00994,5,3,7,26,2009,False,0,unfurnished,0.63,False,False
995,l00995,2,1,13,29,2007,True,1,semi-furnished,2.09,True,True
996,l00996,1,1,3,36,1996,True,0,furnished,7.97,True,False
997,l00997,4,4,18,31,2018,False,0,unfurnished,2.7,False,False
999,l00999,5,2,22,22,2015,False,0,furnished,1.51,False,True
1000,l01000,4,3,4,8,2016,False,0,furnished,0.8,True,False
1001,l01001,4,2,6,10,2007,True,0,furnished,1.29,True,False
1002,l01002,1,2,3,37,2014,False,0,unfurnished,1.41,False,True
1003,l01003,5,3,3,23,2016,False,0,semi-furnished,7.81,True,True
1004,l01004,1,3,2,34,2005,True,3,unfurnished,5.0,False,False
1005,l01005,2,2,24,26,2020,False,0,semi-furnished,7.31,True,False
1006,l01006,4,4,2,14,1996,False,0,furnished,0.29,True,False
1009,l01009,1,1,4,16,2023,True,3,furnished,6.03,True,True
1010,l01010,4,4,2,16,2009,False,0,semi-furnished,4.02,True,True
1011,l01011,5,4,11,35,2008,False,0,semi-furnished,2.3,True,False
1012,l01012,5,3,9,34,1996,True,3,furnished,4.87,True,True
1014,l01014,1,4,16,27,2001,True,4,furnished,4.16,False,False
1015,l01015,3,4,0,39,2000,False,0,furnished,7.72,False,True
1016,l01016,1,3,7,8,2005,True,0,unfurnished,1.53,False,False
1017,l01017,1,2,10,19,2011,False,0,unfurnished,6.95,True,True
1018,l01018,3,2,12,23,2013,False,0,semi-furnished,3.35,False,False
1019,l01019,5,3,4,34,2009,True,3,semi-furnished,6.8,False,False
1020,l01020,2,3,16,24,2014,False,0,unfurnished,5.66,True,False
1021,l01021,2,1,6,9,2017,False,0,unfurnished,4.57,False,False
1023,l01023,3,1,11,24,2016,True,3,furnished,2.7,True,False
1025,l01025,2,1,4,14,2002,False,0,semi-furnished,7.37,False,True
1026,l01026,2,3,4,38,2000,True,1,semi-furnished,6.85,True,True
1027,l01027,2,3,11,40,1998,False,0,unfurnished,3.09,False,False
1029,l01029,4,3,25,27,1998,False,0,furnished,5.62,False,True
1030,l01030,1,1,24,39,2021,True,2,furnished,6.08,False,True
1031,l01031,3,1,2,29,2004,True,1,furnished,5.33,True,True
1032,l01032,5,2,20,25,2023,False,0,unfurnished,5.55,True,False
1033,l01033,5,1,1,33,2023,True,3,semi-furnished,1.15,False,False
1034,l01034,5,4,6,27,2020,False,0,furnished,2.84,True,False
1035,l01035,5,2,3,36,2020,False,0,unfurnished,6.15,True,True
1036,l01036,2,2,15,38,1997,False,0,furnished,6.85,True,True
1038,l01038,4,1,8,33,2012,False,0,semi-furnished,0.58,False,False
1039,l01039,3,4,6,9,2016,False,0,furnished,0.9,False,False
1040,l01040,5,1,8,15,1998,True,1,furnished,6.39,True,False
1042,l01042,3,2,14,31,2023,False,0,unfurnished,6.1,True,False
1043,l01043,1,4,9,33,2021,False,0,unfurnished,7.71,False,False
1044,l01044,4,4,2,22,2003,True,1,furnished,1.31,True,False
1045,l01045,5,3,9,27,2016,True,3,unfurnished,3.97,True,False
1046,l01046,4,1,12,12,2011,True,1,furnished,1.12,True,True
1047,l01047,2,3,9,14,2017,True,0,furnished,4.97,True,False
1048,l01048,1,2,5,26,1995,True,4,unfurnished,2.86,False,True
1049,l01049,2,2,7,14,2006,False,0,unfurnished,6.35,False,True
1050,l01050,5,1,11,20,2015,True,3,unfurnished,3.92,False,True
1051,l01051,5,2,5,19,2016,True,0,unfurnished,4.69,True,False
1052,l01052,1,1,0,16,2004,True,4,unfurnished,4.97,False,True
1053,l01053,1,4,12,37,2012,False,0,furnished,6.69,False,True
1055,l01055,1,2,13,19,2017,True,2,unfurnished,7.37,True,True
1056,l01056,3,4,6,18,1998,False,0,furnished,6.07,False,True
1057,l01057,1,4,8,38,2023,False,0,unfurnished,4.25,True,False
1061,l01061,1,1,10,24,2022,False,0,furnished,0.78,False,True
1063,l01063,4,4,3,26,2022,True,3,semi-furnished,4.53,True,True
1065,l01065,4,1,12,38,2013,False,0,furnished,7.16,False,True
1066,l01066,5,1,15,23,2006,False,0,furnished,2.24,True,True
1067,l01067,5,4,20,21,2000,True,1,furnished,1.4,True,False
1070,l01070,1,3,19,22,2014,False,0,semi-furnished,5.66,False,True
1071,l01071,3,1,12,13,2012,False,0,furnished,7.48,False,True
1072,l01072,5,3,23,30,1998,False,0,unfurnished,1.29,True,True
1073,l01073,5,1,10,39,2014,True,4,semi-furnished,1.25,False,True
1074,l01074,3,2,4,16,2015,False,0,unfurnished,0.31,False,True
1076,l01076,4,3,20,23,2008,True,0,unfurnished,4.69,True,True
1077,l01077,2,2,9,17,2006,True,2,furnished,5.44,True,True
1078,l01078,4,3,15,17,2011,True,1,semi-furnished,5.0,True,False
1079,l01079,5,1,17,36,2009,False,0,semi-furnished,2.41,True,True
1080,l01080,1,2,22,37,2008,True,1,semi-furnished,3.16,False,True
1082,l01082,5,1,21,27,1999,False,0,furnished,4.16,False,True
1083,l01083,3,4,22,22,1995,False,0,semi-furnished,2.43,False,False
1084,l01084,5,1,13,30,2001,False,0,semi-furnished,0.56,False,True
1085,l01085,5,3,2,33,2012,False,0,semi-furnished,6.17,True,False
1087,l01087,5,4,8,10,1996,False,0,unfurnished,5.54,False,False
1088,l01088,3,3,7,40,2005,False,0,furnished,5.91,True,True
1089,l01089,3,4,4,18,2019,True,1,unfurnished,7.0,True,False
1090,l01090,1,1,5,6,1998,False,0,semi-furnished,4.23,True,False
1091,l01091,5,1,11,28,1995,False,0,semi-furnished,2.44,True,False
1092,l01092,1,4,1,36,2020,True,3,furnished,1.01,False,True
1093,l01093,4,4,24,27,2008,True,2,semi-furnished,7.41,True,False
1094,l01094,3,3,1,6,2007,True,3,unfurnished,5.74,False,False
1095,l01095,5,1,15,36,2000,False,0,unfurnished,4.79,True,False
1096,l01096,4,1,23,35,2001,True,0,unfurnished,0.55,True,False
1097,l01097,5,1,12,19,2013,False,0,semi-furnished,6.44,False,True
1098,l01098,5,2,12,21,1996,True,4,furnished,5.16,True,True
1099,l01099,1,4,3,19,2008,True,0,semi-furnished,2.43,False,False
1100,l01100,1,1,10,10,1997,True,0,semi-furnished,4.11,False,False
1101,l01101,2,2,14,17,2012,True,1,unfurnished,7.99,False,False
1102,l01102,2,2,24,36,2003,False,0,semi-furnished,5.77,False,True
1103,l01103,4,3,8,18,2013,True,2,unfurnished,1.8,True,True
1104,l01104,1,4,15,24,1996,False,0,unfurnished,6.31,False,True
1105,l01105,5,2,14,40,2013,False,0,furnished,6.79,False,False
1106,l01106,3,3,12,26,2020,False,0,unfurnished,6.02,True,False
1107,l01107,4,4,0,23,2016,False,0,furnished,6.36,True,True
1108,l01108,5,3,13,30,2020,True,1,semi-furnished,6.05,False,False
1109,l01109,1,2,25,35,2007,True,1,unfurnished,4.41,False,False
1111,l01111,4,2,10,29,1995,True,4,semi-furnished,0.65,True,True
1112,l01112,2,3,0,39,2003,True,3,unfurnished,3.87,False,True
1113,l01113,2,2,17,35,2018,False,0,furnished,2.71,True,True
1114,l01114,2,2,13,22,2016,False,0,furnished,2.6,True,False
1115,l01115,3,3,23,32,2007,False,0,unfurnished,7.89,False,True
1116,l01116,5,1,13,28,2005,True,1,semi-furnished,3.32,True,True
1117,l01117,1,2,13,18,1998,True,0,unfurnished,6.13,False,False
1118,l01118,3,1,6,16,2017,False,0,unfurnished,1.22,False,True
1120,l01120,5,4,1,31,2004,True,4,unfurnished,4.83,False,False
1121,l01121,2,2,12,30,2013,True,1,semi-furnished,7.25,True,False
1123,l01123,2,4,3,13,2016,True,0,semi-furnished,5.2,False,True
1124,l01124,1,2,6,20,1997,False,0,semi-furnished,1.83,False,False
1125,l01125,5,4,15,32,1995,True,4,semi-furnished,7.8,True,True
1126,l01126,3,3,7,9,1998,True,4,unfurnished,7.18,True,True
1127,l01127,4,1,17,18,2011,False,0,unfurnished,3.27,True,False
1128,l01128,5,3,17,35,2017,False,0,semi-furnished,3.26,True,False
1129,l01129,1,2,14,33,2012,True,0,semi-furnished,0.51,False,False
1132,l01132,4,3,14,17,2009,True,2,unfurnished,5.13,True,True
1133,l01133,2,1,15,27,2022,True,4,furnished,4.95,False,False
1134,l01134,5,3,14,25,2005,False,0,semi-furnished,5.65,True,True
1135,l01135,5,3,0,23,2012,True,0,unfurnished,6.32,True,False
1136,l01136,4,1,23,34,2018,False,0,furnished,0.6,True,True
1137,l01137,1,2,17,24,2013,True,2,unfurnished,7.93,True,True
1138,l01138,4,4,1,21,1996,True,1,furnished,6.43,False,False
1139,l01139,1,2,19,25,2012,False,0,semi-furnished,0.27,False,False
1140,l01140,4,4,15,38,1999,True,4,furnished,4.12,False,True
1141,l01141,5,3,12,16,2020,False,0,furnished,3.63,True,False
1142,l01142,3,4,13,19,2018,False,0,semi-furnished,5.02,False,True
1147,l01147,1,4,13,40,2015,True,4,furnished,5.35,True,True
1148,l01148,2,1,25,39,2005,True,1,unfurnished,3.28,True,False
1149,l01149,1,4,14,26,2005,False,0,furnished,0.34,False,True
1150,l01150,5,3,2,22,1995,False,0,furnished,2.77,True,False
1154,l01154,3,3,7,16,2001,False,0,furnished,6.24,False,False
1155,l01155,2,1,22,32,2009,True,0,unfurnished,3.5,False,True
1156,l01156,1,3,14,23,2000,False,0,furnished,4.28,True,False
1157,l01157,4,4,10,12,1999,False,0,semi-furnished,6.01,False,False
1158,l01158,2,4,24,27,2012,True,2,furnished,6.75,True,True
1159,l01159,2,1,0,30,2006,True,3,unfurnished,6.59,True,False
1160,l01160,1,1,1,5,2000,True,0,unfurnished,3.11,True,False
1163,l01163,2,1,4,28,1999,False,0,furnished,6.93,True,False
1164,l01164,1,3,9,15,1996,False,0,semi-furnished,1.96,False,True
1165,l01165,3,1,23,28,2020,True,4,furnished,6.36,True,True
1167,l01167,1,3,8,39,1998,False,0,furnished,2.46,False,False
1170,l01170,1,4,2,38,2000,True,1,unfurnished,5.51,True,True
1171,l01171,3,2,12,14,2020,False,0,furnished,2.03,False,False
1172,l01172,4,1,25,34,2005,False,0,unfurnished,1.71,False,True
1173,l01173,5,3,10,18,2005,True,2,unfurnished,6.97,False,False
1175,l01175,2,1,6,18,2018,True,2,unfurnished,2.54,False,True
1179,l01179,4,2,13,25,2009,True,2,furnished,7.74,False,False
1180,l01180,1,2,20,28,2012,True,0,unfurnished,3.77,True,False
1182,l01182,4,4,2,15,1995,True,2,furnished,6.09,True,False
1183,l01183,1,1,17,29,2003,False,0,furnished,7.43,True,True
1184,l01184,1,4,16,17,2017,True,0,unfurnished,0.34,True,True
1185,l01185,2,3,10,15,1998,True,1,unfurnished,1.39,True,False
1187,l01187,3,4,9,14,2018,False,0,furnished,1.41,False,True
1189,l01189,2,3,9,34,2007,True,1,semi-furnished,5.99,True,True
1191,l01191,4,1,6,7,2012,False,0,furnished,6.77,False,False
1192,l01192,4,3,7,27,2022,True,2,furnished,0.9,False,False
1193,l01193,3,2,4,15,2010,False,0,furnished,0.69,True,False
1194,l01194,1,2,5,29,2023,False,0,semi-furnished,3.29,True,False
1195,l01195,2,1,24,32,1999,True,3,semi-furnished,4.01,False,True
1196,l01196,4,2,10,21,2003,False,0,semi-furnished,4.03,False,False
1197,l01197,1,4,15,23,2005,False,0,furnished,7.13,True,False
1199,l01199,2,2,4,19,2006,False,0,unfurnished,4.65,True,False
1200,l01200,5,4,10,16,2011,False,0,unfurnished,3.84,True,True
1202,l00002,2,2,18,27,2008,True,2,semi-furnished,4.31,True,True
1206,l00006,4,3,3,36,2006,False,0,furnished,1.08,False,True
1207,l00007,4,3,16,20,1999,False,0,furnished,7.28,False,False
1208,l00008,2,2,19,24,2006,True,3,semi-furnished,0.79,False,True
1210,l00010,2,4,15,27,2003,True,3,semi-furnished,5.28,False,True
1211,l00011,4,3,6,30,2007,False,0,semi-furnished,6.72,True,True
1212,l00012,1,4,6,9,2009,False,0,furnished,2.73,True,False
1213,l00013,1,1,10,24,2017,False,0,unfurnished,5.93,False,False
1214,l00014,3,3,24,29,2014,True,1,semi-furnished,5.88,False,True
1215,l00015,1,4,22,26,2016,False,0,unfurnished,7.2,False,False
1216,l00016,4,2,3,26,2012,True,2,unfurnished,1.91,False,False
1217,l00017,4,2,25,34,2018,False,0,furnished,3.79,True,True
1218,l00018,3,3,9,34,2013,True,4,furnished,3.05,False,False
1219,l00019,4,3,3,25,2019,False,0,semi-furnished,7.79,False,True
1221,l00021,1,2,24,40,2023,True,3,furnished,7.72,False,False
1222,l00022,3,4,13,25,2005,False,0,furnished,7.01,False,True
1223,l00023,3,2,9,18,2017,True,1,semi-furnished,1.78,False,True
1224,l00024,1,1,17,31,2009,True,2,semi-furnished,4.56,False,True
1225,l00025,4,4,12,21,2002,True,3,furnished,6.59,False,True
1226,l00026,5,2,3,11,2008,False,0,unfurnished,0.93,False,True
1227,l00027,5,4,25,35,2004,False,0,furnished,7.69,False,False
1230,l00030,3,2,10,29,1998,False,0,furnished,2.22,False,True
1231,l00031,5,4,13,13,2009,True,3,unfurnished,5.79,False,False
1232,l00032,2,2,5,15,2023,False,0,unfurnished,3.08,False,False
1233,l00033,1,3,17,37,2007,False,0,unfurnished,1.68,False,False
1235,l00035,1,2,23,27,2003,True,0,semi-furnished,4.26,True,True
1238,l00038,5,2,23,34,2023,True,4,unfurnished,1.1,False,False
1239,l00039,3,4,7,9,2017,False,0,semi-furnished,5.64,False,True
1240,l00040,3,2,18,28,2000,False,0,furnished,1.37,True,False
1241,l00041,5,2,7,15,2010,False,0,unfurnished,4.3,False,True
1243,l00043,5,2,1,28,1999,False,0,unfurnished,4.41,True,True
1244,l00044,2,4,13,39,1995,True,1,semi-furnished,3.04,True,True
1245,l00045,5,1,20,33,2000,False,0,unfurnished,1.77,False,False
1246,l00046,2,3,6,16,2010,False,0,furnished,2.34,True,True
1248,l00048,2,4,9,40,2023,True,2,furnished,7.37,False,True
1249,l00049,2,1,1,31,2002,False,0,unfurnished,7.99,True,False
1250,l00050,2,3,17,19,2019,False,0,semi-furnished,2.29,False,True
1251,l00051,1,2,8,35,1996,False,0,unfurnished,3.25,True,True
1252,l00052,2,3,4,6,2020,True,2,furnished,3.95,False,True
1253,l00053,1,1,8,15,2005,True,2,unfurnished,6.18,True,True
1254,l00054,4,4,3,6,2016,False,0,furnished,2.59,True,True
1255,l00055,2,4,14,29,2004,False,0,furnished,0.56,False,True
1256,l00056,1,1,3,13,2007,False,0,semi-furnished,5.76,False,False
1257,l00057,3,1,22,35,2010,False,0,furnished,4.22,True,True
1258,l00058,4,1,5,33,2004,False,0,furnished,4.94,False,True
1259,l00059,4,2,6,24,1997,True,0,semi-furnished,7.03,True,False
1260,l00060,1,1,6,34,2005,True,2,unfurnished,2.51,False,True
1263,l00063,3,4,24,39,2013,False,0,furnished,0.56,True,True
1264,l00064,5,1,15,25,2017,True,4,furnished,2.28,True,False
1265,l00065,2,1,16,25,2009,True,1,furnished,7.8,True,True
1267,l00067,3,4,7,20,2020,True,2,furnished,7.88,False,True
1268,l00068,1,2,21,40,2019,False,0,furnished,3.23,False,True
1269,l00069,1,3,5,14,1995,True,2,semi-furnished,0.5,True,False
1270,l00070,2,3,14,23,2007,False,0,unfurnished,0.4,True,False
1271,l00071,4,1,11,21,2011,True,1,semi-furnished,6.02,False,False
1272,l00072,1,2,2,36,2008,False,0,unfurnished,1.11,True,True
1273,l00073,3,4,16,25,2023,False,0,furnished,7.69,False,False
1274,l00074,5,3,3,38,2016,False,0,furnished,6.06,False,True
1275,l00075,1,1,7,13,2023,True,4,furnished,2.83,True,True
1276,l00076,4,2,2,39,2009,True,4,furnished,1.59,True,False
1277,l00077,5,4,21,31,2000,True,4,unfurnished,2.28,True,True
1279,l00079,3,3,14,25,1995,True,2,unfurnished,5.76,True,True
1280,l00080,5,3,1,26,2021,True,2,furnished,0.23,False,True
1281,l00081,3,4,5,16,2012,False,0,unfurnished,3.94,True,False
1282,l00082,1,4,7,21,2003,True,3,unfurnished,6.87,False,True
1283,l00083,5,3,18,39,2016,True,2,semi-furnished,0.26,False,False
1284,l00084,1,1,5,14,2013,True,0,furnished,1.65,False,False
1285,l00085,3,3,10,24,2007,True,3,semi-furnished,7.54,True,False
1286,l00086,2,1,20,40,2012,True,1,semi-furnished,2.54,True,False
1287,l00087,3,4,4,35,1998,False,0,furnished,2.07,True,False
1288,l00088,1,1,1,13,2013,True,0,unfurnished,5.75,False,True
1290,l00090,3,4,10,18,2022,True,3,unfurnished,4.86,False,False
1291,l00091,3,4,6,36,2023,True,0,semi-furnished,7.2,False,True
1292,l00092,4,1,24,34,2018,True,4,furnished,3.56,False,True
1293,l00093,3,4,14,33,1998,True,0,semi-furnished,3.73,True,False
1294,l00094,3,2,18,23,2005,True,2,furnished,6.8,False,False
1295,l00095,1,3,24,31,2017,True,3,furnished,3.75,True,True
1296,l00096,4,3,15,26,2019,False,0,unfurnished,7.25,False,True
1297,l00097,3,3,19,32,2023,False,0,furnished,2.55,False,True
1299,l00099,1,1,9,16,2008,False,0,unfurnished,4.83,True,False
1300,l00100,4,4,17,23,2017,True,3,furnished,2.7,True,False
1301,l00101,2,2,17,33,2005,False,0,furnished,3.73,True,False
1302,l00102,1,1,15,26,2011,True,1,semi-furnished,4.21,True,True
1304,l00104,4,4,13,14,2008,False,0,semi-furnished,3.79,True,False
1305,l00105,1,1,21,21,2011,True,4,furnished,5.4,False,False
1307,l00107,5,1,5,17,2019,True,0,furnished,0.44,False,True
1308,l00108,3,4,8,15,1997,True,1,furnished,0.3,True,True
1309,l00109,2,4,13,29,2009,False,0,unfurnished,2.78,False,False
1310,l00110,1,3,0,26,1996,True,1,unfurnished,3.05,True,False
1311,l00111,5,3,0,35,2017,True,1,semi-furnished,2.38,True,False
1315,l00115,2,2,2,33,2014,True,2,unfurnished,4.52,False,True
1316,l00116,3,1,22,28,2002,True,0,semi-furnished,5.16,False,True
1317,l00117,1,4,11,20,2006,True,4,unfurnished,5.67,True,True
1318,l00118,2,1,1,10,2011,True,4,unfurnished,6.06,False,True
1319,l00119,2,2,11,27,2004,False,0,semi-furnished,1.39,False,True
1320,l00120,5,4,2,22,2007,False,0,unfurnished,5.31,True,True
1321,l00121,2,4,8,31,2003,False,0,unfurnished,1.56,False,False
1322,l00122,4,1,8,26,2019,False,0,unfurnished,2.89,False,True
1323,l00123,3,2,2,21,2005,True,0,unfurnished,7.68,True,False
1324,l00124,3,3,13,38,1996,True,2,unfurnished,2.12,True,True
1325,l00125,2,2,10,20,2010,False,0,unfurnished,7.38,False,True
1328,l00128,1,4,19,33,1996,True,2,furnished,5.69,True,False
1329,l00129,3,4,11,38,2002,True,4,semi-furnished,6.83,False,False
1331,l00131,2,4,19,29,2005,False,0,furnished,1.2,False,True
1332,l00132,1,3,6,12,2020,False,0,unfurnished,1.61,False,True
1333,l00133,1,2,18,36,2002,False,0,unfurnished,7.23,False,True
1334,l00134,1,2,8,8,1999,False,0,furnished,6.51,True,True
1335,l00135,3,4,10,36,1998,False,0,furnished,7.17,True,False
1336,l00136,1,1,25,30,2016,False,0,unfurnished,6.79,True,False
1337,l00137,5,4,6,17,2003,True,0,semi-furnished,0.23,False,False
1339,l00139,1,3,0,5,1997,True,3,unfurnished,3.81,True,False
1340,l00140,3,3,4,23,2007,True,3,unfurnished,6.32,False,True
1341,l00141,3,1,7,10,2005,False,0,semi-furnished,6.2,False,False
1342,l00142,1,4,6,38,2005,True,1,semi-furnished,4.04,False,False
1343,l00143,3,2,17,33,2016,False,0,unfurnished,7.68,True,False
1344,l00144,5,3,20,33,2018,True,1,semi-furnished,3.3,True,True
1346,l00146,4,3,4,23,2011,True,3,semi-furnished,7.67,True,True
1347,l00147,5,3,19,32,1998,False,0,semi-furnished,2.68,True,False
1348,l00148,1,1,4,30,2004,False,0,furnished,6.83,False,False
1349,l00149,4,2,13,24,2003,False,0,semi-furnished,4.5,True,True
1350,l00150,1,2,5,39,1995,True,2,semi-furnished,5.3,True,True
1352,l00152,3,3,17,17,2001,False,0,semi-furnished,0.61,False,True
1353,l00153,4,4,17,21,2000,False,0,semi-furnished,5.69,False,False
1355,l00155,5,1,17,26,2017,True,4,semi-furnished,2.62,True,True
1356,l00156,1,2,24,30,2011,False,0,unfurnished,3.57,False,False
1358,l00158,2,1,17,19,2021,False,0,furnished,4.36,False,True
1359,l00159,3,3,10,33,2008,True,4,unfurnished,7.73,True,False
1360,l00160,1,4,8,35,2022,False,0,semi-furnished,5.65,False,True
1361,l00161,4,3,2,19,2012,True,0,unfurnished,7.83,True,True
1362,l00162,4,1,0,39,2007,False,0,semi-furnished,0.93,True,False
1364,l00164,1,4,10,36,2016,True,4,semi-furnished,7.33,False,True
1365,l00165,1,3,10,14,1999,False,0,unfurnished,6.86,True,True
1366,l00166,4,2,13,33,2017,False,0,furnished,5.56,True,True
1367,l00167,1,3,16,32,2016,False,0,semi-furnished,7.73,False,False
1370,l00170,4,2,19,22,2016,False,0,semi-furnished,3.01,True,True
1371,l00171,4,1,9,15,2011,True,2,unfurnished,3.34,False,False
1372,l00172,1,1,6,10,2007,True,2,semi-furnished,5.52,False,True
1373,l00173,5,4,6,12,2015,False,0,furnished,0.8,False,False
1375,l00175,5,2,0,30,1998,True,4,unfurnished,6.32,False,True
1376,l00176,2,4,5,20,2023,True,0,unfurnished,2.07,False,True
1377,l00177,3,3,13,17,2004,True,3,unfurnished,3.87,False,False
1378,l00178,3,2,16,38,2023,True,0,furnished,3.86,True,True
1380,l00180,4,3,19,19,1996,False,0,furnished,4.92,False,True
1381,l00181,5,4,0,15,2017,False,0,semi-furnished,6.44,False,True
1383,l00183,5,4,16,17,2023,False,0,semi-furnished,1.72,False,False
1385,l00185,3,2,2,19,2020,True,2,unfurnished,3.66,True,True
1386,l00186,1,2,0,28,2006,True,2,unfurnished,5.94,True,False
1388,l00188,1,4,16,22,1996,True,4,furnished,2.14,True,True
1389,l00189,3,4,6,25,2021,True,2,semi-furnished,3.41,True,True
1390,l00190,1,3,12,15,2004,False,0,semi-furnished,3.98,False,True
1391,l00191,4,3,2,31,1999,True,0,unfurnished,7.91,False,False
1392,l00192,2,4,1,21,2001,False,0,unfurnished,5.2,False,True
1393,l00193,2,4,3,13,1996,False,0,furnished,2.67,False,False
1394,l00194,1,1,11,15,1997,True,0,furnished,0.4,False,False
1395,l00195,2,1,14,39,1995,True,0,furnished,5.49,True,True
1397,l00197,2,4,12,35,2007,False,0,semi-furnished,2.9,True,False
1398,l00198,4,1,11,22,2022,False,0,unfurnished,5.55,True,True
1399,l00199,4,1,3,19,1995,False,0,furnished,6.75,False,False
1402,l00202,5,4,23,31,2007,False,0,furnished,5.44,True,True
1403,l00203,4,2,21,27,2018,True,1,unfurnished,1.78,True,True
1404,l00204,5,4,2,33,2020,False,0,unfurnished,4.53,False,True
1405,l00205,5,3,14,28,2020,True,3,furnished,6.14,False,True
1406,l00206,2,3,17,28,2001,False,0,unfurnished,4.31,True,True
1407,l00207,4,4,8,36,2019,False,0,furnished,7.14,False,False
1408,l00208,1,4,11,18,2000,False,0,unfurnished,6.73,True,False
1409,l00209,3,2,18,33,2018,True,0,furnished,3.37,True,True
1410,l00210,3,1,14,28,2021,False,0,unfurnished,7.27,True,True
1411,l00211,2,2,12,32,2010,False,0,semi-furnished,3.35,True,False
1412,l00212,2,2,4,15,2016,False,0,semi-furnished,2.14,False,False
1413,l00213,1,1,0,11,2008,False,0,semi-furnished,3.18,True,True
1416,l00216,2,3,25,30,1996,True,3,semi-furnished,4.37,True,False
1418,l00218,4,4,8,28,2001,True,1,furnished,4.95,True,True
1419,l00219,1,3,5,25,2017,True,4,semi-furnished,7.32,True,True
1420,l00220,4,2,19,38,2015,False,0,unfurnished,6.67,True,True
1422,l00222,1,1,14,31,2001,True,0,unfurnished,6.16,True,False
1423,l00223,2,1,5,10,2007,True,2,furnished,3.04,True,False
1424,l00224,3,3,15,25,2015,True,1,furnished,3.17,True,False
1425,l00225,3,3,16,31,2021,True,3,unfurnished,2.23,False,True
1426,l00226,4,1,25,34,2004,False,0,unfurnished,3.58,True,False
1427,l00227,3,4,18,19,1996,True,0,furnished,6.33,False,True
1428,l00228,4,1,16,36,2021,False,0,unfurnished,1.37,True,False
1429,l00229,1,1,8,18,2010,True,2,unfurnished,6.26,False,False
1431,l00231,3,2,22,23,2015,True,2,semi-furnished,6.54,True,False
1432,l00232,3,4,18,38,2006,True,2,unfurnished,4.33,False,True
1433,l00233,4,2,11,12,2006,True,1,semi-furnished,7.63,False,True
1434,l00234,3,1,6,34,2019,False,0,furnished,7.57,True,False
1435,l00235,5,2,16,34,2020,False,0,semi-furnished,7.87,False,False
1436,l00236,1,1,20,39,2021,False,0,furnished,4.42,True,True
1437,l00237,3,4,8,36,2018,True,4,unfurnished,4.1,True,True
1438,l00238,5,3,7,32,2013,False,0,semi-furnished,7.44,True,False
1440,l00240,1,1,11,39,2009,True,2,semi-furnished,1.42,True,False
1441,l00241,3,3,16,38,2016,True,0,semi-furnished,3.51,False,False
1444,l00244,5,3,21,32,2008,True,0,unfurnished,5.17,False,True
1446,l00246,1,4,13,37,2018,True,4,semi-furnished,4.39,True,True
1447,l00247,4,1,21,38,2022,False,0,semi-furnished,2.11,False,True
1448,l00248,2,2,15,26,2006,True,3,semi-furnished,5.05,True,False
1449,l00249,5,4,15,27,2009,True,2,unfurnished,3.31,True,False
1450,l00250,5,3,2,17,2003,False,0,unfurnished,7.59,True,False
1451,l00251,1,3,25,40,2019,False,0,semi-furnished,1.76,False,True
1452,l00252,1,2,13,13,2014,True,3,unfurnished,5.44,True,True
1453,l00253,2,1,0,40,2022,True,4,furnished,3.18,False,False
1454,l00254,3,2,2,22,2010,False,0,furnished,5.02,True,True
1455,l00255,4,2,3,25,2008,False,0,furnished,2.6,False,False
1456,l00256,4,4,0,6,2016,True,4,furnished,4.27,False,True
1457,l00257,2,4,5,32,2021,True,2,semi-furnished,5.99,True,False
1460,l00260,4,2,16,27,2008,False,0,semi-furnished,2.46,False,True
1462,l00262,1,3,4,13,2007,True,1,unfurnished,6.96,False,True
1463,l00263,2,3,12,17,1997,True,0,semi-furnished,4.66,True,False
1464,l00264,5,1,12,13,2021,False,0,semi-furnished,5.21,True,True
1465,l00265,4,2,22,40,2014,False,0,semi-furnished,3.62,True,False
1466,l00266,5,4,25,29,2012,True,3,furnished,5.05,False,True
1468,l00268,5,1,12,25,2017,True,3,semi-furnished,4.79,True,False
1470,l00270,4,3,8,10,1997,True,1,furnished,0.78,True,False
1471,l00271,1,3,2,34,2011,False,0,unfurnished,2.85,True,False
1472,l00272,2,3,7,35,2011,False,0,semi-furnished,3.95,False,True
1474,l00274,1,3,6,16,2015,True,1,furnished,4.34,False,False
1475,l00275,1,3,16,16,2003,True,4,unfurnished,2.43,True,False
1476,l00276,5,3,4,32,2000,False,0,semi-furnished,4.97,True,True
1477,l00277,2,1,2,40,2020,True,0,furnished,5.99,False,False
1478,l00278,3,1,1,21,2011,False,0,furnished,5.65,True,True
1479,l00279,4,2,5,28,2003,False,0,semi-furnished,4.15,True,False
1481,l00281,2,3,25,29,1999,False,0,semi-furnished,7.78,False,False
1482,l00282,1,2,10,19,2000,False,0,semi-furnished,4.71,False,True
1483,l00283,1,3,0,29,1997,True,3,furnished,2.68,False,True
1484,l00284,5,4,13,17,2011,True,3,unfurnished,3.56,True,False
1485,l00285,4,4,9,26,2020,False,0,unfurnished,4.24,True,False
1486,l00286,5,1,21,38,1999,False,0,furnished,3.35,True,True
1487,l00287,2,4,10,32,2000,False,0,unfurnished,0.37,False,True
1488,l00288,2,1,0,9,2015,True,2,furnished,1.75,True,True
1489,l00289,4,3,24,33,2000,False,0,unfurnished,2.39,True,True
1491,l00291,3,1,3,35,2007,False,0,semi-furnished,5.26,True,False
1492,l00292,3,1,17,18,1996,True,4,unfurnished,2.47,False,False
1493,l00293,3,1,20,30,2023,False,0,unfurnished,1.05,True,True
1494,l00294,2,3,13,26,2023,False,0,furnished,0.99,False,False
1495,l00295,1,1,7,32,1999,False,0,unfurnished,0.73,False,True
1497,l00297,1,3,6,10,2013,False,0,semi-furnished,2.18,False,True
1498,l00298,5,4,1,35,1999,True,0,semi-furnished,2.96,True,True
1499,l00299,2,2,6,21,2005,True,4,semi-furnished,0.28,False,True
1500,l00300,2,1,2,29,2003,False,0,semi-furnished,1.84,True,True
1501,l00301,5,1,10,24,1996,True,4,unfurnished,1.66,True,True
1502,l00302,2,4,8,18,1996,False,0,furnished,7.62,True,True
1503,l00303,4,3,25,27,2002,False,0,unfurnished,4.29,False,True
1504,l00304,2,2,13,36,2002,False,0,unfurnished,5.86,False,True
1505,l00305,3,1,0,20,1995,False,0,unfurnished,7.16,False,True
1506,l00306,2,1,22,24,2014,False,0,unfurnished,1.75,False,False
1507,l00307,4,4,5,32,2002,False,0,semi-furnished,5.93,False,False
1508,l00308,4,2,2,35,2015,False,0,unfurnished,5.67,True,False
1509,l00309,3,1,4,30,2015,True,0,semi-furnished,4.85,True,True
1510,l00310,2,4,11,30,1997,True,1,unfurnished,0.35,False,True
1511,l00311,2,2,6,33,2006,True,0,semi-furnished,0.42,False,False
1512,l00312,3,3,15,19,2018,False,0,furnished,7.95,False,True
1513,l00313,5,2,21,33,2015,True,0,unfurnished,2.94,True,False
1515,l00315,5,1,24,34,2001,False,0,furnished,5.45,False,True
1516,l00316,3,4,22,26,2015,True,0,furnished,4.32,True,False
1517,l00317,5,4,0,35,2001,True,2,furnished,5.28,False,True
1518,l00318,2,2,4,8,2016,True,4,furnished,7.68,True,True
1519,l00319,5,3,11,12,2022,True,2,furnished,6.64,False,False
1520,l00320,1,3,7,22,2008,True,1,unfurnished,7.92,False,False
1521,l00321,1,3,8,13,2017,False,0,furnished,4.52,True,False
1526,l00326,5,3,14,20,2020,True,1,unfurnished,1.61,True,True
1528,l00328,3,3,21,28,2011,False,0,semi-furnished,3.04,False,True
1529,l00329,2,3,1,32,2010,False,0,unfurnished,7.59,True,False
1530,l00330,1,4,7,20,2022,False,0,unfurnished,3.12,False,False
1531,l00331,2,4,22,24,1999,True,2,furnished,6.87,True,False
1532,l00332,5,2,22,25,2019,True,4,unfurnished,2.22,True,True
1533,l00333,3,3,9,27,1999,False,0,unfurnished,3.67,True,True
1535,l00335,3,2,21,34,2012,False,0,unfurnished,2.25,False,False
1536,l00336,1,4,3,21,2004,False,0,furnished,1.28,False,True
1537,l00337,2,1,4,13,2011,True,3,unfurnished,2.6,True,True
1539,l00339,4,4,8,26,2010,True,3,semi-furnished,3.51,False,False
1540,l00340,1,4,18,39,2023,True,4,unfurnished,4.99,False,True
1541,l00341,2,3,6,18,2014,True,2,semi-furnished,3.31,True,False
1542,l00342,4,1,22,26,2011,False,0,semi-furnished,2.56,True,True
1543,l00343,2,3,17,20,2006,False,0,semi-furnished,5.7,True,False
1544,l00344,4,2,1,20,2002,True,3,unfurnished,1.65,True,True
1545,l00345,1,2,13,33,2020,False,0,furnished,2.41,False,False
1546,l00346,2,1,17,25,2020,False,0,unfurnished,5.58,False,False
1547,l00347,2,1,2,8,2008,False,0,furnished,4.66,True,False
1548,l00348,5,3,24,25,2014,False,0,unfurnished,3.86,False,True
1549,l00349,5,2,13,26,1998,True,1,unfurnished,2.29,True,True
1550,l00350,3,1,16,31,2002,True,2,unfurnished,5.34,False,False
1552,l00352,1,3,7,37,2005,False,0,furnished,3.62,True,True
1553,l00353,3,4,0,37,2008,False,0,unfurnished,3.48,False,True
1554,l00354,4,1,18,24,2021,False,0,semi-furnished,1.44,False,False
1555,l00355,1,4,1,28,1998,False,0,semi-furnished,7.53,True,True
1557,l00357,1,1,10,36,2003,False,0,furnished,3.59,False,True
1558,l00358,2,2,14,40,2002,False,0,unfurnished,4.55,True,False
1559,l00359,4,3,16,19,2021,False,0,unfurnished,3.11,True,False
1560,l00360,4,2,12,12,2018,False,0,furnished,7.91,False,False
1561,l00361,5,1,6,15,2001,True,1,unfurnished,3.39,False,False
1562,l00362,2,3,12,21,2019,True,0,furnished,7.01,True,True
1563,l00363,4,3,16,40,2009,False,0,semi-furnished,5.01,False,True
1565,l00365,1,1,15,35,1999,False,0,semi-furnished,6.89,True,True
1567,l00367,4,4,13,28,1996,False,0,unfurnished,3.66,True,False
1568,l00368,1,3,14,17,2014,False,0,semi-furnished,7.93,True,False
1569,l00369,2,4,2,33,2004,False,0,semi-furnished,7.24,False,True
1570,l00370,1,3,7,20,1997,True,3,unfurnished,7.51,True,False
1571,l00371,5,1,7,11,2003,True,1,semi-furnished,0.55,False,False
1572,l00372,1,4,22,30,2005,True,3,unfurnished,3.21,False,True
1573,l00373,4,3,10,37,2018,False,0,furnished,0.82,False,False
1574,l00374,1,3,9,20,2008,True,3,furnished,1.05,True,True
1576,l00376,4,1,13,25,2019,False,0,furnished,5.21,True,False
1577,l00377,4,3,5,38,2002,False,0,unfurnished,0.61,True,False
1578,l00378,3,2,5,30,2002,False,0,furnished,5.31,True,False
1579,l00379,4,4,12,32,2000,True,2,furnished,2.19,True,True
1580,l00380,3,3,1,28,2004,False,0,furnished,5.91,True,True
1582,l00382,1,3,12,25,2014,True,0,semi-furnished,7.58,True,True
1586,l00386,4,2,22,31,2020,True,2,semi-furnished,5.08,False,False
1587,l00387,4,4,21,40,2022,False,0,semi-furnished,2.48,True,False
1588,l00388,3,1,7,25,2003,True,2,semi-furnished,2.67,True,True
1589,l00389,2,3,13,39,1999,True,1,semi-furnished,4.93,True,False
1591,l00391,3,3,13,26,2001,True,0,semi-furnished,0.87,False,True
1592,l00392,2,4,19,37,1996,False,0,semi-furnished,4.11,False,True
1593,l00393,5,3,5,39,2014,True,1,unfurnished,1.21,False,False
1594,l00394,4,2,12,30,2016,True,1,unfurnished,5.25,True,False
1595,l00395,4,4,2,36,2004,True,3,unfurnished,7.34,False,True
1596,l00396,5,3,12,30,2005,True,4,furnished,7.69,False,True
1597,l00397,3,3,4,12,2013,True,0,furnished,5.42,False,False
1599,l00399,5,2,9,38,2000,False,0,furnished,1.34,True,False
1600,l00400,4,3,4,37,2016,False,0,furnished,3.24,True,False
1601,l00401,2,2,10,30,1997,True,4,semi-furnished,1.11,True,True
1602,l00402,1,1,4,9,2020,False,0,furnished,4.47,False,True
1603,l00403,1,1,3,25,2005,False,0,semi-furnished,2.87,True,False
1607,l00407,1,2,20,28,2004,False,0,furnished,2.5,False,False
1608,l00408,2,1,13,27,1996,False,0,furnished,6.01,False,False
1609,l00409,2,2,24,25,2000,False,0,semi-furnished,3.14,False,False
1610,l00410,1,3,0,34,2015,True,1,furnished,4.06,True,False
1611,l00411,3,4,8,33,1995,True,1,semi-furnished,0.77,False,True
1612,l00412,4,3,3,21,2021,True,3,semi-furnished,3.04,False,False
1613,l00413,3,2,0,7,2015,True,1,furnished,4.62,True,False
1614,l00414,2,3,15,18,1998,True,4,furnished,7.12,False,True
1615,l00415,4,4,16,19,1996,True,4,unfurnished,2.55,True,True
1616,l00416,3,3,4,8,2001,True,0,unfurnished,1.37,False,False
1617,l00417,2,4,13,29,2000,True,1,semi-furnished,4.29,True,False
1618,l00418,4,4,12,31,2008,False,0,semi-furnished,6.55,True,True
1619,l00419,1,2,7,23,2007,False,0,unfurnished,4.26,False,False
1621,l00421,3,2,17,26,2008,True,1,semi-furnished,7.06,False,True
1622,l00422,4,1,6,25,2017,True,4,unfurnished,2.75,True,False
1623,l00423,4,1,7,30,2016,False,0,unfurnished,3.82,False,True
1624,l00424,1,4,22,39,2003,True,4,furnished,3.53,False,True
1626,l00426,4,2,3,17,2016,False,0,unfurnished,3.88,True,True
1627,l00427,4,1,6,38,2004,False,0,unfurnished,5.45,False,True
1628,l00428,3,4,19,25,2009,True,3,furnished,1.87,True,False
1629,l00429,1,1,7,36,2014,True,0,unfurnished,7.08,True,True
1630,l00430,1,1,3,15,2009,True,4,unfurnished,1.64,False,False
1631,l00431,2,3,2,26,2014,False,0,unfurnished,4.4,True,True
1632,l00432,1,1,8,11,1998,False,0,unfurnished,1.11,False,True
1633,l00433,5,4,12,23,1998,False,0,unfurnished,1.66,True,True
1635,l00435,4,3,6,18,2018,True,1,semi-furnished,7.64,False,True
1636,l00436,5,2,11,39,1997,True,3,unfurnished,5.88,False,False
1637,l00437,4,4,0,6,2016,True,4,unfurnished,1.96,True,True
1638,l00438,4,4,6,29,1996,True,4,furnished,7.54,False,False
1639,l00439,1,2,8,27,2023,True,4,unfurnished,2.43,False,False
1640,l00440,1,3,11,30,1995,True,1,semi-furnished,5.84,True,False
1641,l00441,3,1,19,24,2001,False,0,furnished,2.08,False,True
1642,l00442,2,4,2,39,2013,True,0,furnished,3.7,False,False
1643,l00443,3,3,0,10,2009,False,0,semi-furnished,5.64,True,True
1645,l00445,2,2,20,28,1996,False,0,unfurnished,7.19,False,False
1646,l00446,3,2,19,24,2000,False,0,furnished,7.48,True,False
1647,l00447,2,2,14,22,1995,False,0,furnished,5.79,True,True
1650,l00450,2,1,13,18,2023,True,0,unfurnished,1.44,False,True
1652,l00452,5,2,19,33,2021,True,4,semi-furnished,5.33,True,True
1653,l00453,4,2,2,35,2011,True,4,semi-furnished,5.95,False,True
1654,l00454,1,3,12,22,2011,False,0,semi-furnished,6.99,True,False
1656,l00456,3,3,1,40,2018,False,0,unfurnished,6.41,False,False
1657,l00457,1,4,5,12,2020,True,0,unfurnished,1.37,True,False
1658,l00458,3,2,3,35,1997,False,0,semi-furnished,2.35,True,False
1659,l00459,1,3,14,15,1999,True,4,semi-furnished,5.42,True,True
1660,l00460,3,3,11,23,2007,False,0,semi-furnished,0.75,False,True
1661,l00461,1,2,15,25,2015,False,0,unfurnished,5.41,False,False
1662,l00462,4,2,5,29,2001,True,2,semi-furnished,5.58,False,False
1663,l00463,2,3,9,10,2015,False,0,furnished,4.34,True,True
1664,l00464,4,4,20,38,2009,False,0,semi-furnished,0.71,False,True
1665,l00465,3,1,17,23,2019,False,0,unfurnished,0.28,False,True
1666,l00466,4,4,16,36,2017,False,0,unfurnished,2.17,True,True
1667,l00467,2,2,6,24,1996,False,0,unfurnished,0.39,False,False
1668,l00468,3,3,18,37,2022,False,0,unfurnished,2.92,False,True
1670,l00470,4,3,6,26,2019,False,0,unfurnished,1.17,True,True
1671,l00471,3,1,8,11,2000,True,2,unfurnished,2.15,False,True
1672,l00472,2,2,18,21,2020,True,4,semi-furnished,1.73,True,True
1673,l00473,2,4,7,28,2002,False,0,furnished,1.76,True,True
1675,l00475,4,3,1,38,2012,True,0,furnished,6.58,False,True
1676,l00476,5,4,6,16,2015,True,3,semi-furnished,6.14,False,True
1680,l00480,4,1,23,28,2014,False,0,furnished,2.39,False,True
1681,l00481,3,4,0,21,2007,True,0,unfurnished,0.3,False,True
1683,l00483,1,1,22,40,2009,True,4,unfurnished,0.92,True,False
1684,l00484,2,3,1,29,2008,True,0,unfurnished,2.53,True,False
1686,l00486,3,1,19,33,2016,False,0,unfurnished,5.71,True,True
1687,l00487,1,1,9,33,1999,True,0,furnished,4.42,True,True
1688,l00488,5,1,12,23,2011,False,0,furnished,7.06,True,False
1689,l00489,4,3,1,16,2017,True,3,unfurnished,4.55,True,True
1690,l00490,2,1,20,20,2005,False,0,semi-furnished,7.23,True,True
1691,l00491,2,2,0,35,2018,False,0,furnished,5.91,False,False
1692,l00492,3,1,8,33,2017,False,0,furnished,1.7,False,False
1693,l00493,2,1,8,31,1999,False,0,furnished,7.66,False,True
1694,l00494,2,1,17,24,2007,True,2,furnished,3.76,False,True
1695,l00495,5,1,1,34,2022,False,0,unfurnished,5.12,False,True
1696,l00496,2,1,21,35,2003,False,0,unfurnished,5.35,False,False
1697,l00497,3,2,16,21,1998,True,0,furnished,2.41,True,False
1698,l00498,4,4,8,28,2013,False,0,semi-furnished,5.37,False,False
1699,l00499,2,2,11,20,2023,True,2,furnished,3.84,True,False
1700,l00500,2,3,12,19,2000,False,0,semi-furnished,2.14,True,False
1701,l00501,4,1,8,38,2002,False,0,furnished,5.06,False,True
1703,l00503,4,4,7,32,2022,True,1,furnished,1.2,False,False
1704,l00504,1,1,13,31,2017,True,3,furnished,7.04,False,False
1705,l00505,5,3,18,26,1999,True,4,semi-furnished,7.31,True,False
1706,l00506,3,1,21,36,2015,True,0,furnished,1.35,True,True
1707,l00507,4,4,14,38,2006,True,3,semi-furnished,6.57,False,False
1708,l00508,2,2,9,18,2004,False,0,unfurnished,3.44,False,True
1709,l00509,3,2,22,40,2004,False,0,semi-furnished,7.21,False,False
1710,l00510,4,1,16,33,2002,False,0,semi-furnished,0.23,True,False
1711,l00511,2,3,21,32,2000,True,0,semi-furnished,2.34,True,True
1713,l00513,3,3,2,19,2009,False,0,unfurnished,1.73,True,False
1714,l00514,4,1,0,10,1999,True,0,semi-furnished,6.71,False,False
1715,l00515,1,4,11,30,2008,False,0,unfurnished,2.48,False,True
1716,l00516,4,4,21,38,1997,False,0,unfurnished,2.66,False,True
1717,l00517,4,1,18,37,2005,True,0,semi-furnished,0.84,True,False
1719,l00519,2,4,17,35,1995,False,0,furnished,1.15,True,True
1720,l00520,2,2,6,16,2001,False,0,furnished,7.53,False,False
1721,l00521,2,1,9,23,2015,False,0,unfurnished,5.34,False,True
1722,l00522,1,4,1,25,2015,True,0,furnished,5.89,False,False
1723,l00523,1,4,5,38,2006,True,0,unfurnished,4.72,True,True
1725,l00525,2,4,13,33,2012,False,0,unfurnished,1.87,True,False
1729,l00529,1,4,25,31,2022,False,0,furnished,2.4,False,False
1730,l00530,5,4,5,6,2012,False,0,semi-furnished,3.48,True,True
1731,l00531,4,3,6,6,2020,True,0,semi-furnished,3.73,True,True
1733,l00533,5,4,11,23,2011,True,4,semi-furnished,2.0,False,False
1734,l00534,4,3,1,7,1998,False,0,furnished,2.82,True,True
1735,l00535,5,3,3,17,2004,False,0,unfurnished,2.5,True,True
1736,l00536,2,3,0,21,2007,False,0,furnished,5.26,True,False
1737,l00537,5,4,24,32,2003,False,0,unfurnished,1.93,True,True
1740,l00540,5,1,6,20,2009,False,0,unfurnished,1.29,True,True
1741,l00541,1,4,24,25,2015,False,0,furnished,6.45,True,False
1742,l00542,2,1,7,20,2013,False,0,semi-furnished,4.62,False,False
1743,l00543,3,3,17,33,2000,False,0,unfurnished,0.37,False,False
1744,l00544,2,1,16,28,2009,False,0,unfurnished,3.74,True,False
1745,l00545,1,1,23,35,1996,True,1,furnished,7.82,True,True
1746,l00546,3,1,0,28,2006,False,0,unfurnished,4.9,False,False
1747,l00547,5,2,3,28,1997,True,1,semi-furnished,2.43,False,True
1748,l00548,4,1,25,40,2010,True,1,semi-furnished,6.14,True,True
1750,l00550,3,2,13,36,2020,True,1,unfurnished,1.7,True,True
1751,l00551,4,3,14,33,2002,True,0,unfurnished,7.44,False,True
1752,l00552,2,4,16,22,1995,False,0,semi-furnished,6.63,False,False
1753,l00553,3,1,10,36,2019,True,3,furnished,1.3,True,False
1754,l00554,4,2,21,32,2010,True,2,semi-furnished,4.37,True,False
1755,l00555,2,1,16,25,2015,True,2,unfurnished,1.06,False,False
1757,l00557,5,3,25,39,2006,True,1,furnished,5.12,False,True
1758,l00558,1,3,6,38,1995,False,0,unfurnished,3.09,True,False
1760,l00560,2,4,2,6,2018,False,0,semi-furnished,5.37,True,True
1762,l00562,5,3,11,29,1996,False,0,semi-furnished,3.59,False,False
1763,l00563,1,3,10,17,2022,True,4,unfurnished,1.64,True,True
1764,l00564,3,3,1,30,2013,True,1,semi-furnished,7.51,True,True
1766,l00566,4,2,4,28,2004,False,0,semi-furnished,5.36,False,True
1767,l00567,5,4,2,30,2021,False,0,unfurnished,3.49,True,False
1769,l00569,4,1,4,35,2015,True,3,unfurnished,1.24,True,False
1771,l00571,1,2,10,11,2018,True,2,semi-furnished,1.61,False,True
1773,l00573,1,4,2,24,2013,False,0,semi-furnished,4.1,False,False
1774,l00574,3,2,10,17,2022,True,2,semi-furnished,7.42,True,False
1775,l00575,1,4,14,36,2003,False,0,unfurnished,6.56,False,True
1776,l00576,4,4,17,19,2018,True,1,semi-furnished,1.45,False,True
1777,l00577,1,3,4,34,1997,False,0,semi-furnished,4.78,True,True
1778,l00578,3,1,10,39,2018,True,3,unfurnished,5.48,True,False
1780,l00580,1,1,6,26,2008,True,4,unfurnished,3.13,False,False
1781,l00581,4,1,2,5,2012,True,0,furnished,1.32,False,True
1782,l00582,1,1,0,23,2015,False,0,furnished,7.92,True,True
1783,l00583,4,4,12,38,2018,False,0,unfurnished,7.13,True,True
1784,l00584,5,4,2,40,2009,False,0,furnished,4.7,False,False
1785,l00585,3,3,8,37,2023,True,4,unfurnished,2.33,True,False
1786,l00586,1,3,2,31,2004,False,0,semi-furnished,2.81,True,True
1787,l00587,3,2,24,34,2005,True,1,unfurnished,7.27,False,False
1789,l00589,5,1,12,27,2019,False,0,furnished,6.59,False,True
1790,l00590,2,2,15,31,2009,False,0,unfurnished,0.9,True,False
1791,l00591,5,4,6,21,2012,True,4,furnished,5.21,False,True
1792,l00592,4,3,18,34,2013,False,0,furnished,1.12,False,False
1795,l00595,2,3,2,32,2012,False,0,furnished,2.14,True,False
1796,l00596,2,2,9,17,2014,False,0,unfurnished,5.54,False,False
1797,l00597,3,3,11,27,2015,False,0,furnished,6.21,True,False
1799,l00599,3,4,24,40,2020,False,0,furnished,2.02,False,False
1800,l00600,1,2,3,28,2013,True,2,unfurnished,3.01,False,False
1801,l00601,5,2,14,24,2000,True,4,furnished,6.75,True,True
1802,l00602,5,4,22,40,2001,True,2,semi-furnished,5.49,True,True
1803,l00603,1,1,23,34,2020,False,0,unfurnished,7.6,False,True
1804,l00604,1,1,15,30,2006,False,0,unfurnished,4.63,True,False
1805,l00605,4,1,21,30,2018,True,1,furnished,1.24,False,True
1806,l00606,4,3,10,26,1997,False,0,semi-furnished,7.16,False,True
1807,l00607,1,2,1,11,2017,True,2,unfurnished,5.6,False,True
1808,l00608,3,2,14,23,2015,True,4,unfurnished,3.93,True,True
1809,l00609,5,3,17,39,1997,False,0,furnished,1.94,True,False
1811,l00611,1,3,12,25,1997,False,0,unfurnished,3.16,True,False
1813,l00613,5,2,7,27,2022,True,4,unfurnished,0.66,True,False
1814,l00614,1,3,8,19,2013,False,0,semi-furnished,0.82,True,True
1815,l00615,3,3,14,25,2014,False,0,furnished,7.52,True,True
1816,l00616,1,4,3,18,1998,True,2,unfurnished,6.45,True,True
1817,l00617,1,1,10,30,2017,False,0,semi-furnished,3.21,True,False
1818,l00618,4,1,12,33,1995,False,0,semi-furnished,6.76,False,True
1819,l00619,4,1,0,25,2020,True,0,semi-furnished,0.23,False,False
1820,l00620,5,1,14,35,2019,True,0,unfurnished,7.25,False,True
1822,l00622,2,4,19,35,2010,True,3,semi-furnished,2.41,True,True
1823,l00623,4,1,20,34,2004,False,0,semi-furnished,3.31,True,False
1824,l00624,2,1,24,27,2001,False,0,semi-furnished,7.89,False,False
1825,l00625,1,2,17,31,2020,False,0,unfurnished,3.78,True,False
1826,l00626,1,2,5,10,2022,False,0,semi-furnished,1.23,False,True
1827,l00627,4,1,15,40,2009,False,0,furnished,2.52,False,True
1828,l00628,1,2,8,10,2022,True,3,furnished,2.08,False,True
1829,l00629,1,3,22,39,2011,False,0,semi-furnished,2.07,False,True
1830,l00630,5,2,8,8,2017,True,2,unfurnished,7.94,True,True
1831,l00631,2,3,10,12,2012,True,1,semi-furnished,5.11,True,False
1832,l00632,2,4,4,8,2005,False,0,furnished,3.9,True,True
1833,l00633,3,2,12,19,2014,True,4,furnished,3.24,False,False
1834,l00634,1,1,20,25,2006,False,0,furnished,3.05,True,True
1835,l00635,4,2,6,38,2011,False,0,semi-furnished,7.31,False,False
1836,l00636,2,2,24,29,1999,False,0,furnished,5.21,False,False
1837,l00637,1,1,17,29,2022,False,0,semi-furnished,3.33,False,True
1839,l00639,2,4,24,26,2008,True,1,furnished,7.46,False,True
1840,l00640,4,3,15,30,2012,True,4,unfurnished,3.59,True,False
1841,l00641,4,4,10,10,2006,False,0,furnished,6.38,False,True
1842,l00642,3,3,3,33,2023,True,2,furnished,3.42,False,False
1843,l00643,2,3,11,26,2003,True,1,semi-furnished,4.96,True,False
1844,l00644,1,4,2,15,2003,False,0,semi-furnished,2.84,True,False
1846,l00646,4,3,4,26,2021,True,0,semi-furnished,6.83,False,False
1848,l00648,4,2,1,32,2007,False,0,semi-furnished,3.01,False,True
1849,l00649,4,3,11,19,1997,False,0,semi-furnished,5.62,False,False
1852,l00652,2,2,3,24,2018,False,0,semi-furnished,5.04,False,True
1853,l00653,2,3,12,15,2008,False,0,unfurnished,4.57,False,False
1855,l00655,4,3,4,9,1998,True,0,unfurnished,3.31,False,True
1856,l00656,3,2,4,35,1995,False,0,semi-furnished,2.42,False,False
1857,l00657,5,4,15,26,2014,False,0,furnished,2.67,True,False
1858,l00658,4,2,19,29,2016,False,0,semi-furnished,1.69,True,False
1859,l00659,5,1,1,39,2006,True,4,furnished,3.14,True,True
1860,l00660,2,1,12,12,2015,False,0,semi-furnished,6.11,True,True
1861,l00661,2,3,11,17,1995,False,0,unfurnished,4.46,False,True
1862,l00662,1,3,4,6,2009,False,0,unfurnished,1.63,False,False
1863,l00663,2,1,8,34,2015,True,3,unfurnished,5.27,True,False
1864,l00664,1,4,5,9,2004,True,0,semi-furnished,3.64,True,True
1865,l00665,3,2,18,23,1997,True,0,unfurnished,3.32,True,False
1866,l00666,4,3,12,13,2021,False,0,furnished,0.33,True,False
1867,l00667,3,2,6,30,2014,True,2,furnished,3.54,False,False
1868,l00668,2,1,1,16,2021,False,0,unfurnished,1.83,False,True
1869,l00669,5,4,22,35,2002,False,0,unfurnished,5.6,False,False
1870,l00670,4,4,9,14,2004,True,1,semi-furnished,5.71,False,True
1871,l00671,1,3,17,30,1995,True,3,furnished,2.25,True,False
1873,l00673,3,3,0,19,2019,True,1,unfurnished,6.11,True,True
1875,l00675,4,2,5,11,2009,False,0,unfurnished,4.2,False,True
1877,l00677,5,3,16,37,2013,True,4,unfurnished,6.27,True,True
1880,l00680,3,4,4,31,2000,False,0,unfurnished,7.1,True,False
1881,l00681,2,4,12,25,2020,True,0,furnished,4.75,True,False
1882,l00682,5,4,21,35,1998,True,2,unfurnished,2.39,True,True
1883,l00683,5,4,23,39,2017,False,0,semi-furnished,7.51,True,False
1885,l00685,2,4,4,34,2001,False,0,furnished,6.36,True,True
1886,l00686,1,4,11,17,2010,True,1,unfurnished,4.65,True,False
1887,l00687,2,2,13,23,2010,False,0,furnished,2.74,True,False
1889,l00689,3,4,11,30,2018,True,0,semi-furnished,0.61,True,True
1892,l00692,1,2,13,31,2005,True,3,furnished,7.53,True,True
1893,l00693,4,4,15,17,2011,True,2,unfurnished,1.06,True,False
1895,l00695,2,3,4,39,2006,True,3,semi-furnished,2.17,True,False
1896,l00696,5,3,12,37,2011,False,0,unfurnished,6.24,False,False
1897,l00697,5,4,10,37,2008,True,1,unfurnished,1.17,False,True
1898,l00698,4,3,22,39,2009,False,0,furnished,4.11,False,True
1899,l00699,1,2,20,23,2005,True,4,furnished,4.27,True,True
1900,l00700,1,1,15,35,2006,False,0,semi-furnished,1.82,True,True
1901,l00701,3,4,23,35,2009,False,0,furnished,1.76,True,True
1904,l00704,3,1,24,26,2015,False,0,furnished,4.48,False,True
1905,l00705,1,1,1,8,2012,True,1,furnished,3.62,False,False
1906,l00706,1,2,15,16,2018,True,1,unfurnished,1.66,False,False
1907,l00707,5,3,5,21,2022,False,0,unfurnished,1.37,True,False
1908,l00708,2,3,14,34,2014,True,3,semi-furnished,7.98,False,False
1909,l00709,5,3,20,20,1997,False,0,unfurnished,4.15,False,False
1910,l00710,5,1,2,40,1996,False,0,semi-furnished,5.25,True,True
1911,l00711,1,3,15,25,2012,False,0,unfurnished,6.56,True,False
1912,l00712,4,4,17,36,2007,False,0,unfurnished,4.75,True,False
1913,l00713,5,2,6,31,2023,False,0,furnished,1.0,False,True
1914,l00714,2,4,6,9,1997,True,2,furnished,5.17,False,False
1915,l00715,5,2,22,27,2003,False,0,unfurnished,1.01,False,False
1916,l00716,5,4,24,39,1996,False,0,furnished,7.94,True,True
1919,l00719,4,1,4,12,2010,True,2,furnished,3.96,False,False
1920,l00720,5,3,16,24,1995,True,3,unfurnished,3.46,False,False
1921,l00721,5,2,6,39,2014,False,0,unfurnished,5.85,True,False
1922,l00722,3,4,2,12,1999,False,0,semi-furnished,4.29,True,False
1923,l00723,3,1,17,36,2023,False,0,semi-furnished,4.38,False,True
1924,l00724,4,1,9,11,2017,True,2,furnished,1.71,True,False
1925,l00725,2,4,6,38,2009,True,0,semi-furnished,5.4,False,False
1926,l00726,1,3,16,31,1996,True,0,furnished,3.4,True,True
1927,l00727,4,2,9,25,2014,False,0,semi-furnished,6.59,False,False
1928,l00728,3,3,12,31,2007,True,4,furnished,2.41,True,False
1929,l00729,1,3,18,37,1996,False,0,unfurnished,2.06,False,False
1930,l00730,1,2,10,17,2019,True,1,unfurnished,2.11,False,True
1931,l00731,5,2,0,30,2022,False,0,furnished,5.89,True,True
1932,l00732,3,2,4,16,2018,True,2,unfurnished,6.05,False,True
1933,l00733,5,2,5,15,2013,False,0,furnished,0.81,False,True
1934,l00734,5,3,6,25,2003,True,4,unfurnished,1.24,True,True
1938,l00738,2,2,14,34,2018,True,3,unfurnished,3.88,True,True
1940,l00740,3,2,9,27,1997,False,0,semi-furnished,1.62,False,True
1941,l00741,4,4,1,32,1995,True,3,semi-furnished,4.26,False,True
1942,l00742,3,3,1,37,2007,False,0,semi-furnished,2.71,False,True
1943,l00743,5,1,7,18,2014,True,4,unfurnished,6.89,True,False
1944,l00744,2,2,16,38,2015,True,4,unfurnished,2.63,True,True
1945,l00745,4,3,9,40,2019,True,2,furnished,5.94,False,True
1947,l00747,3,2,6,28,2008,False,0,furnished,3.88,False,False
1948,l00748,1,2,6,34,2014,False,0,furnished,5.0,True,False
1949,l00749,5,1,19,36,2003,False,0,furnished,3.84,False,True
1950,l00750,5,1,23,27,1995,True,2,unfurnished,1.08,False,True
1953,l00753,4,3,15,24,2020,False,0,semi-furnished,4.41,False,True
1955,l00755,2,2,3,12,2015,False,0,furnished,6.2,False,False
1958,l00758,3,2,5,33,2001,False,0,semi-furnished,0.47,False,True
1959,l00759,3,2,17,39,2010,True,3,unfurnished,2.56,False,False
1960,l00760,1,3,8,11,2004,True,3,semi-furnished,5.28,False,True
1963,l00763,5,2,24,25,2016,False,0,semi-furnished,2.94,False,True
1964,l00764,3,4,14,23,1995,True,4,furnished,4.83,True,False
1965,l00765,3,2,5,5,2019,True,1,unfurnished,6.4,True,True
1966,l00766,2,3,0,28,2016,False,0,furnished,5.97,True,True
1967,l00767,3,2,24,32,2021,False,0,semi-furnished,3.88,False,False
1968,l00768,1,4,15,20,2018,False,0,unfurnished,5.06,True,True
1971,l00771,1,2,8,34,2004,False,0,unfurnished,0.34,True,True
1972,l00772,4,3,15,23,2006,False,0,unfurnished,7.03,True,True
1973,l00773,2,4,0,37,2012,True,0,unfurnished,7.79,True,False
1974,l00774,1,4,7,34,2023,False,0,unfurnished,7.44,False,True
1975,l00775,4,1,2,9,2014,False,0,unfurnished,6.05,True,False
1977,l00777,5,3,4,11,2001,True,1,furnished,2.19,False,False
1978,l00778,3,4,22,25,2007,True,3,semi-furnished,6.05,True,False
1979,l00779,5,1,12,39,2011,True,1,unfurnished,0.92,False,False
1980,l00780,3,4,1,18,2015,False,0,semi-furnished,2.11,False,True
1981,l00781,3,1,4,28,1996,True,4,unfurnished,2.93,False,True
1982,l00782,1,4,19,29,2003,True,0,furnished,2.05,True,False
1984,l00784,1,2,15,38,2003,False,0,semi-furnished,1.14,False,True
1986,l00786,1,4,13,28,1999,False,0,unfurnished,2.07,True,False
1987,l00787,3,3,4,9,2008,False,0,semi-furnished,2.3,True,False
1988,l00788,1,2,19,21,2010,True,0,furnished,4.96,True,False
1989,l00789,4,2,22,24,2022,True,2,furnished,1.74,False,True
1990,l00790,1,1,3,24,2013,True,2,furnished,3.98,True,True
1992,l00792,2,1,16,38,2017,False,0,semi-furnished,3.02,False,True
1994,l00794,5,1,2,20,2005,False,0,semi-furnished,1.88,False,True
1995,l00795,3,4,8,26,2016,True,2,semi-furnished,7.52,True,True
1996,l00796,5,3,13,37,2011,True,3,furnished,5.36,True,True
1997,l00797,5,4,19,20,2013,True,1,unfurnished,4.12,True,True
1998,l00798,5,4,1,17,2009,True,0,semi-furnished,3.05,False,True
1999,l00799,5,4,12,28,2008,False,0,furnished,2.77,False,False
2001,l00801,4,1,7,37,2002,False,0,furnished,5.7,False,True
2002,l00802,2,2,25,39,1998,False,0,unfurnished,0.92,True,True
2003,l00803,2,3,11,37,2022,False,0,furnished,5.96,False,True
2004,l00804,5,1,11,21,2000,False,0,furnished,0.62,False,True
2006,l00806,2,4,7,26,1999,True,0,furnished,7.49,False,False
2007,l00807,4,3,2,21,2013,False,0,semi-furnished,6.88,True,False
2008,l00808,3,1,19,32,2023,True,2,furnished,6.94,False,True
2009,l00809,2,4,2,22,2021,True,3,furnished,2.56,False,False
2010,l00810,2,3,9,38,2020,False,0,semi-furnished,3.66,False,True
2011,l00811,5,4,10,13,2017,True,1,furnished,4.3,False,True
2012,l00812,3,4,12,22,1995,False,0,semi-furnished,6.17,True,False
2013,l00813,5,4,4,39,2008,True,1,semi-furnished,6.13,False,False
2014,l00814,5,3,10,22,2014,False,0,furnished,0.92,False,True
2015,l00815,3,2,0,15,2005,False,0,furnished,5.45,False,True
2016,l00816,4,1,5,14,2021,False,0,semi-furnished,2.92,False,True
2018,l00818,3,2,1,16,2010,False,0,unfurnished,1.35,False,True
2020,l00820,2,4,8,30,2002,True,1,furnished,6.18,True,True
2022,l00822,5,3,9,17,2023,False,0,unfurnished,1.6,True,True
2023,l00823,1,1,24,36,2010,False,0,unfurnished,0.99,False,False
2024,l00824,2,3,6,30,2017,False,0,furnished,2.82,False,True
2025,l00825,4,3,20,24,2003,False,0,furnished,1.26,False,False
2027,l00827,2,1,5,5,2017,False,0,furnished,7.33,True,True
2028,l00828,2,2,0,17,2006,False,0,semi-furnished,7.06,True,True
2029,l00829,5,1,0,14,2010,True,2,semi-furnished,0.41,True,True
2030,l00830,3,2,15,31,2001,True,4,furnished,5.15,True,True
2032,l00832,1,1,21,30,1998,True,2,unfurnished,0.35,True,True
2033,l00833,5,1,18,39,2021,True,0,furnished,3.86,True,False
2034,l00834,4,3,18,22,2004,True,1,unfurnished,4.54,False,True
2035,l00835,3,1,11,15,1995,False,0,furnished,1.8,True,True
2036,l00836,5,3,21,38,2002,False,0,unfurnished,2.39,True,True
2037,l00837,4,3,15,22,2020,True,4,unfurnished,1.13,True,True
2038,l00838,1,3,25,38,2004,True,0,semi-furnished,7.52,False,False
2039,l00839,4,4,15,19,2013,False,0,semi-furnished,7.65,False,False
2041,l00841,5,4,19,24,2022,False,0,furnished,5.68,True,True
2043,l00843,3,3,23,32,2018,True,4,unfurnished,2.97,False,False
2044,l00844,5,3,10,17,2008,True,3,furnished,5.95,True,True
2045,l00845,4,2,4,6,2000,False,0,semi-furnished,3.21,True,False
2046,l00846,2,2,21,37,1999,True,3,semi-furnished,0.4,True,True
2048,l00848,4,2,2,21,2008,True,4,semi-furnished,7.83,False,False
2049,l00849,4,4,14,38,1997,False,0,semi-furnished,0.79,True,False
2051,l00851,2,1,12,14,2012,True,3,unfurnished,0.44,False,True
2052,l00852,5,4,24,33,2023,True,3,semi-furnished,1.8,False,True
2054,l00854,2,1,9,32,2005,False,0,furnished,1.59,True,False
2055,l00855,5,2,18,31,2005,True,2,furnished,7.97,True,False
2057,l00857,2,1,6,34,2006,True,2,unfurnished,1.93,True,True
2058,l00858,3,4,5,22,2017,False,0,unfurnished,2.35,True,True
2060,l00860,4,3,1,6,2022,True,4,unfurnished,3.09,False,False
2061,l00861,5,2,21,38,2008,False,0,semi-furnished,7.04,False,False
2064,l00864,1,3,11,32,2017,False,0,furnished,6.33,True,False
2065,l00865,4,1,21,26,2003,True,1,furnished,0.3,False,False
2066,l00866,4,1,21,21,2007,True,1,furnished,2.49,True,True
2067,l00867,3,4,8,15,1995,True,4,furnished,3.07,True,False
2068,l00868,1,3,5,10,2017,False,0,furnished,1.91,True,True
2069,l00869,2,4,18,32,2016,False,0,semi-furnished,3.15,False,True
2070,l00870,5,4,21,29,2020,True,2,furnished,7.72,True,True
2071,l00871,2,4,7,10,2015,True,3,unfurnished,3.22,False,True
2072,l00872,1,2,2,5,1997,False,0,furnished,2.22,False,True
2073,l00873,2,3,11,12,2006,False,0,furnished,3.4,False,False
2074,l00874,2,4,10,16,2020,True,1,semi-furnished,4.27,False,False
2075,l00875,1,1,14,15,1996,False,0,unfurnished,5.16,False,False
2076,l00876,4,3,3,34,1997,True,0,semi-furnished,6.65,True,False
2077,l00877,3,2,25,40,1997,False,0,semi-furnished,3.49,False,False
2079,l00879,2,3,4,38,2018,False,0,semi-furnished,1.24,False,False
2082,l00882,1,3,3,15,2023,True,2,semi-furnished,2.32,True,True
2083,l00883,5,3,12,14,2017,True,1,semi-furnished,5.08,False,False
2084,l00884,2,3,12,19,2004,True,4,furnished,4.23,True,True
2085,l00885,4,1,9,16,2022,False,0,furnished,3.32,False,True
2086,l00886,4,1,16,26,2012,True,4,semi-furnished,0.27,True,False
2087,l00887,1,4,9,40,2004,True,3,furnished,4.46,True,True
2088,l00888,4,1,25,25,2001,False,0,semi-furnished,5.72,False,False
2089,l00889,2,4,15,32,2020,True,2,furnished,3.37,True,True
2090,l00890,1,2,9,30,2013,True,2,furnished,4.81,False,True
2091,l00891,2,3,21,32,2002,True,4,unfurnished,5.52,True,True
2093,l00893,2,2,3,25,2014,True,2,unfurnished,6.88,False,True
2094,l00894,4,4,14,17,1996,True,3,unfurnished,2.91,True,True
2097,l00897,4,2,11,22,2015,True,3,semi-furnished,7.17,True,True
2098,l00898,4,2,11,31,1997,True,2,furnished,7.38,True,True
2100,l00900,4,3,6,10,2005,True,2,unfurnished,5.38,True,False
2101,l00901,1,3,3,33,2018,False,0,semi-furnished,3.97,True,False
2103,l00903,3,3,13,18,2009,False,0,unfurnished,5.14,True,True
2104,l00904,2,3,10,22,2015,True,2,semi-furnished,3.95,True,False
2105,l00905,2,3,11,15,2014,True,0,unfurnished,2.17,True,False
2106,l00906,2,3,14,36,2013,False,0,furnished,1.21,True,False
2107,l00907,2,3,11,36,1998,True,0,furnished,0.81,True,False
2108,l00908,5,2,1,35,1995,True,4,unfurnished,1.35,False,True
2109,l00909,2,1,9,27,2011,True,4,semi-furnished,2.15,False,True
2110,l00910,2,1,5,9,2012,False,0,unfurnished,6.42,False,True
2111,l00911,3,3,11,21,2010,True,3,furnished,4.7,True,True
2112,l00912,3,2,2,22,2018,True,2,semi-furnished,5.31,False,True
2113,l00913,3,1,18,23,2016,True,0,unfurnished,5.62,False,False
2114,l00914,5,2,25,25,1999,False,0,unfurnished,7.82,True,False
2116,l00916,4,2,0,18,1997,True,0,semi-furnished,7.68,False,False
2117,l00917,5,3,17,34,2017,True,0,furnished,2.34,True,True
2118,l00918,1,3,2,7,2008,False,0,unfurnished,2.42,False,False
2119,l00919,4,4,2,18,2023,False,0,unfurnished,4.35,True,False
2120,l00920,3,2,3,15,2003,True,1,unfurnished,5.56,True,False
2121,l00921,3,2,15,30,2006,False,0,unfurnished,6.09,False,False
2122,l00922,2,1,22,37,2013,False,0,semi-furnished,6.32,True,True
2123,l00923,1,3,4,17,2011,False,0,unfurnished,4.32,False,False
2124,l00924,1,3,18,40,1998,True,4,semi-furnished,5.78,True,False
2125,l00925,4,3,23,27,2008,True,1,unfurnished,6.65,True,False
2127,l00927,4,1,2,23,2023,True,3,semi-furnished,0.76,False,False
2128,l00928,2,1,15,23,2019,True,0,furnished,7.11,True,True
2131,l00931,5,2,8,18,2006,False,0,furnished,7.94,False,True
2132,l00932,4,2,7,7,2014,False,0,unfurnished,1.19,False,True
2133,l00933,5,2,6,30,2020,False,0,unfurnished,2.32,False,True
2134,l00934,2,4,18,23,2004,False,0,semi-furnished,7.6,True,False
2135,l00935,4,4,24,36,2005,True,1,semi-furnished,4.69,False,True
2136,l00936,2,3,10,34,2015,True,1,unfurnished,3.23,False,True
2137,l00937,2,4,24,36,1998,False,0,furnished,2.81,False,False
2138,l00938,3,3,4,19,1997,False,0,unfurnished,3.62,True,False
2139,l00939,1,3,20,39,2023,False,0,semi-furnished,5.11,False,False
2142,l00942,2,1,3,36,2009,True,3,furnished,2.47,True,True
2145,l00945,2,1,4,16,2023,True,2,furnished,6.1,False,True
2146,l00946,2,1,21,34,2001,False,0,furnished,7.96,False,True
2148,l00948,5,1,6,18,2017,False,0,furnished,3.87,False,True
2149,l00949,2,2,5,30,2022,False,0,furnished,0.38,True,True
2150,l00950,4,3,3,5,1998,True,2,semi-furnished,6.42,True,False
2151,l00951,5,2,1,21,2011,True,1,unfurnished,4.73,False,True
2152,l00952,2,4,18,32,2010,False,0,furnished,6.52,False,False
2153,l00953,1,1,7,38,1999,True,3,semi-furnished,1.83,True,True
2154,l00954,2,4,7,13,2000,True,4,unfurnished,7.25,False,True
2156,l00956,5,3,2,23,2022,True,3,semi-furnished,0.44,False,False
2157,l00957,3,3,9,32,1998,True,0,unfurnished,2.95,True,False
2158,l00958,4,2,11,11,2008,True,1,unfurnished,3.94,False,True
2159,l00959,2,3,14,32,2003,False,0,semi-furnished,7.51,False,False
2160,l00960,5,1,22,36,2005,True,4,unfurnished,5.29,False,False
2161,l00961,1,3,1,13,2000,True,2,furnished,7.65,False,True
2162,l00962,4,4,13,32,2015,False,0,unfurnished,0.92,False,False
2163,l00963,2,2,17,38,2009,True,4,unfurnished,7.44,False,False
2164,l00964,3,2,6,22,2011,True,3,furnished,2.54,False,False
2165,l00965,2,2,12,32,2023,False,0,unfurnished,1.41,True,False
2166,l00966,4,2,8,23,2009,True,4,unfurnished,2.39,False,True
2167,l00967,4,3,11,12,2014,False,0,semi-furnished,1.56,False,True
2168,l00968,1,1,16,30,2019,False,0,furnished,5.62,False,False
2169,l00969,2,2,18,36,2023,False,0,furnished,5.22,False,False
2170,l00970,1,2,14,25,2013,False,0,unfurnished,5.25,True,True
2171,l00971,1,4,11,33,2022,False,0,furnished,0.56,False,False
2172,l00972,4,4,22,25,2015,True,0,semi-furnished,7.35,False,True
2175,l00975,4,1,4,12,2015,False,0,semi-furnished,0.64,True,True
2176,l00976,5,1,3,35,1995,False,0,semi-furnished,2.55,False,False
2178,l00978,3,1,17,32,2001,False,0,semi-furnished,3.96,False,False
2179,l00979,2,4,12,13,2010,True,3,semi-furnished,1.35,True,True
2181,l00981,3,4,16,36,2016,False,0,unfurnished,5.6,True,False
2182,l00982,1,4,15,15,2010,False,0,unfurnished,0.56,True,True
2183,l00983,1,2,13,13,2023,True,0,semi-furnished,5.51,False,False
2184,l00984,2,2,12,13,2007,False,0,furnished,5.67,True,True
2185,l00985,1,1,4,40,1995,False,0,semi-furnished,1.2,False,False
2186,l00986,5,2,12,22,2009,False,0,furnished,4.0,True,True
2187,l00987,4,4,22,39,2007,False,0,furnished,4.38,False,False
2188,l00988,1,1,3,30,2005,False,0,furnished,3.38,False,True
2190,l00990,1,2,18,32,1995,True,3,furnished,0.9,False,False
2191,l00991,5,2,10,32,1996,False,0,semi-furnished,3.98,True,True
2192,l00992,4,1,11,25,2018,True,1,furnished,5.92,True,True
2193,l00993,1,2,14,28,2007,True,3,semi-furnished,3.52,True,False
2194,l00994,2,3,1,15,2020,False,0,furnished,6.01,True,True
2195,l00995,4,4,0,24,2022,False,0,unfurnished,1.68,True,True
2196,l00996,3,3,19,27,2011,False,0,furnished,7.23,False,False
2197,l00997,5,3,7,30,2016,True,0,semi-furnished,7.82,True,False
2198,l00998,3,2,12,12,2019,False,0,furnished,2.95,False,False
2199,l00999,2,1,15,17,2008,False,0,semi-furnished,0.87,True,False
2200,l01000,1,3,23,31,2022,True,4,furnished,7.91,False,True
2201,l01001,4,3,7,28,2018,False,0,furnished,7.19,False,True
2202,l01002,3,2,18,20,2010,False,0,furnished,4.79,True,True
2203,l01003,2,4,5,21,2001,False,0,unfurnished,3.24,False,True
2204,l01004,5,1,19,40,2004,True,1,furnished,7.02,False,False
2205,l01005,2,3,2,38,2018,False,0,furnished,4.29,True,False
2206,l01006,2,2,4,16,2004,True,0,unfurnished,1.76,True,False
2208,l01008,4,1,19,19,1997,True,3,unfurnished,1.59,False,False
2209,l01009,4,1,1,24,2020,True,3,furnished,6.39,True,False
2210,l01010,2,4,2,16,2006,False,0,semi-furnished,5.0,True,True
2213,l01013,3,1,10,15,2014,False,0,semi-furnished,6.27,True,True
2214,l01014,5,3,4,37,2018,True,0,unfurnished,7.46,False,False
2215,l01015,3,2,18,29,1997,True,0,semi-furnished,1.2,True,True
2216,l01016,1,4,10,19,2001,True,1,furnished,7.1,False,False
2217,l01017,3,3,12,14,2009,False,0,unfurnished,6.6,True,False
2218,l01018,4,1,2,31,2008,False,0,unfurnished,5.37,True,False
2219,l01019,3,1,3,7,2022,False,0,unfurnished,4.88,False,True
2221,l01021,4,3,2,22,2020,False,0,semi-furnished,2.39,True,False
2223,l01023,5,3,3,9,2008,False,0,unfurnished,2.22,False,True
2224,l01024,4,2,20,36,2017,False,0,unfurnished,5.92,True,False
2225,l01025,4,4,2,34,2003,False,0,unfurnished,2.82,False,False
2226,l01026,5,1,4,34,2012,False,0,unfurnished,2.86,True,False
2228,l01028,2,2,18,18,1996,False,0,furnished,7.04,False,False
2229,l01029,3,4,6,31,2000,False,0,unfurnished,4.29,True,False
2230,l01030,4,1,13,38,2014,False,0,semi-furnished,6.65,False,False
2231,l01031,3,2,20,36,2002,True,3,furnished,3.22,False,True
2233,l01033,1,4,17,29,2023,False,0,unfurnished,6.67,True,True
2234,l01034,1,1,16,37,1997,True,0,furnished,6.02,True,False
2235,l01035,3,1,11,11,1997,True,1,semi-furnished,5.58,True,True
2236,l01036,4,2,8,37,2012,False,0,semi-furnished,6.77,True,True
2237,l01037,5,4,5,11,2022,False,0,furnished,2.13,False,False
2238,l01038,2,4,24,32,1998,False,0,semi-furnished,3.21,False,True
2240,l01040,5,2,17,35,2012,True,2,furnished,0.48,False,False
2241,l01041,5,1,10,37,2006,False,0,furnished,7.17,True,True
2242,l01042,3,1,3,10,2008,True,1,semi-furnished,6.27,False,True
2244,l01044,1,4,17,22,2007,False,0,unfurnished,2.09,False,False
2245,l01045,3,4,12,18,2019,True,4,semi-furnished,0.82,False,True
2246,l01046,1,2,10,32,2018,True,2,unfurnished,6.04,False,False
2247,l01047,2,3,14,30,1999,False,0,unfurnished,6.18,True,True
2248,l01048,5,3,4,5,1999,True,4,semi-furnished,6.98,True,False
2250,l01050,4,1,0,32,2007,True,1,unfurnished,5.29,False,False
2251,l01051,2,4,0,35,2014,False,0,unfurnished,6.05,True,True
2252,l01052,5,1,0,7,2001,False,0,furnished,2.88,False,True
2254,l01054,4,1,8,35,2019,True,2,semi-furnished,4.78,True,False
2255,l01055,4,1,25,29,2023,False,0,semi-furnished,7.18,True,False
2256,l01056,2,1,11,30,2019,False,0,unfurnished,3.32,False,True
2257,l01057,2,2,12,17,2002,True,2,furnished,7.75,True,True
2258,l01058,5,2,19,32,2011,True,0,semi-furnished,5.22,False,True
2260,l01060,2,1,19,21,2009,True,4,unfurnished,0.9,False,False
2262,l01062,1,4,21,30,2003,True,3,furnished,1.25,True,True
2263,l01063,1,3,13,18,2023,False,0,furnished,6.5,True,False
2264,l01064,1,1,12,40,2022,False,0,semi-furnished,7.33,False,True
2265,l01065,4,1,10,25,2002,True,4,furnished,1.66,False,True
2266,l01066,4,2,4,13,2006,False,0,semi-furnished,3.01,True,True
2268,l01068,3,3,11,21,2020,True,0,furnished,2.78,False,True
2269,l01069,2,2,15,23,2000,False,0,furnished,2.92,True,False
2270,l01070,2,4,14,39,2013,False,0,furnished,2.91,False,False
2271,l01071,2,1,2,14,1996,False,0,furnished,6.32,True,True
2272,l01072,5,4,25,34,1995,True,0,semi-furnished,6.73,True,False
2274,l01074,1,2,4,24,2003,False,0,furnished,1.12,True,False
2275,l01075,1,2,2,40,2000,False,0,semi-furnished,0.4,False,True
2276,l01076,2,4,12,39,2006,False,0,furnished,5.62,False,False
2277,l01077,1,4,8,14,2016,True,0,unfurnished,3.35,False,True
2279,l01079,4,3,12,28,2017,False,0,furnished,2.48,True,True
2280,l01080,5,4,0,21,2016,True,4,semi-furnished,3.09,False,False
2281,l01081,5,2,8,22,2011,True,3,furnished,3.92,True,True
2282,l01082,2,1,3,7,2013,False,0,furnished,6.73,True,False
2283,l01083,5,4,22,36,1995,True,2,furnished,1.58,False,False
2285,l01085,5,1,6,10,2021,False,0,unfurnished,1.91,False,False
2286,l01086,2,3,10,23,2006,True,1,semi-furnished,0.37,True,False
2287,l01087,4,2,7,11,2008,True,4,furnished,2.76,True,False
2288,l01088,4,4,13,20,2023,False,0,furnished,5.87,False,True
2289,l01089,3,2,8,14,2000,True,0,semi-furnished,1.69,True,False
2291,l01091,3,4,23,23,2012,True,0,furnished,4.77,True,True
2293,l01093,1,3,8,16,2001,True,2,semi-furnished,1.64,True,True
2294,l01094,5,3,9,34,2016,True,3,semi-furnished,3.41,False,False
2295,l01095,5,3,12,16,2021,False,0,unfurnished,1.38,False,True
2296,l01096,3,4,16,27,2016,False,0,unfurnished,4.54,True,True
2297,l01097,5,3,3,28,2013,True,0,unfurnished,6.61,False,False
2298,l01098,2,2,22,40,2012,True,3,unfurnished,4.35,True,True
2299,l01099,2,4,10,35,2008,False,0,unfurnished,1.63,False,False
2300,l01100,5,1,1,34,2017,True,0,semi-furnished,2.79,True,True
2301,l01101,5,1,8,21,2015,True,1,furnished,5.57,True,False
2303,l01103,2,1,11,34,2002,False,0,semi-furnished,6.69,True,True
2304,l01104,3,1,0,10,2009,False,0,furnished,1.16,True,False
2305,l01105,3,3,22,26,2022,False,0,furnished,5.71,False,True
2306,l01106,5,1,0,18,2002,False,0,furnished,4.03,False,False
2307,l01107,5,2,14,27,2001,False,0,unfurnished,4.77,True,False
2308,l01108,1,2,12,29,2013,True,2,unfurnished,7.63,True,True
2309,l01109,4,1,1,19,2008,True,3,unfurnished,7.63,False,True
2310,l01110,2,2,11,18,2010,False,0,unfurnished,2.72,False,True
2311,l01111,1,3,23,23,2013,True,4,semi-furnished,3.28,False,True
2313,l01113,2,2,15,24,2009,False,0,unfurnished,5.78,True,True
2314,l01114,2,4,25,38,1996,True,4,furnished,4.95,False,False
2315,l01115,5,4,23,36,2017,False,0,furnished,1.57,True,True
2316,l01116,1,4,16,24,2008,True,4,semi-furnished,7.87,True,False
2317,l01117,5,3,24,36,1997,True,4,unfurnished,7.23,True,True
2318,l01118,2,4,11,20,1999,False,0,furnished,6.68,False,False
2320,l01120,4,3,12,13,2008,True,1,unfurnished,7.25,False,False
2321,l01121,5,3,10,32,2001,True,0,furnished,3.71,False,True
2322,l01122,3,3,12,39,1995,False,0,unfurnished,5.43,False,False
2323,l01123,3,4,23,39,2007,False,0,semi-furnished,4.03,False,False
2324,l01124,1,2,10,16,2012,True,2,semi-furnished,1.13,False,True
2326,l01126,5,4,13,24,2014,False,0,semi-furnished,5.31,False,False
2327,l01127,1,4,12,29,2020,False,0,furnished,4.72,True,False
2329,l01129,2,2,12,17,2000,True,4,furnished,5.19,True,True
2330,l01130,4,4,6,24,2006,True,2,semi-furnished,0.79,True,True
2333,l01133,5,4,25,40,2010,False,0,furnished,0.81,False,False
2334,l01134,2,2,7,15,2023,True,2,semi-furnished,4.34,True,False
2335,l01135,3,2,16,22,2021,False,0,furnished,1.86,True,False
2336,l01136,4,1,1,34,2005,True,1,semi-furnished,4.19,False,False
2337,l01137,5,1,14,39,1998,True,2,semi-furnished,3.84,False,False
2338,l01138,2,4,16,21,2019,True,3,unfurnished,5.23,False,False
2340,l01140,5,4,5,31,2008,True,0,furnished,1.98,True,False
2341,l01141,5,1,18,18,2008,False,0,semi-furnished,4.65,True,False
2342,l01142,4,2,15,39,1996,False,0,furnished,4.15,False,True
2343,l01143,5,3,13,13,2020,True,0,semi-furnished,7.99,True,True
2344,l01144,2,3,15,17,2013,False,0,semi-furnished,6.0,True,False
2345,l01145,1,2,2,18,2015,False,0,furnished,5.46,True,True
2346,l01146,3,2,9,20,2005,True,3,semi-furnished,1.58,True,False
2347,l01147,1,3,24,33,1997,False,0,unfurnished,1.95,True,True
2348,l01148,1,1,9,40,2012,False,0,semi-furnished,5.78,True,True
2349,l01149,3,3,25,26,1996,True,0,semi-furnished,2.75,True,True
2350,l01150,2,3,22,26,2015,True,0,semi-furnished,1.74,False,False
2351,l01151,1,4,16,28,2014,True,3,furnished,7.51,False,True
2352,l01152,2,3,10,11,2015,True,2,unfurnished,4.1,True,False
2354,l01154,1,4,18,36,2000,True,3,unfurnished,5.5,False,True
2356,l01156,1,3,16,34,2008,True,1,furnished,0.58,True,True
2357,l01157,1,1,14,34,2007,False,0,semi-furnished,6.97,False,False
2358,l01158,1,3,8,21,1996,False,0,unfurnished,2.82,False,False
2360,l01160,3,4,4,30,2005,True,0,unfurnished,5.71,False,False
2361,l01161,2,4,5,20,2020,False,0,furnished,6.48,True,False
2362,l01162,2,4,14,32,1999,False,0,semi-furnished,5.28,False,False
2363,l01163,5,1,13,40,2017,True,4,unfurnished,1.37,True,False
2364,l01164,5,4,12,16,2013,False,0,semi-furnished,5.45,True,False
2365,l01165,3,1,17,25,2003,True,1,furnished,7.15,False,False
2366,l01166,1,3,0,38,2010,True,2,semi-furnished,2.76,True,False
2367,l01167,4,3,14,15,2022,False,0,semi-furnished,2.12,True,False
2369,l01169,3,1,7,25,2011,False,0,furnished,5.49,False,True
2370,l01170,3,4,24,28,2009,False,0,furnished,2.23,True,False
2371,l01171,3,2,15,28,2013,False,0,unfurnished,1.94,True,True
2372,l01172,1,1,4,40,2022,True,0,unfurnished,7.3,True,False
2373,l01173,4,1,5,30,2007,False,0,unfurnished,6.07,False,True
2374,l01174,2,2,2,6,2022,True,1,unfurnished,7.38,False,False
2375,l01175,1,2,9,39,2018,True,1,unfurnished,2.43,True,False
2376,l01176,5,3,9,23,2019,False,0,furnished,0.57,False,False
2377,l01177,1,1,1,40,1995,False,0,furnished,1.26,False,True
2378,l01178,2,1,4,30,2016,True,3,furnished,4.88,True,True
2379,l01179,5,3,0,16,2017,False,0,furnished,5.47,True,False
2380,l01180,2,4,17,22,1996,False,0,semi-furnished,3.11,False,True
2381,l01181,5,2,22,32,2000,False,0,unfurnished,2.61,False,False
2383,l01183,3,2,0,36,2020,False,0,unfurnished,0.62,True,False
2384,l01184,5,4,21,33,2005,False,0,furnished,2.14,False,False
2385,l01185,1,3,24,37,2019,False,0,semi-furnished,2.97,False,True
2386,l01186,5,3,8,29,1998,False,0,furnished,3.2,True,False
2387,l01187,5,3,17,21,2020,True,0,semi-furnished,0.46,False,True
2388,l01188,1,2,17,29,1995,False,0,unfurnished,7.5,False,True
2389,l01189,4,3,16,39,2007,True,1,semi-furnished,6.97,False,False
2390,l01190,4,3,9,11,2007,True,1,furnished,0.35,True,False
2391,l01191,5,1,16,23,2012,False,0,unfurnished,2.26,False,False
2392,l01192,5,1,5,34,1997,False,0,semi-furnished,2.38,False,False
2393,l01193,1,2,19,39,2017,True,1,furnished,6.31,False,False
2395,l01195,3,4,10,39,1999,False,0,furnished,5.95,True,True
2397,l01197,4,3,17,19,1998,False,0,unfurnished,4.7,False,False
2398,l01198,1,4,8,27,2017,True,1,unfurnished,7.06,False,False
2400,l01200,2,2,22,22,2000,True,0,furnished,7.28,True,False
2405,l00005,2,4,19,23,2004,True,3,furnished,4.68,False,False
2406,l00006,3,3,3,16,2021,False,0,unfurnished,5.84,False,False
2407,l00007,3,1,12,17,2000,False,0,furnished,6.69,True,True
2408,l00008,5,1,5,21,2013,True,0,furnished,2.76,False,True
2409,l00009,5,1,3,12,2021,True,0,unfurnished,3.47,False,True
2410,l00010,5,1,14,17,2010,False,0,unfurnished,3.97,False,True
2411,l00011,3,4,13,24,1995,True,1,unfurnished,5.02,True,False
2412,l00012,1,4,3,35,1997,True,4,unfurnished,4.37,True,True
2413,l00013,1,3,14,30,2014,True,0,semi-furnished,2.99,False,False
2414,l00014,4,4,21,22,2017,True,4,semi-furnished,2.36,False,True
2415,l00015,5,2,3,19,2012,False,0,furnished,7.76,False,False
2418,l00018,4,4,12,15,2009,True,0,furnished,3.8,False,False
2419,l00019,2,4,21,21,2004,True,2,semi-furnished,6.04,False,True
2420,l00020,4,1,23,39,2013,True,2,furnished,2.65,True,True
2421,l00021,5,3,1,9,2005,True,2,semi-furnished,1.94,False,False
2422,l00022,4,4,5,18,2008,True,0,unfurnished,0.54,True,True
2423,l00023,2,1,2,29,2015,False,0,semi-furnished,5.83,True,True
2424,l00024,1,1,17,20,2019,True,2,semi-furnished,3.76,False,True
2425,l00025,3,1,3,13,1996,True,3,unfurnished,7.41,True,True
2426,l00026,3,4,2,9,2021,True,2,furnished,1.62,True,True
2427,l00027,5,3,7,25,2021,False,0,unfurnished,4.16,True,False
2429,l00029,3,1,6,13,2002,True,3,unfurnished,2.78,False,False
2431,l00031,1,4,6,34,2022,True,4,unfurnished,4.41,False,True
2432,l00032,4,1,18,21,2000,False,0,unfurnished,1.7,True,True
2433,l00033,2,3,20,23,2022,False,0,unfurnished,7.81,True,True
2436,l00036,3,4,15,23,2023,False,0,furnished,2.41,False,True
2437,l00037,4,1,1,9,2009,False,0,furnished,3.14,True,False
2441,l00041,3,3,11,31,1995,False,0,semi-furnished,3.29,False,True
2443,l00043,4,1,0,9,1999,True,3,furnished,7.46,True,True
2444,l00044,5,2,17,28,2021,False,0,semi-furnished,1.61,False,False
2445,l00045,5,4,18,40,2011,True,1,semi-furnished,6.79,True,True
2447,l00047,5,1,11,23,2021,True,1,semi-furnished,6.4,False,True
2448,l00048,5,2,0,34,2001,False,0,semi-furnished,3.24,True,True
2450,l00050,1,1,20,36,1995,True,1,semi-furnished,1.59,False,True
2451,l00051,1,2,0,36,2007,True,4,furnished,7.92,True,True
2452,l00052,5,1,9,10,1997,True,0,semi-furnished,3.63,False,True
2453,l00053,1,2,6,29,2016,False,0,semi-furnished,4.73,True,False
2454,l00054,1,2,9,26,2010,True,1,semi-furnished,3.12,False,True
2455,l00055,4,3,17,38,2007,False,0,semi-furnished,6.37,False,False
2456,l00056,4,1,3,27,2020,True,3,unfurnished,3.16,False,False
2457,l00057,4,4,6,25,2006,True,1,unfurnished,7.69,True,True
2458,l00058,1,2,7,14,2010,False,0,semi-furnished,5.82,False,False
2461,l00061,5,4,17,36,2021,False,0,semi-furnished,4.74,True,True
2463,l00063,2,3,5,5,2021,True,3,semi-furnished,5.9,True,False
2464,l00064,2,2,19,36,2009,False,0,furnished,2.12,True,False
2465,l00065,3,1,11,28,1995,False,0,semi-furnished,6.79,False,True
2466,l00066,5,2,14,38,2014,False,0,unfurnished,4.94,False,False
2469,l00069,2,2,0,14,2011,False,0,semi-furnished,6.11,True,False
2470,l00070,4,4,5,38,2020,True,0,unfurnished,5.67,False,True
2472,l00072,4,1,4,40,2001,True,3,furnished,6.74,True,False
2474,l00074,3,1,3,22,2003,True,1,furnished,2.36,False,True
2475,l00075,5,4,17,32,2016,False,0,furnished,3.75,False,False
2476,l00076,5,2,20,28,2000,False,0,unfurnished,3.67,True,True
2477,l00077,2,3,12,22,2003,False,0,furnished,5.61,False,True
2478,l00078,2,1,10,16,2013,False,0,furnished,1.15,True,False
2479,l00079,4,4,7,27,2018,True,0,furnished,0.34,True,True
2480,l00080,1,2,2,19,1997,False,0,semi-furnished,4.81,True,False
2481,l00081,2,3,10,36,2012,True,1,unfurnished,0.67,True,False
2482,l00082,1,3,10,17,2012,False,0,semi-furnished,7.89,True,True
2483,l00083,5,1,22,26,2004,False,0,unfurnished,2.4,True,True
2484,l00084,5,2,10,38,2017,False,0,unfurnished,4.08,False,True
2485,l00085,3,4,1,6,2000,False,0,furnished,7.62,False,False
2486,l00086,3,4,5,32,2015,False,0,furnished,7.92,False,False
2487,l00087,1,4,12,16,2009,True,2,semi-furnished,6.04,True,True
2488,l00088,1,1,1,39,1996,True,2,semi-furnished,2.3,True,False
2489,l00089,4,4,3,9,2004,False,0,semi-furnished,2.04,True,True
2493,l00093,3,4,15,28,2001,True,3,unfurnished,0.42,False,True
2494,l00094,3,4,13,17,2018,True,2,furnished,0.46,True,True
2495,l00095,1,3,24,39,2010,True,3,furnished,3.19,True,True
2496,l00096,5,2,18,35,2020,True,3,semi-furnished,1.52,True,False
2497,l00097,3,3,25,36,2003,True,0,unfurnished,6.58,True,True
2500,l00100,3,2,13,17,2006,True,3,furnished,4.16,False,False
2501,l00101,2,2,6,26,1998,True,1,unfurnished,6.83,True,True
2503,l00103,1,3,11,36,1996,True,1,semi-furnished,2.61,True,True
2504,l00104,1,4,1,9,2001,True,0,semi-furnished,2.67,False,True
2506,l00106,4,2,0,38,2012,False,0,furnished,2.65,False,False
2507,l00107,4,2,3,22,2018,True,3,furnished,5.51,True,False
2508,l00108,1,3,17,23,2023,True,2,semi-furnished,2.09,True,False
2511,l00111,5,3,2,20,2003,False,0,semi-furnished,3.41,True,False
2512,l00112,1,4,3,10,2020,False,0,unfurnished,1.51,True,False
2513,l00113,1,4,6,18,2002,False,0,furnished,6.15,True,True
2514,l00114,2,1,10,31,2000,False,0,semi-furnished,6.62,False,False
2515,l00115,4,3,0,20,2004,False,0,unfurnished,5.63,False,True
2520,l00120,5,1,0,7,1995,False,0,furnished,5.28,False,True
2521,l00121,5,2,1,25,2001,False,0,unfurnished,1.62,True,True
2522,l00122,2,4,10,12,2002,True,0,unfurnished,0.94,False,True
2523,l00123,3,3,3,21,2005,True,0,unfurnished,7.07,False,False
2524,l00124,1,1,13,35,2009,False,0,unfurnished,5.08,True,True
2525,l00125,5,2,10,11,2000,True,2,unfurnished,4.67,True,False
2526,l00126,1,1,24,33,2021,True,2,furnished,3.17,True,False
2527,l00127,3,4,2,25,2014,False,0,semi-furnished,7.54,True,False
2528,l00128,1,2,25,39,2018,False,0,semi-furnished,4.8,True,True
2529,l00129,5,3,14,31,2003,False,0,unfurnished,5.76,True,False
2530,l00130,3,4,23,35,2007,False,0,semi-furnished,7.12,False,False
2531,l00131,2,1,20,32,2016,True,0,furnished,1.57,False,True
2532,l00132,1,2,21,33,1995,False,0,semi-furnished,2.94,False,True
2533,l00133,3,1,15,36,2013,True,3,furnished,2.48,True,False
2534,l00134,4,4,7,20,2014,True,0,semi-furnished,2.01,True,False
2535,l00135,2,3,10,24,2021,True,0,furnished,3.51,True,False
2537,l00137,2,4,4,24,1999,True,3,unfurnished,1.95,True,False
2538,l00138,1,2,10,34,2015,False,0,unfurnished,7.81,False,True
2540,l00140,3,4,8,27,2009,True,4,semi-furnished,3.09,False,True
2541,l00141,2,2,12,31,2011,False,0,semi-furnished,5.25,True,False
2542,l00142,1,1,0,27,2009,False,0,unfurnished,1.32,False,True
2543,l00143,1,4,13,24,2000,False,0,furnished,5.37,True,False
2546,l00146,2,4,20,33,2007,False,0,unfurnished,1.61,False,True
2547,l00147,2,4,5,18,2001,True,3,furnished,0.92,False,True
2548,l00148,5,2,0,40,2015,True,3,semi-furnished,1.72,True,True
2551,l00151,2,2,19,22,2018,False,0,furnished,6.82,True,True
2552,l00152,3,1,0,17,1998,False,0,furnished,1.81,False,True
2553,l00153,4,4,9,36,2020,False,0,furnished,2.15,True,False
2554,l00154,5,3,6,35,2001,True,3,semi-furnished,1.41,True,True
2555,l00155,1,4,8,40,2010,True,1,furnished,5.53,False,False
2557,l00157,3,2,20,23,2013,False,0,furnished,2.28,True,False
2559,l00159,3,2,0,15,2010,False,0,semi-furnished,3.9,False,False
2560,l00160,2,2,1,33,1997,True,4,semi-furnished,4.42,True,True
2561,l00161,3,3,17,36,2000,True,2,unfurnished,4.52,False,False
2563,l00163,5,3,4,28,2005,False,0,furnished,7.04,False,True
2564,l00164,5,2,1,5,2006,False,0,semi-furnished,7.02,True,True
2565,l00165,5,3,8,28,2005,True,1,semi-furnished,5.78,True,True
2566,l00166,4,1,8,40,2000,False,0,semi-furnished,4.42,False,False
2567,l00167,5,1,2,32,2021,False,0,furnished,2.54,True,False
2569,l00169,1,4,13,17,1995,True,4,furnished,2.31,True,False
2571,l00171,3,2,6,20,2020,True,1,semi-furnished,3.16,False,True
2573,l00173,3,1,20,21,2005,True,0,unfurnished,7.75,False,True
2574,l00174,1,2,24,26,2013,False,0,furnished,1.16,True,True
2575,l00175,2,4,1,17,2015,True,1,semi-furnished,2.29,True,False
2576,l00176,4,4,5,7,1996,False,0,unfurnished,7.23,True,True
2577,l00177,3,1,4,33,2010,True,3,unfurnished,5.88,False,False
2578,l00178,4,4,5,26,2003,True,0,furnished,3.1,False,False
2580,l00180,5,1,24,34,2008,True,2,semi-furnished,4.01,True,True
2581,l00181,1,4,13,28,2013,True,3,furnished,7.7,True,True
2582,l00182,4,1,2,10,2021,True,3,semi-furnished,2.47,True,False
2583,l00183,3,4,22,28,1995,True,2,unfurnished,2.05,True,True
2584,l00184,3,2,20,34,2021,True,1,unfurnished,3.61,True,True
2585,l00185,4,2,15,39,1998,True,0,furnished,2.77,True,True
2586,l00186,1,3,5,10,2001,True,3,unfurnished,2.92,False,True
2588,l00188,4,4,12,15,2013,False,0,furnished,3.8,False,True
2589,l00189,5,1,24,25,2017,False,0,furnished,3.17,True,True
2592,l00192,1,1,21,33,1999,True,2,unfurnished,2.87,False,True
2593,l00193,3,1,17,22,2018,True,2,furnished,7.02,True,False
2594,l00194,3,1,10,37,2011,False,0,unfurnished,1.77,False,True
2595,l00195,2,3,6,19,2001,False,0,unfurnished,7.51,True,True
2597,l00197,2,3,1,37,2005,True,1,furnished,7.31,False,True
2598,l00198,3,2,4,5,2008,False,0,furnished,6.02,True,False
2600,l00200,1,1,1,29,2020,False,0,furnished,1.55,True,False
2601,l00201,2,1,9,30,1998,True,1,semi-furnished,3.41,False,False
2602,l00202,4,3,10,32,2001,True,2,furnished,4.35,True,False
2605,l00205,2,3,22,38,2018,True,1,unfurnished,3.1,False,False
2606,l00206,2,2,13,26,2011,False,0,unfurnished,6.11,False,True
2607,l00207,5,1,21,27,1997,False,0,semi-furnished,4.04,False,True
2608,l00208,1,1,21,23,2013,True,4,semi-furnished,7.28,False,True
2609,l00209,5,4,10,29,2010,False,0,furnished,3.39,True,True
2612,l00212,2,3,19,40,2014,False,0,unfurnished,3.03,False,True
2613,l00213,4,2,13,32,2014,False,0,semi-furnished,2.31,True,True
2614,l00214,1,3,15,18,1998,True,4,semi-furnished,4.76,True,False
2615,l00215,5,3,15,34,2020,False,0,unfurnished,1.24,False,False
2616,l00216,3,3,5,6,2003,False,0,unfurnished,1.46,True,False
2617,l00217,1,2,0,29,2003,False,0,furnished,1.05,False,True
2618,l00218,2,1,16,21,2005,False,0,furnished,3.39,False,False
2620,l00220,2,1,21,37,2015,True,0,semi-furnished,4.52,False,True
2621,l00221,1,4,21,39,2022,True,1,unfurnished,0.29,False,True
2622,l00222,4,1,7,31,2000,True,1,unfurnished,0.91,True,False
2623,l00223,3,3,13,30,2010,False,0,semi-furnished,3.18,True,True
2626,l00226,2,4,6,18,2012,True,2,unfurnished,7.33,True,False
2627,l00227,1,1,20,24,2020,False,0,semi-furnished,5.9,True,False
2629,l00229,2,2,22,23,2007,True,1,unfurnished,0.45,False,True
2630,l00230,5,3,2,33,1999,True,0,unfurnished,1.46,True,False
2634,l00234,5,1,4,14,2008,True,0,unfurnished,1.97,False,True
2635,l00235,1,4,24,37,2002,True,2,furnished,5.67,False,True
2636,l00236,3,1,3,18,2008,False,0,semi-furnished,2.24,True,False
2637,l00237,2,2,12,38,2014,True,4,furnished,5.46,True,False
2638,l00238,5,4,15,16,1995,True,1,furnished,1.81,True,True
2639,l00239,1,2,9,39,2016,False,0,furnished,7.18,True,True
2640,l00240,2,1,13,39,2007,True,1,semi-furnished,0.7,True,False
2641,l00241,4,4,10,32,2007,True,3,semi-furnished,2.09,False,False
2642,l00242,1,3,12,28,2015,True,0,unfurnished,4.61,True,True
2643,l00243,2,3,3,28,2018,False,0,unfurnished,7.07,True,True
2645,l00245,3,2,5,15,2017,True,3,furnished,2.6,True,False
2646,l00246,2,2,24,39,2012,True,1,semi-furnished,7.77,False,True
2647,l00247,3,4,20,37,1996,False,0,furnished,2.64,True,True
2648,l00248,5,3,9,33,2003,True,1,semi-furnished,7.18,False,True
2649,l00249,4,3,11,24,2022,False,0,unfurnished,5.47,False,False
2651,l00251,3,2,16,20,2020,True,1,semi-furnished,4.43,False,True
2652,l00252,3,4,1,29,2003,True,0,unfurnished,1.69,False,False
2653,l00253,4,4,2,8,2023,False,0,unfurnished,7.35,False,False
2654,l00254,1,2,0,6,2013,True,0,semi-furnished,6.05,False,False
2655,l00255,2,2,9,19,2021,False,0,semi-furnished,5.46,True,True
2656,l00256,2,4,9,12,2019,True,1,furnished,7.53,True,False
2658,l00258,4,1,7,31,2000,True,4,unfurnished,1.05,False,True
2659,l00259,3,4,14,31,2018,True,2,furnished,0.7,False,True
2661,l00261,1,4,21,35,1999,True,0,furnished,5.33,False,True
2662,l00262,3,3,0,30,2009,False,0,semi-furnished,4.71,False,False
2663,l00263,3,1,20,30,2022,True,2,semi-furnished,0.45,True,True
2664,l00264,4,4,22,36,2014,True,4,furnished,6.47,False,True
2665,l00265,3,1,0,7,2005,True,4,furnished,2.35,False,False
2666,l00266,5,2,8,25,1995,True,1,unfurnished,5.66,False,False
2667,l00267,1,2,11,30,2004,True,1,furnished,0.81,False,True
2668,l00268,2,4,4,35,1998,True,0,semi-furnished,6.51,True,True
2669,l00269,4,1,0,20,2012,False,0,unfurnished,7.18,False,False
2671,l00271,1,2,3,17,2017,False,0,unfurnished,7.74,False,True
2672,l00272,3,2,24,26,1998,True,4,unfurnished,7.23,True,True
2673,l00273,5,2,5,18,1995,True,2,unfurnished,6.14,True,True
2674,l00274,4,3,19,21,2021,True,2,furnished,7.49,True,False
2676,l00276,2,4,10,40,2008,True,3,furnished,6.11,False,False
2677,l00277,1,1,15,21,1997,False,0,unfurnished,2.89,False,True
2678,l00278,2,2,11,20,1999,False,0,furnished,2.36,False,False
2680,l00280,2,2,1,22,2008,True,4,furnished,3.41,False,True
2681,l00281,4,3,24,34,2000,False,0,furnished,6.04,True,True
2683,l00283,5,4,4,22,2023,False,0,furnished,3.27,True,False
2685,l00285,4,3,8,27,2004,False,0,semi-furnished,7.01,False,False
2687,l00287,1,4,6,35,2017,True,3,furnished,5.36,False,False
2688,l00288,5,2,1,14,2002,False,0,unfurnished,7.15,False,False
2689,l00289,1,2,8,8,2004,True,1,semi-furnished,2.01,False,False
2690,l00290,3,1,1,29,2001,True,3,unfurnished,7.54,True,False
2692,l00292,5,1,24,30,2000,False,0,furnished,5.55,False,False
2694,l00294,3,3,22,35,2023,True,2,semi-furnished,1.36,False,True
2697,l00297,1,4,21,21,2007,True,0,unfurnished,2.95,True,False
2698,l00298,1,1,7,24,1998,False,0,semi-furnished,2.98,False,True
2699,l00299,5,2,6,14,1997,True,1,unfurnished,6.39,True,False
2700,l00300,1,3,24,37,1999,True,1,unfurnished,1.33,False,True
2701,l00301,3,1,23,24,2016,True,4,furnished,3.6,True,True
2702,l00302,4,3,7,34,1995,False,0,semi-furnished,6.21,False,False
2704,l00304,1,3,0,33,2006,False,0,semi-furnished,3.66,False,True
2706,l00306,4,4,18,27,2003,True,4,semi-furnished,3.14,False,True
2707,l00307,2,4,9,34,2012,True,4,semi-furnished,0.28,True,False
2709,l00309,3,1,1,35,2006,False,0,furnished,2.62,True,False
2710,l00310,2,2,7,10,2021,True,1,furnished,4.71,True,False
2711,l00311,2,2,25,31,2012,True,4,semi-furnished,0.92,True,True
2712,l00312,4,3,10,40,1997,False,0,unfurnished,2.07,False,False
2713,l00313,4,3,11,20,2008,True,4,furnished,6.88,True,True
2714,l00314,1,2,7,24,2013,True,0,furnished,6.41,False,False
2715,l00315,1,4,9,36,2020,True,0,semi-furnished,4.66,False,False
2716,l00316,3,1,7,21,2008,False,0,semi-furnished,6.36,False,False
2717,l00317,3,3,24,29,2022,True,0,furnished,1.08,False,False
2718,l00318,2,1,5,13,2023,True,1,semi-furnished,5.58,True,False
2719,l00319,2,1,7,33,2000,False,0,furnished,0.89,False,False
2721,l00321,3,4,1,8,2010,False,0,furnished,3.37,True,True
2722,l00322,5,1,13,14,2007,True,3,semi-furnished,4.72,False,True
2724,l00324,5,1,11,22,1996,False,0,semi-furnished,2.18,False,False
2725,l00325,5,4,15,23,2008,True,2,unfurnished,4.64,True,True
2727,l00327,1,2,9,24,2005,True,1,unfurnished,3.46,False,False
2728,l00328,5,1,12,32,1996,True,2,semi-furnished,7.57,False,True
2729,l00329,2,3,8,13,2010,True,1,unfurnished,3.67,True,False
2731,l00331,2,4,1,35,1995,False,0,unfurnished,6.16,True,True
2732,l00332,2,2,11,35,1999,True,2,semi-furnished,3.36,False,True
2734,l00334,3,3,10,11,2022,False,0,semi-furnished,4.43,True,True
2735,l00335,4,1,2,26,2015,False,0,semi-furnished,3.4,False,True
2736,l00336,5,2,21,27,2003,False,0,semi-furnished,5.51,True,True
2739,l00339,1,2,21,21,2023,False,0,unfurnished,1.89,False,True
2740,l00340,3,1,23,35,2021,True,1,unfurnished,7.4,False,True
2742,l00342,5,1,10,28,2002,False,0,semi-furnished,6.9,False,True
2743,l00343,5,1,2,28,1997,True,0,semi-furnished,1.61,False,False
2745,l00345,1,3,3,37,2014,True,4,unfurnished,2.67,True,True
2746,l00346,1,4,6,40,2007,True,4,semi-furnished,7.62,False,True
2747,l00347,3,2,1,28,2016,False,0,unfurnished,7.3,False,True
2748,l00348,3,2,9,38,2004,False,0,semi-furnished,7.83,True,True
2749,l00349,1,4,2,34,2010,True,1,unfurnished,5.69,False,False
2750,l00350,5,1,5,35,2000,True,0,semi-furnished,1.68,False,True
2752,l00352,3,4,18,30,2008,False,0,unfurnished,5.48,True,False
2753,l00353,3,1,1,39,2007,False,0,furnished,0.4,False,True
2754,l00354,1,4,12,26,2011,False,0,furnished,4.28,True,True
2755,l00355,4,2,16,24,2011,True,2,semi-furnished,1.56,True,False
2756,l00356,3,1,21,31,2010,True,1,furnished,2.54,True,False
2757,l00357,3,2,10,10,2017,True,3,unfurnished,7.46,False,True
2760,l00360,2,4,7,23,2013,False,0,unfurnished,5.93,True,True
2762,l00362,1,3,16,30,2021,False,0,semi-furnished,1.32,False,False
2764,l00364,3,2,20,36,2003,True,2,furnished,7.58,True,False
2765,l00365,2,2,21,21,2003,False,0,semi-furnished,7.14,False,True
2766,l00366,3,1,2,24,2015,True,1,semi-furnished,4.34,True,True
2767,l00367,4,3,15,19,2010,True,3,furnished,7.8,False,False
2768,l00368,1,4,3,19,2015,False,0,unfurnished,0.21,True,False
2770,l00370,2,3,0,38,2007,False,0,furnished,3.84,False,True
2771,l00371,3,2,2,14,1997,True,3,semi-furnished,4.34,True,False
2772,l00372,4,1,18,25,2020,True,2,unfurnished,5.84,True,True
2773,l00373,5,3,6,23,1996,True,0,semi-furnished,7.86,False,False
2774,l00374,5,1,11,12,2014,True,1,unfurnished,6.65,False,True
2775,l00375,3,3,13,19,2014,True,3,furnished,3.52,False,True
2776,l00376,3,3,7,16,2005,True,4,furnished,0.83,False,True
2778,l00378,4,4,18,30,1997,False,0,furnished,6.14,False,True
2779,l00379,4,3,5,15,2013,True,0,furnished,1.81,False,False
2780,l00380,2,4,2,25,2006,False,0,unfurnished,0.25,False,True
2783,l00383,4,4,19,39,2015,False,0,unfurnished,2.46,False,True
2785,l00385,2,1,15,33,1995,True,1,semi-furnished,1.87,False,False
2787,l00387,3,3,3,26,1999,True,3,semi-furnished,6.99,False,False
2789,l00389,3,3,13,20,2007,True,3,unfurnished,2.1,False,True
2790,l00390,4,1,1,8,1996,True,0,furnished,0.4,False,False
2792,l00392,5,3,9,38,1999,True,2,semi-furnished,3.62,False,True
2793,l00393,5,3,11,31,1998,True,4,furnished,4.32,False,False
2794,l00394,4,3,3,31,2019,False,0,semi-furnished,5.89,False,True
2795,l00395,4,4,7,29,2023,True,3,semi-furnished,2.41,False,True
2796,l00396,3,4,12,13,2011,True,1,semi-furnished,4.86,False,True
2797,l00397,3,2,12,22,2002,True,1,furnished,7.61,True,True
2799,l00399,2,3,4,13,2004,False,0,furnished,1.7,False,True
2800,l00400,1,2,5,34,2016,False,0,semi-furnished,3.86,False,True
2801,l00401,5,3,23,25,2015,True,0,semi-furnished,2.53,False,True
2802,l00402,1,2,21,26,1997,True,3,semi-furnished,7.18,False,True
2803,l00403,2,3,10,23,1997,True,1,unfurnished,6.24,False,True
2804,l00404,5,4,17,20,2005,False,0,semi-furnished,3.04,False,False
2806,l00406,2,1,2,6,2011,False,0,unfurnished,2.41,False,True
2807,l00407,1,4,20,30,1996,True,1,unfurnished,0.7,False,False
2809,l00409,2,2,8,39,2006,False,0,furnished,6.86,True,True
2810,l00410,2,3,10,12,2001,False,0,unfurnished,4.92,True,True
2811,l00411,5,3,1,5,2014,False,0,furnished,2.41,False,False
2813,l00413,2,2,13,29,2010,True,2,unfurnished,5.27,False,True
2816,l00416,3,3,12,32,2023,False,0,furnished,4.27,True,True
2818,l00418,4,2,1,5,2020,False,0,unfurnished,0.44,True,True
2819,l00419,5,2,2,6,2007,True,4,semi-furnished,0.34,True,True
2822,l00422,1,3,16,20,1999,True,1,furnished,3.17,True,False
2823,l00423,3,3,7,37,2019,True,1,semi-furnished,3.7,True,False
2824,l00424,1,4,4,7,1997,True,4,furnished,5.41,True,False
2825,l00425,3,1,14,14,2013,True,2,unfurnished,7.23,False,False
2826,l00426,5,3,16,31,2010,False,0,unfurnished,5.1,False,False
2828,l00428,3,1,0,22,2023,True,4,unfurnished,6.36,True,False
2829,l00429,3,4,6,17,1997,False,0,semi-furnished,7.44,False,False
2830,l00430,1,4,6,35,1998,False,0,semi-furnished,1.89,True,False
2831,l00431,5,2,24,38,2019,True,3,unfurnished,6.41,False,True
2832,l00432,4,4,7,29,2023,True,1,unfurnished,5.85,False,True
2833,l00433,3,2,14,33,2004,True,0,unfurnished,3.19,True,False
2834,l00434,3,3,5,39,1995,False,0,furnished,5.59,False,True
2836,l00436,4,2,3,34,2000,False,0,furnished,6.3,False,False
2837,l00437,2,2,20,38,1996,False,0,furnished,0.4,True,False
2838,l00438,2,4,20,38,2008,False,0,furnished,3.35,True,True
2839,l00439,1,3,14,40,2009,False,0,furnished,2.3,True,False
2840,l00440,4,3,13,40,2003,False,0,unfurnished,5.11,True,True
2841,l00441,4,2,12,38,2019,True,3,unfurnished,2.57,False,False
2842,l00442,1,3,2,40,1995,False,0,furnished,6.36,False,True
2843,l00443,3,2,15,23,2022,False,0,unfurnished,5.06,True,False
2845,l00445,2,1,24,37,2006,False,0,unfurnished,7.73,True,False
2847,l00447,5,1,24,27,2005,True,2,semi-furnished,2.06,False,False
2849,l00449,3,4,19,39,2017,False,0,furnished,5.14,True,False
2850,l00450,2,3,22,24,2008,True,3,unfurnished,3.45,False,True
2852,l00452,3,2,18,30,1997,True,0,unfurnished,6.09,True,False
2853,l00453,3,3,9,18,2001,False,0,furnished,7.0,False,False
2854,l00454,4,1,20,35,2015,False,0,semi-furnished,2.84,False,True
2855,l00455,5,2,11,38,2017,True,0,unfurnished,4.6,True,True
2857,l00457,4,4,13,37,2016,False,0,unfurnished,2.86,False,False
2858,l00458,1,3,15,19,2011,True,4,unfurnished,0.67,False,False
2859,l00459,5,4,19,27,2013,True,1,unfurnished,7.82,False,False
2861,l00461,5,1,3,21,2015,False,0,semi-furnished,5.53,True,False
2862,l00462,3,1,1,10,1998,False,0,semi-furnished,6.7,False,True
2863,l00463,1,4,7,39,2022,False,0,semi-furnished,4.25,True,True
2865,l00465,4,4,13,22,2021,False,0,furnished,2.92,True,True
2866,l00466,5,2,5,28,2017,True,3,semi-furnished,1.87,True,False
2867,l00467,1,1,11,13,1999,False,0,furnished,3.73,True,True
2868,l00468,3,2,21,36,2016,True,3,semi-furnished,7.75,False,True
2869,l00469,5,2,8,13,2022,False,0,unfurnished,3.93,False,True
2870,l00470,1,4,8,33,2019,False,0,unfurnished,3.13,True,True
2871,l00471,4,4,2,6,1998,False,0,unfurnished,5.97,True,False
2872,l00472,4,4,11,30,2023,False,0,semi-furnished,5.05,False,True
2873,l00473,3,4,24,25,2015,True,1,unfurnished,5.5,False,True
2874,l00474,1,2,19,21,2006,True,2,furnished,6.1,True,True
2875,l00475,1,1,13,19,2012,True,1,unfurnished,7.81,True,True
2876,l00476,4,2,17,23,1999,True,0,unfurnished,7.02,True,False
2877,l00477,2,2,22,35,2019,True,0,furnished,5.88,False,True
2879,l00479,4,1,19,36,1996,True,2,unfurnished,6.78,False,False
2880,l00480,1,2,6,37,1997,False,0,furnished,5.82,True,True
2881,l00481,5,4,3,35,2004,False,0,furnished,3.39,True,True
2882,l00482,2,4,4,9,2016,False,0,unfurnished,0.27,True,False
2883,l00483,3,2,1,31,2009,True,4,furnished,5.17,False,False
2884,l00484,4,2,5,30,1995,True,1,semi-furnished,3.17,False,True
2885,l00485,3,1,4,33,1999,False,0,furnished,3.98,False,False
2886,l00486,3,2,25,36,1998,True,0,semi-furnished,3.48,True,True
2887,l00487,2,3,23,40,1998,False,0,semi-furnished,7.65,True,False
2888,l00488,1,1,7,34,1999,True,0,unfurnished,3.4,True,False
2889,l00489,3,1,23,37,1999,True,1,semi-furnished,5.33,False,True
2890,l00490,3,4,18,21,1999,True,3,unfurnished,2.28,True,True
2891,l00491,3,4,1,13,1999,False,0,semi-furnished,1.44,False,False
2893,l00493,4,3,5,19,2020,False,0,furnished,6.4,True,True
2894,l00494,1,3,6,31,2001,False,0,unfurnished,2.6,False,True
2895,l00495,2,3,9,27,2023,True,0,semi-furnished,1.95,False,False
2896,l00496,5,4,2,30,2003,True,1,furnished,7.94,False,False
2897,l00497,4,4,7,13,1998,True,1,unfurnished,6.74,True,True
2898,l00498,2,3,7,19,2022,False,0,unfurnished,2.66,True,True
2899,l00499,2,2,19,37,2003,True,1,furnished,2.48,False,False
2900,l00500,3,2,19,29,2019,True,2,unfurnished,2.54,False,False
2902,l00502,1,2,13,27,2018,False,0,furnished,3.67,True,False
2903,l00503,3,4,23,30,2018,False,0,furnished,0.86,False,False
2904,l00504,2,4,2,27,2020,True,1,semi-furnished,7.87,True,False
2906,l00506,4,2,6,26,1999,True,3,unfurnished,6.65,False,False
2908,l00508,3,3,10,33,2008,False,0,unfurnished,6.65,True,True
2909,l00509,3,1,8,21,2020,True,2,semi-furnished,7.95,True,True
2910,l00510,5,2,24,30,2006,True,2,unfurnished,5.08,True,False
2911,l00511,2,4,4,10,2017,False,0,semi-furnished,6.14,False,False
2912,l00512,3,3,9,15,2022,False,0,semi-furnished,6.39,False,False
2913,l00513,4,4,6,16,2017,False,0,furnished,0.59,False,False
2914,l00514,5,1,2,30,2011,False,0,furnished,5.47,True,False
2915,l00515,1,1,1,28,2018,True,1,semi-furnished,6.77,False,True
2916,l00516,5,4,4,7,2021,True,0,unfurnished,7.38,False,False
2917,l00517,3,4,16,40,2002,False,0,furnished,6.13,False,True
2919,l00519,3,4,5,18,2017,True,3,furnished,1.34,True,True
2920,l00520,4,1,19,35,2003,True,0,unfurnished,7.08,False,True
2921,l00521,3,1,3,27,2002,False,0,unfurnished,4.69,False,True
2923,l00523,5,3,4,8,2016,False,0,unfurnished,4.17,False,False
2924,l00524,1,4,8,22,2014,False,0,furnished,6.15,False,False
2925,l00525,2,1,12,23,2020,True,3,furnished,3.14,True,True
2926,l00526,4,1,0,8,1995,False,0,furnished,6.18,False,True
2928,l00528,4,2,24,37,1995,True,2,furnished,7.58,False,True
2929,l00529,5,3,6,36,2018,False,0,furnished,3.92,True,True
2930,l00530,4,2,2,37,2014,False,0,semi-furnished,1.45,False,True
2931,l00531,3,4,4,16,2022,True,3,semi-furnished,1.59,False,False
2932,l00532,4,1,15,20,1997,True,1,unfurnished,6.46,True,False
2933,l00533,1,2,12,20,2018,True,3,unfurnished,7.82,False,True
2935,l00535,2,2,17,35,2004,True,3,furnished,2.55,True,False
2937,l00537,3,2,4,39,2002,True,1,furnished,4.09,False,False
2938,l00538,3,1,19,20,2001,True,4,semi-furnished,6.67,False,True
2939,l00539,5,3,0,18,2020,False,0,unfurnished,7.29,False,False
2940,l00540,4,4,2,18,2017,False,0,unfurnished,2.2,True,False
2942,l00542,4,1,13,18,2011,True,4,semi-furnished,3.49,True,True
2943,l00543,5,4,22,26,2010,True,3,unfurnished,7.79,True,True
2944,l00544,1,1,11,36,2002,True,2,unfurnished,4.11,True,True
2945,l00545,2,3,4,30,2007,False,0,furnished,2.17,True,True
2946,l00546,5,1,1,32,2014,True,1,unfurnished,6.72,False,False
2947,l00547,3,4,25,39,2018,True,0,furnished,5.45,False,True
2948,l00548,4,1,14,40,2006,True,1,furnished,0.75,True,False
2950,l00550,1,3,5,24,2002,False,0,unfurnished,0.76,False,False
2951,l00551,3,4,23,38,2009,False,0,unfurnished,1.77,True,False
2952,l00552,3,1,24,24,1999,False,0,unfurnished,2.49,True,False
2953,l00553,3,3,16,19,2008,True,3,semi-furnished,3.59,False,True
2954,l00554,3,1,14,14,2011,True,2,semi-furnished,2.1,True,True
2955,l00555,4,3,6,39,2023,False,0,furnished,3.02,False,True
2956,l00556,3,3,8,15,2007,False,0,semi-furnished,0.42,True,True
2958,l00558,5,4,11,35,1996,True,4,semi-furnished,1.5,False,False
2959,l00559,2,2,21,25,2002,False,0,furnished,4.3,False,True
2960,l00560,5,4,6,10,1999,False,0,unfurnished,5.01,True,False
2961,l00561,4,4,3,18,2008,True,1,furnished,4.68,True,True
2962,l00562,4,2,13,27,2004,False,0,unfurnished,0.94,True,False
2964,l00564,5,3,3,13,2017,False,0,semi-furnished,6.04,False,False
2965,l00565,4,2,18,34,2023,False,0,unfurnished,2.08,True,False
2967,l00567,3,2,0,23,2023,False,0,unfurnished,5.22,True,False
2968,l00568,4,2,18,34,2005,True,2,furnished,1.55,True,True
2969,l00569,1,2,0,26,2006,True,1,furnished,5.18,True,True
2970,l00570,3,4,1,7,2006,False,0,semi-furnished,5.74,True,True
2972,l00572,2,1,1,25,1997,True,1,unfurnished,7.53,False,True
2973,l00573,2,2,25,32,2019,True,1,unfurnished,3.9,False,True
2974,l00574,3,1,5,34,2003,True,3,semi-furnished,7.66,False,True
2976,l00576,2,4,16,39,2017,False,0,semi-furnished,1.89,True,True
2977,l00577,3,2,14,17,2006,False,0,furnished,1.79,True,True
2979,l00579,5,1,20,32,2008,True,1,unfurnished,5.0,False,False
2980,l00580,3,4,7,15,2002,False,0,semi-furnished,5.73,True,False
2982,l00582,4,2,7,22,2017,True,2,semi-furnished,1.68,False,False
2983,l00583,1,1,6,13,2011,False,0,furnished,7.52,True,False
2985,l00585,4,3,6,36,2010,False,0,semi-furnished,4.14,True,True
2986,l00586,3,2,14,30,2007,False,0,furnished,6.79,False,False
2987,l00587,3,1,4,23,1999,True,4,semi-furnished,5.76,False,False
2988,l00588,2,4,7,26,2015,False,0,semi-furnished,1.36,True,False
2989,l00589,4,3,17,38,1997,True,0,semi-furnished,6.5,True,False
2990,l00590,2,4,3,12,2002,True,2,furnished,3.38,True,True
2991,l00591,5,3,2,37,2019,False,0,unfurnished,0.47,True,False
2992,l00592,5,3,8,16,1995,False,0,unfurnished,6.66,True,False
2993,l00593,4,4,5,20,1999,True,2,furnished,6.5,True,True
2994,l00594,4,4,23,35,2015,True,3,semi-furnished,5.74,False,False
2995,l00595,5,2,1,36,1996,True,1,unfurnished,0.55,True,False
2996,l00596,4,2,8,13,2016,True,4,unfurnished,6.36,True,True
2998,l00598,3,2,11,34,2017,False,0,semi-furnished,7.9,True,False
3001,l00601,3,1,13,13,2002,True,1,semi-furnished,3.6,False,True
3002,l00602,3,3,14,30,2002,False,0,furnished,7.26,True,True
3003,l00603,3,4,3,30,2017,True,0,furnished,0.44,False,True
3004,l00604,1,3,18,27,2014,True,1,semi-furnished,3.87,False,True
3005,l00605,5,1,20,40,1995,False,0,semi-furnished,4.14,True,False
3006,l00606,4,3,5,8,2001,False,0,furnished,5.79,True,False
3008,l00608,5,3,21,23,2009,False,0,unfurnished,1.31,True,True
3012,l00612,1,2,3,30,2013,False,0,unfurnished,7.11,False,False
3013,l00613,1,1,6,39,2002,True,2,semi-furnished,1.37,False,False
3014,l00614,5,1,9,33,2016,False,0,unfurnished,2.4,True,False
3016,l00616,4,4,20,28,2022,True,0,unfurnished,4.17,True,True
3017,l00617,4,4,19,39,2002,True,2,furnished,5.11,False,True
3018,l00618,1,4,18,28,2023,True,4,furnished,6.28,False,True
3019,l00619,1,2,7,40,2018,False,0,semi-furnished,4.97,False,False
3021,l00621,1,4,3,36,1999,False,0,semi-furnished,6.45,True,True
3022,l00622,2,1,19,37,2020,False,0,unfurnished,4.03,False,False
3024,l00624,4,3,7,16,2001,False,0,unfurnished,1.23,True,True
3025,l00625,5,3,0,21,2004,False,0,furnished,0.96,False,True
3026,l00626,3,2,2,17,2004,False,0,unfurnished,4.2,False,True
3027,l00627,4,3,8,10,2023,True,1,semi-furnished,4.3,False,False
3029,l00629,5,2,17,26,2010,True,1,semi-furnished,1.11,False,False
3030,l00630,2,4,18,40,2017,False,0,furnished,4.65,False,True
3033,l00633,4,2,5,18,2000,False,0,semi-furnished,4.63,False,False
3034,l00634,4,3,4,22,2016,True,0,furnished,6.53,True,False
3035,l00635,1,1,10,33,2003,False,0,unfurnished,6.06,False,True
3036,l00636,2,3,3,17,2011,False,0,semi-furnished,4.94,False,True
3037,l00637,5,3,22,22,2001,False,0,semi-furnished,4.53,False,True
3039,l00639,5,2,10,34,2013,False,0,semi-furnished,1.32,True,True
3040,l00640,2,4,8,33,2012,False,0,semi-furnished,4.92,False,True
3041,l00641,1,1,25,39,2018,True,0,furnished,5.46,False,False
3042,l00642,5,2,20,23,2004,False,0,semi-furnished,4.84,True,True
3043,l00643,1,4,3,15,2022,False,0,unfurnished,3.59,True,True
3044,l00644,4,1,7,23,2010,True,4,furnished,5.41,False,True
3045,l00645,3,2,5,38,2021,False,0,furnished,1.68,True,False
3047,l00647,4,2,12,17,2004,False,0,semi-furnished,0.23,False,True
3048,l00648,5,2,25,36,2021,False,0,semi-furnished,1.14,False,True
3049,l00649,4,2,8,33,2006,True,0,furnished,3.68,True,False
3051,l00651,1,2,3,26,2002,True,4,furnished,6.9,True,True
3052,l00652,1,1,4,24,2007,False,0,semi-furnished,1.91,False,True
3053,l00653,3,2,14,21,2007,False,0,semi-furnished,2.89,True,True
3054,l00654,5,2,9,28,2000,True,1,unfurnished,7.45,True,True
3055,l00655,4,3,3,33,2009,True,4,furnished,1.87,True,False
3056,l00656,2,3,13,20,2012,False,0,furnished,5.4,False,False
3057,l00657,5,3,17,19,2007,False,0,semi-furnished,6.43,True,True
3058,l00658,2,4,16,19,2007,True,3,unfurnished,4.17,True,False
3059,l00659,5,1,6,40,2020,False,0,unfurnished,5.99,False,False
3060,l00660,5,2,14,37,2017,True,3,furnished,5.9,True,True
3061,l00661,3,3,0,29,2005,False,0,furnished,5.58,True,False
3063,l00663,4,3,22,22,2001,True,1,semi-furnished,5.21,True,False
3064,l00664,3,2,13,17,2008,False,0,furnished,1.43,False,True
3065,l00665,1,4,8,18,2015,False,0,semi-furnished,3.1,True,True
3066,l00666,1,4,0,28,2003,True,3,furnished,5.95,True,True
3067,l00667,3,1,19,24,2014,True,4,semi-furnished,2.4,False,True
3068,l00668,4,2,12,17,2005,True,0,semi-furnished,6.86,True,False
3069,l00669,4,2,6,15,2006,True,0,unfurnished,2.26,False,True
3070,l00670,1,4,11,26,2022,False,0,semi-furnished,3.15,False,True
3071,l00671,3,1,20,20,2003,False,0,unfurnished,4.05,False,False
3072,l00672,2,3,15,28,2011,False,0,semi-furnished,4.16,True,True
3074,l00674,1,1,5,36,2023,True,3,semi-furnished,2.66,False,True
3076,l00676,5,3,0,33,2021,False,0,furnished,7.42,True,True
3077,l00677,1,2,18,28,2006,False,0,furnished,6.91,False,False
3078,l00678,3,2,6,27,2016,True,0,unfurnished,3.02,True,False
3080,l00680,1,3,12,18,2016,False,0,furnished,6.95,False,True
3082,l00682,1,1,4,30,2017,True,0,furnished,3.05,False,True
3083,l00683,3,3,7,26,1998,False,0,furnished,3.6,True,False
3084,l00684,4,4,13,19,2009,False,0,semi-furnished,6.45,True,False
3086,l00686,5,2,3,8,2008,False,0,unfurnished,7.19,False,True
3088,l00688,1,2,3,39,2021,True,0,furnished,5.28,False,True
3089,l00689,4,2,8,25,2021,False,0,semi-furnished,2.73,True,True
3090,l00690,2,4,3,33,1998,False,0,semi-furnished,5.06,True,True
3091,l00691,3,3,20,39,1997,True,2,semi-furnished,5.37,False,True
3092,l00692,1,1,6,20,1998,True,1,furnished,7.79,True,True
3093,l00693,3,1,15,19,2013,False,0,semi-furnished,1.3,False,True
3094,l00694,3,3,3,17,2014,False,0,unfurnished,4.67,False,True
3096,l00696,1,4,12,26,1995,True,0,semi-furnished,7.29,True,False
3097,l00697,5,2,11,20,1995,True,3,unfurnished,5.38,True,False
3098,l00698,5,3,13,33,1999,False,0,furnished,2.75,False,False
3099,l00699,4,1,8,17,1999,False,0,furnished,4.99,False,True
3100,l00700,3,2,13,40,1995,True,4,furnished,1.93,False,False
3101,l00701,1,4,7,40,2000,True,3,unfurnished,0.47,False,True
3102,l00702,2,4,0,18,2008,True,2,furnished,3.92,True,False
3103,l00703,4,2,1,6,2001,False,0,furnished,1.78,False,True
3104,l00704,3,4,6,38,2001,False,0,furnished,6.52,True,False
3105,l00705,2,1,16,17,2015,False,0,furnished,7.65,False,False
3106,l00706,5,1,6,12,2016,True,1,semi-furnished,3.6,False,True
3108,l00708,3,4,10,35,2011,True,4,furnished,7.87,False,False
3109,l00709,1,3,19,36,2000,False,0,unfurnished,2.24,False,False
3110,l00710,2,4,11,31,2019,True,1,unfurnished,2.06,False,False
3111,l00711,2,1,0,28,2005,True,4,semi-furnished,1.04,False,False
3112,l00712,2,2,19,26,2023,False,0,semi-furnished,1.18,False,False
3113,l00713,3,2,3,26,2010,True,3,furnished,4.53,True,False
3115,l00715,5,1,21,39,2021,True,0,furnished,1.57,True,True
3116,l00716,1,3,13,21,1997,True,0,furnished,6.5,True,False
3118,l00718,1,2,9,21,2021,True,0,semi-furnished,3.34,True,False
3121,l00721,4,4,6,36,1995,True,1,semi-furnished,0.82,False,True
3122,l00722,5,3,5,23,2007,True,2,furnished,4.09,False,True
3123,l00723,4,1,19,24,2018,True,1,furnished,3.89,True,False
3124,l00724,3,4,4,10,2022,False,0,semi-furnished,1.5,True,True
3125,l00725,1,4,12,36,2011,True,2,furnished,6.44,True,False
3126,l00726,1,3,25,31,2000,False,0,unfurnished,3.11,True,False
3127,l00727,3,2,2,39,1998,True,0,furnished,5.9,False,False
3128,l00728,4,3,25,31,2016,False,0,unfurnished,1.31,False,False
3129,l00729,3,1,2,6,2013,False,0,furnished,6.58,True,False
3130,l00730,3,1,13,29,2004,False,0,unfurnished,5.11,True,False
3131,l00731,1,4,14,28,2000,True,1,furnished,1.33,True,False
3132,l00732,4,4,11,12,1995,False,0,semi-furnished,7.58,False,False
3134,l00734,5,1,7,36,2016,False,0,semi-furnished,2.47,False,True
3135,l00735,4,2,7,26,2015,True,3,unfurnished,1.79,True,False
3136,l00736,4,1,6,19,2000,True,0,furnished,3.7,False,False
3137,l00737,2,2,19,36,2007,False,0,unfurnished,1.07,False,False
3138,l00738,3,2,15,40,2019,True,2,furnished,3.72,True,False
3139,l00739,5,1,1,10,1996,False,0,unfurnished,0.94,True,False
3140,l00740,3,1,17,36,2021,True,3,semi-furnished,2.0,True,False
3142,l00742,5,2,11,20,2007,True,1,furnished,0.31,True,False
3143,l00743,3,4,19,35,2014,False,0,furnished,1.91,True,False
3146,l00746,1,1,6,19,1999,False,0,furnished,3.7,False,False
3148,l00748,1,2,25,38,1995,True,3,unfurnished,3.54,True,False
3149,l00749,3,2,6,24,2020,True,1,furnished,4.6,False,True
3150,l00750,5,4,5,20,2019,True,3,furnished,2.87,False,False
3152,l00752,5,1,0,18,2005,True,2,unfurnished,2.71,True,True
3153,l00753,5,1,14,26,1998,False,0,furnished,1.13,False,False
3155,l00755,5,3,20,33,1995,True,1,furnished,6.67,False,False
3156,l00756,3,3,2,31,2023,False,0,semi-furnished,1.84,True,False
3157,l00757,3,4,3,24,2002,True,0,furnished,1.95,False,True
3158,l00758,4,1,4,27,2014,True,0,semi-furnished,6.57,True,True
3159,l00759,2,2,15,21,2013,True,2,unfurnished,2.34,False,True
3160,l00760,1,3,3,37,1997,True,1,unfurnished,1.2,False,True
3161,l00761,3,1,6,31,2007,False,0,unfurnished,2.37,False,False
3162,l00762,3,3,9,15,2004,False,0,furnished,2.3,False,True
3165,l00765,1,2,10,30,1996,True,4,unfurnished,4.33,True,True
3166,l00766,2,2,4,9,1998,True,1,furnished,3.37,True,False
3167,l00767,2,4,10,34,1996,False,0,furnished,0.4,False,True
3168,l00768,5,4,16,18,2003,False,0,semi-furnished,0.43,False,False
3170,l00770,4,1,0,23,2004,True,1,furnished,3.39,False,True
3171,l00771,2,1,11,16,1996,True,1,furnished,4.2,False,False
3172,l00772,2,2,6,7,2010,False,0,semi-furnished,4.17,True,True
3173,l00773,5,3,0,10,2021,True,2,semi-furnished,6.9,False,False
3174,l00774,3,3,1,38,2016,True,4,furnished,7.46,True,False
3175,l00775,5,3,17,40,2004,True,0,unfurnished,4.24,True,True
3176,l00776,2,1,0,16,2009,False,0,semi-furnished,2.23,False,False
3178,l00778,3,4,3,34,2006,True,2,unfurnished,2.53,False,True
3179,l00779,1,4,15,21,2016,True,1,unfurnished,2.53,False,True
3182,l00782,2,1,0,29,2000,False,0,semi-furnished,7.31,False,True
3184,l00784,3,1,25,34,2021,True,2,furnished,1.13,True,False
3185,l00785,5,3,4,12,2018,True,3,unfurnished,1.99,False,False
3188,l00788,2,4,3,27,2002,True,0,unfurnished,1.16,False,True
3189,l00789,2,1,6,14,2009,True,0,furnished,1.81,False,True
3193,l00793,5,4,9,21,2010,True,1,furnished,7.08,True,False
3194,l00794,5,4,20,34,2006,False,0,furnished,3.72,False,False
3195,l00795,2,3,7,38,2010,True,1,unfurnished,4.53,True,True
3196,l00796,2,1,3,40,1998,False,0,unfurnished,7.23,False,False
3197,l00797,1,3,14,34,1998,True,1,semi-furnished,4.35,True,True
3198,l00798,1,2,6,31,2022,True,2,furnished,7.04,True,False
3200,l00800,5,2,7,9,2003,False,0,unfurnished,1.51,False,True
3201,l00801,4,1,4,38,2020,False,0,unfurnished,3.74,False,True
3202,l00802,2,3,1,26,1996,True,3,furnished,2.63,False,False
3203,l00803,3,1,2,24,1995,False,0,unfurnished,5.8,False,False
3204,l00804,2,4,4,16,2003,True,3,unfurnished,5.69,True,False
3205,l00805,2,3,3,23,2013,True,2,unfurnished,2.31,False,True
3206,l00806,1,4,15,19,2006,True,0,semi-furnished,0.43,True,True
3207,l00807,5,2,14,28,2016,True,3,furnished,2.3,False,True
3208,l00808,3,1,9,10,2021,True,3,furnished,3.21,False,False
3209,l00809,1,1,1,38,2019,True,0,semi-furnished,5.47,False,True
3210,l00810,2,2,20,39,2020,False,0,furnished,6.26,True,True
3211,l00811,4,3,19,23,2012,False,0,unfurnished,6.62,True,False
3212,l00812,1,4,8,35,2016,True,2,unfurnished,2.22,True,False
3213,l00813,1,2,11,21,2002,False,0,furnished,6.19,True,False
3214,l00814,2,2,13,26,2022,False,0,unfurnished,1.67,False,True
3216,l00816,2,4,14,26,2012,False,0,unfurnished,6.5,True,True
3218,l00818,3,2,2,37,2019,False,0,semi-furnished,4.86,False,False
3219,l00819,3,2,25,35,2003,True,2,furnished,4.46,False,False
3223,l00823,3,1,22,38,2016,False,0,unfurnished,0.56,True,True
3224,l00824,1,2,4,8,2008,True,3,furnished,4.67,True,True
3225,l00825,4,1,5,20,2020,True,1,furnished,0.92,True,True
3226,l00826,2,1,4,38,2019,True,3,semi-furnished,3.41,True,False
3227,l00827,4,2,18,40,2019,True,0,furnished,6.22,True,True
3228,l00828,1,4,15,27,1995,True,1,semi-furnished,4.51,True,True
3229,l00829,4,3,8,29,2011,False,0,semi-furnished,5.58,False,False
3230,l00830,5,2,10,29,2003,False,0,furnished,7.99,False,False
3231,l00831,5,4,3,29,1995,True,1,unfurnished,1.22,False,True
3233,l00833,3,4,13,14,2005,True,3,unfurnished,7.92,True,True
3234,l00834,1,3,1,40,2004,True,4,semi-furnished,6.16,True,False
3235,l00835,3,2,9,29,2006,False,0,furnished,2.2,False,False
3236,l00836,3,1,7,16,2010,False,0,unfurnished,5.5,True,False
3238,l00838,2,1,1,40,2019,True,2,unfurnished,7.79,True,False
3239,l00839,5,2,15,22,2002,True,1,furnished,2.65,False,False
3240,l00840,3,2,14,28,2005,False,0,unfurnished,6.06,False,True
3241,l00841,2,4,20,35,1995,True,3,furnished,7.13,False,False
3242,l00842,2,1,4,20,2023,True,0,unfurnished,0.96,False,True
3243,l00843,1,4,4,12,2009,True,0,semi-furnished,5.34,False,False
3244,l00844,3,2,0,22,1995,False,0,unfurnished,5.11,True,True
3245,l00845,2,4,2,38,2021,True,4,furnished,2.66,True,False
3246,l00846,2,1,20,30,2017,False,0,unfurnished,5.11,False,False
3247,l00847,4,4,15,33,2000,False,0,unfurnished,6.8,False,True
3248,l00848,3,2,20,20,1997,True,1,unfurnished,1.87,True,True
3250,l00850,2,4,10,30,2008,True,1,unfurnished,1.02,True,True
3251,l00851,3,1,12,16,2011,False,0,semi-furnished,6.55,True,True
3252,l00852,4,4,15,15,2016,True,1,semi-furnished,7.3,False,False
3253,l00853,3,3,5,25,2022,True,4,unfurnished,3.75,True,False
3254,l00854,3,3,6,26,1995,True,3,furnished,2.71,False,False
3255,l00855,4,1,4,24,2017,True,1,unfurnished,3.26,False,True
3256,l00856,5,1,18,24,2002,True,0,furnished,3.8,False,False
3257,l00857,4,4,12,16,2011,False,0,unfurnished,3.41,False,False
3258,l00858,4,2,4,5,2012,False,0,furnished,3.93,False,False
3259,l00859,5,1,7,17,2007,True,4,furnished,6.37,False,True
3262,l00862,2,2,11,17,1996,True,1,semi-furnished,1.42,False,True
3263,l00863,3,1,15,21,2010,True,3,unfurnished,1.27,True,True
3264,l00864,3,1,17,30,2006,False,0,unfurnished,1.57,False,True
3265,l00865,2,2,11,17,2009,True,3,unfurnished,2.9,True,True
3266,l00866,1,4,17,32,2015,True,4,unfurnished,3.8,False,True
3267,l00867,5,2,10,30,2013,False,0,unfurnished,5.88,True,True
3268,l00868,2,1,15,39,1997,True,2,unfurnished,3.05,False,True
3270,l00870,1,1,2,22,2008,True,2,unfurnished,3.07,True,True
3271,l00871,5,4,5,7,2020,False,0,semi-furnished,4.47,True,False
3273,l00873,2,1,15,22,2018,True,3,furnished,3.01,True,True
3278,l00878,4,2,5,37,1995,True,0,semi-furnished,4.64,True,False
3279,l00879,3,2,1,36,2012,True,0,furnished,4.66,True,True
3280,l00880,1,3,7,28,2017,False,0,furnished,3.28,True,False
3281,l00881,5,4,10,25,2020,True,3,semi-furnished,5.24,True,True
3282,l00882,2,1,13,21,2011,False,0,unfurnished,2.42,True,False
3283,l00883,2,2,25,39,2000,False,0,unfurnished,7.15,True,False
3284,l00884,5,3,24,40,2016,True,2,semi-furnished,3.92,True,False
3285,l00885,5,1,10,38,2011,False,0,semi-furnished,1.12,True,True
3286,l00886,5,2,7,31,2016,False,0,furnished,3.18,True,True
3287,l00887,1,3,6,26,1997,False,0,semi-furnished,0.79,True,True
3288,l00888,2,1,7,19,2013,True,4,furnished,0.81,True,False
3289,l00889,4,2,2,13,2011,True,2,furnished,7.67,True,True
3290,l00890,5,4,6,25,1996,False,0,semi-furnished,2.49,False,False
3291,l00891,4,4,6,6,1996,True,4,semi-furnished,3.14,True,True
3292,l00892,1,3,3,26,2019,True,0,furnished,4.15,False,True
3293,l00893,5,4,23,28,1995,True,0,semi-furnished,3.21,True,False
3294,l00894,3,3,0,26,2011,True,4,unfurnished,7.66,False,False
3295,l00895,1,3,8,21,2014,False,0,semi-furnished,2.29,False,False
3296,l00896,4,4,12,24,2000,True,1,unfurnished,4.4,True,False
3298,l00898,3,2,1,30,2000,True,0,unfurnished,1.52,True,False
3299,l00899,3,4,11,19,2007,True,0,semi-furnished,5.89,False,False
3300,l00900,3,2,20,32,2009,True,4,semi-furnished,5.28,True,True
3302,l00902,2,1,11,16,2006,True,1,semi-furnished,0.43,True,False
3303,l00903,1,4,25,36,2022,False,0,semi-furnished,2.55,False,True
3304,l00904,1,1,5,34,1997,True,0,furnished,1.14,False,True
3306,l00906,4,2,2,18,2010,True,1,semi-furnished,3.74,True,False
3307,l00907,1,1,7,29,2009,True,3,unfurnished,4.69,True,True
3308,l00908,2,1,1,20,2023,True,1,semi-furnished,4.95,True,False
3309,l00909,5,2,8,19,2015,True,0,furnished,6.5,False,True
3310,l00910,2,4,9,10,1998,True,1,furnished,7.54,False,True
3311,l00911,4,4,17,40,2006,True,2,unfurnished,2.25,False,False
3312,l00912,4,4,10,18,2021,True,2,semi-furnished,7.89,False,True
3313,l00913,1,4,6,20,2001,True,2,semi-furnished,5.33,True,True
3314,l00914,5,4,14,37,2019,False,0,furnished,2.99,False,True
3315,l00915,1,3,13,23,2014,False,0,semi-furnished,0.61,False,False
3316,l00916,4,4,11,16,2014,True,3,semi-furnished,2.89,True,False
3317,l00917,4,4,1,39,2021,True,1,unfurnished,4.63,False,True
3318,l00918,2,3,13,31,2004,False,0,semi-furnished,7.23,True,True
3319,l00919,3,3,4,36,2009,True,3,semi-furnished,7.89,True,True
3322,l00922,4,1,4,17,2014,True,0,semi-furnished,7.94,False,False
3323,l00923,4,4,24,37,1995,False,0,furnished,3.84,False,True
3325,l00925,4,1,6,17,2013,True,2,semi-furnished,7.33,False,False
3327,l00927,4,3,3,12,2006,False,0,semi-furnished,6.43,False,True
3328,l00928,3,3,14,17,2010,True,0,semi-furnished,5.46,True,False
3329,l00929,4,3,6,30,2016,False,0,furnished,7.02,True,False
3330,l00930,1,2,12,25,2000,True,4,semi-furnished,6.2,True,False
3332,l00932,2,3,0,9,2015,True,4,semi-furnished,5.12,False,True
3334,l00934,3,4,9,33,1996,False,0,unfurnished,1.36,True,True
3335,l00935,2,4,7,7,2021,False,0,unfurnished,6.5,True,True
3336,l00936,1,4,8,34,2006,False,0,semi-furnished,3.09,False,False
3337,l00937,5,3,22,26,2023,False,0,semi-furnished,3.3,False,False
3339,l00939,3,1,7,16,2014,False,0,unfurnished,1.15,True,True
3340,l00940,4,4,25,34,2002,False,0,semi-furnished,1.48,False,False
3343,l00943,1,4,16,19,1997,True,0,unfurnished,5.1,False,True
3344,l00944,2,3,23,32,2005,True,2,unfurnished,2.76,False,True
3345,l00945,1,1,20,31,1998,True,2,unfurnished,6.11,False,True
3347,l00947,1,1,10,12,2002,False,0,furnished,3.63,True,True
3349,l00949,2,1,15,39,2012,False,0,furnished,4.41,True,False
3350,l00950,3,2,2,25,2023,True,2,furnished,5.51,False,True
3353,l00953,3,1,18,40,2017,True,4,furnished,6.27,True,False
3354,l00954,3,1,4,34,2005,False,0,semi-furnished,5.04,False,True
3355,l00955,2,2,7,34,2013,False,0,semi-furnished,2.52,False,True
3356,l00956,5,1,4,28,1996,False,0,furnished,5.19,True,True
3358,l00958,4,1,17,31,2004,False,0,semi-furnished,1.94,True,False
3360,l00960,1,1,4,18,1998,True,4,semi-furnished,1.21,False,False
3361,l00961,5,2,8,16,2003,True,4,semi-furnished,7.65,True,True
3362,l00962,1,2,9,13,2017,True,4,furnished,6.44,True,True
3363,l00963,3,1,18,35,2021,True,1,semi-furnished,4.19,False,False
3364,l00964,3,4,24,27,2016,False,0,semi-furnished,3.69,False,False
3365,l00965,3,3,20,22,2008,False,0,unfurnished,1.72,False,True
3366,l00966,1,2,15,17,1996,False,0,furnished,3.75,False,False
3367,l00967,3,4,14,20,2016,True,1,semi-furnished,3.44,False,True
3368,l00968,3,3,1,19,2001,False,0,unfurnished,6.12,True,False
3369,l00969,1,3,2,19,2007,True,3,furnished,3.14,False,False
3370,l00970,1,2,1,11,2002,False,0,semi-furnished,4.61,False,False
3371,l00971,2,1,1,18,2020,False,0,semi-furnished,2.01,True,False
3372,l00972,5,4,2,36,1999,False,0,furnished,7.57,False,False
3373,l00973,3,4,8,12,2013,True,1,semi-furnished,4.34,True,True
3374,l00974,4,1,16,31,2021,True,2,unfurnished,5.65,True,False
3375,l00975,2,3,14,25,1998,False,0,furnished,3.97,True,True
3376,l00976,1,4,17,32,1999,False,0,furnished,3.49,False,False
3377,l00977,5,4,18,18,2007,False,0,furnished,4.7,False,False
3379,l00979,4,4,5,13,1997,False,0,semi-furnished,4.26,True,True
3383,l00983,4,1,15,35,2021,True,4,semi-furnished,3.61,True,True
3384,l00984,1,1,16,29,2002,False,0,furnished,1.02,True,True
3386,l00986,3,4,5,5,2001,False,0,unfurnished,5.09,True,True
3389,l00989,3,3,20,21,2023,False,0,furnished,3.93,False,False
3390,l00990,5,4,17,38,2004,False,0,semi-furnished,3.18,True,True
3391,l00991,4,1,10,13,1998,False,0,furnished,6.1,True,True
3392,l00992,4,3,15,34,2004,True,1,semi-furnished,2.11,False,True
3393,l00993,1,2,10,20,2011,True,4,semi-furnished,4.59,False,False
3394,l00994,4,4,9,36,2003,False,0,semi-furnished,5.46,True,False
3396,l00996,1,3,13,25,2013,True,3,furnished,3.8,False,True
3397,l00997,1,1,14,25,2000,True,3,unfurnished,2.33,False,True
3398,l00998,5,1,2,11,1998,True,2,unfurnished,0.55,False,True
3399,l00999,2,4,12,13,2006,True,0,unfurnished,0.53,True,True
3400,l01000,1,2,16,38,2020,True,3,semi-furnished,1.89,False,False
3401,l01001,3,4,1,23,2010,True,1,semi-furnished,3.6,True,True
3402,l01002,4,2,4,36,2020,True,2,unfurnished,7.78,False,False
3403,l01003,2,3,19,26,2012,True,0,furnished,0.72,True,True
3404,l01004,4,4,2,9,2002,False,0,unfurnished,3.65,False,True
3405,l01005,5,3,1,19,2003,True,1,unfurnished,0.71,False,False
3406,l01006,1,4,19,32,2021,False,0,unfurnished,5.58,True,True
3407,l01007,4,1,4,36,2002,False,0,furnished,5.74,False,True
3408,l01008,2,3,3,20,1998,False,0,unfurnished,4.41,False,False
3409,l01009,1,1,20,38,2006,False,0,semi-furnished,7.56,True,True
3410,l01010,1,4,24,29,2003,True,3,semi-furnished,0.45,True,False
3411,l01011,2,2,11,20,2023,False,0,unfurnished,7.5,True,False
3412,l01012,5,1,8,19,1998,False,0,semi-furnished,4.88,False,True
3413,l01013,3,4,16,20,2007,False,0,semi-furnished,0.78,True,False
3414,l01014,4,3,12,29,1997,False,0,furnished,6.52,False,True
3415,l01015,1,3,21,36,1995,False,0,furnished,7.3,True,False
3417,l01017,5,3,14,25,2009,False,0,furnished,0.68,True,False
3420,l01020,2,3,15,19,2013,False,0,unfurnished,7.47,True,True
3422,l01022,5,3,11,16,2000,False,0,semi-furnished,6.01,False,False
3423,l01023,2,4,16,31,2005,True,3,semi-furnished,4.83,False,False
3424,l01024,3,4,24,40,2015,False,0,furnished,1.65,True,True
3425,l01025,1,4,18,20,1996,False,0,semi-furnished,4.13,True,False
3426,l01026,3,2,9,26,1998,True,4,semi-furnished,2.58,False,False
3427,l01027,1,3,4,12,2021,True,1,unfurnished,6.26,False,True
3428,l01028,4,4,23,30,2016,False,0,furnished,1.82,False,True
3429,l01029,4,3,15,21,2009,False,0,furnished,4.64,True,False
3430,l01030,1,4,2,22,2007,False,0,unfurnished,7.46,True,False
3432,l01032,4,1,11,28,2001,False,0,semi-furnished,7.62,True,False
3434,l01034,4,1,18,35,1995,True,2,unfurnished,0.9,False,True
3435,l01035,5,4,21,27,2022,False,0,semi-furnished,1.58,False,True
3436,l01036,3,1,1,24,1998,False,0,unfurnished,5.1,True,False
3437,l01037,5,3,6,22,2018,True,0,unfurnished,1.66,True,True
3438,l01038,5,1,0,23,1999,False,0,furnished,1.05,False,True
3439,l01039,2,1,0,7,2016,False,0,unfurnished,3.53,False,False
3440,l01040,3,3,14,21,2006,True,3,semi-furnished,7.33,True,True
3441,l01041,5,2,8,35,2014,True,4,semi-furnished,0.24,True,False
3442,l01042,5,1,11,18,2015,False,0,semi-furnished,5.85,True,True
3443,l01043,5,3,7,27,2011,True,4,furnished,3.03,True,True
3444,l01044,3,4,3,9,2020,True,0,unfurnished,4.52,False,True
3445,l01045,1,3,1,17,2003,True,4,semi-furnished,3.37,True,True
3446,l01046,2,4,7,10,2020,False,0,furnished,6.41,True,True
3447,l01047,4,2,8,9,1998,False,0,semi-furnished,5.19,False,True
3449,l01049,3,1,9,14,2016,False,0,semi-furnished,1.4,False,False
3450,l01050,4,4,3,39,1997,True,0,unfurnished,1.53,False,False
3452,l01052,1,3,11,24,2018,False,0,furnished,5.54,True,False
3453,l01053,2,1,6,34,2008,True,4,unfurnished,0.28,False,True
3455,l01055,4,2,17,20,2010,True,4,unfurnished,0.72,False,False
3456,l01056,5,1,5,16,2011,True,0,semi-furnished,5.46,False,True
3457,l01057,1,2,2,28,1998,True,2,unfurnished,0.81,False,True
3459,l01059,2,2,18,27,2020,True,2,unfurnished,4.72,True,True
3460,l01060,5,4,21,37,2008,False,0,furnished,1.3,False,True
3462,l01062,2,2,23,32,2017,True,4,unfurnished,2.52,False,False
3463,l01063,1,2,6,28,2014,True,0,unfurnished,3.89,True,True
3465,l01065,2,2,8,30,2017,False,0,unfurnished,6.0,False,True
3467,l01067,3,2,16,38,1999,True,0,furnished,6.17,True,False
3468,l01068,2,3,23,36,2009,True,1,semi-furnished,7.04,False,False
3471,l01071,5,2,24,32,2016,True,4,furnished,7.55,False,False
3473,l01073,3,1,2,12,2011,True,0,unfurnished,4.24,False,False
3474,l01074,5,4,5,31,2017,False,0,unfurnished,2.98,False,False
3475,l01075,3,4,17,35,1997,False,0,unfurnished,5.07,False,False
3476,l01076,1,4,22,33,2023,False,0,semi-furnished,3.84,False,True
3477,l01077,1,1,15,27,2023,False,0,furnished,3.83,False,False
3479,l01079,2,3,11,28,2004,False,0,unfurnished,1.28,False,False
3480,l01080,2,3,12,31,2015,True,0,furnished,2.81,False,True
3481,l01081,5,3,24,34,2008,True,2,semi-furnished,7.56,False,True
3482,l01082,1,1,22,25,2019,False,0,furnished,1.82,True,True
3483,l01083,4,4,17,29,2013,False,0,furnished,2.89,True,False
3484,l01084,4,2,9,15,2008,True,3,unfurnished,2.19,True,False
3486,l01086,5,4,15,22,2001,True,1,unfurnished,6.5,False,True
3487,l01087,4,3,5,38,2013,False,0,semi-furnished,7.24,False,True
3488,l01088,4,1,15,37,2007,True,0,furnished,6.24,True,True
3489,l01089,3,2,23,29,2005,True,1,semi-furnished,5.4,True,True
3490,l01090,2,1,15,24,2015,False,0,semi-furnished,7.18,False,True
3491,l01091,5,3,12,13,2004,True,3,unfurnished,1.41,False,False
3492,l01092,1,2,4,32,2009,True,2,furnished,6.67,False,False
3493,l01093,5,4,4,29,2015,True,0,furnished,4.13,False,False
3494,l01094,1,4,13,33,2004,False,0,furnished,3.24,True,False
3496,l01096,5,4,6,40,2019,False,0,furnished,4.29,False,False
3499,l01099,3,4,4,14,2015,True,1,semi-furnished,3.72,True,True
3500,l01100,5,2,2,11,2003,True,1,semi-furnished,0.49,True,True
3501,l01101,1,2,12,37,2011,True,0,furnished,7.88,True,False
3502,l01102,5,1,15,19,2012,False,0,unfurnished,1.52,True,False
3503,l01103,2,1,21,38,2022,True,1,furnished,5.92,False,False
3505,l01105,3,3,17,32,2013,False,0,furnished,1.51,False,False
3507,l01107,2,3,14,17,2008,False,0,semi-furnished,7.85,False,False
3508,l01108,1,2,25,25,2023,True,2,semi-furnished,3.53,True,True
3510,l01110,5,4,7,22,1995,False,0,semi-furnished,2.91,True,True
3511,l01111,3,2,13,34,2021,False,0,furnished,5.21,False,True
3513,l01113,5,3,8,37,2001,False,0,furnished,0.88,False,False
3515,l01115,3,3,24,26,2015,False,0,unfurnished,3.27,True,False
3516,l01116,3,3,15,33,2019,False,0,semi-furnished,1.49,True,False
3517,l01117,3,2,16,27,2000,True,3,furnished,3.93,True,True
3518,l01118,2,2,9,10,2010,True,2,furnished,1.74,True,True
3519,l01119,2,1,20,20,2016,True,4,semi-furnished,4.15,False,True
3522,l01122,4,2,6,23,2011,True,3,unfurnished,0.44,True,False
3523,l01123,5,4,18,26,1996,True,3,furnished,7.24,False,False
3524,l01124,4,3,11,17,2010,True,4,unfurnished,2.92,False,False
3525,l01125,3,1,8,18,2018,False,0,unfurnished,7.7,True,False
3527,l01127,5,4,7,34,2008,False,0,semi-furnished,6.64,True,False
3528,l01128,1,1,2,37,2014,True,0,semi-furnished,3.28,False,False
3529,l01129,2,3,18,39,2003,True,4,unfurnished,2.3,False,True
3531,l01131,2,4,7,39,2020,True,4,semi-furnished,6.43,True,True
3532,l01132,1,1,1,9,2014,True,3,semi-furnished,1.35,True,False
3534,l01134,1,1,19,36,2021,True,1,unfurnished,2.59,False,True
3535,l01135,2,1,19,31,2002,True,1,furnished,2.99,True,False
3536,l01136,4,3,22,27,2012,False,0,semi-furnished,7.62,True,False
3537,l01137,1,1,17,27,2013,True,4,unfurnished,3.81,True,True
3540,l01140,2,3,11,12,2000,True,1,semi-furnished,1.0,True,False
3541,l01141,3,4,4,36,1999,True,3,unfurnished,4.71,True,True
3542,l01142,1,2,22,34,2020,False,0,unfurnished,1.19,False,True
3543,l01143,1,2,25,28,1996,False,0,semi-furnished,0.62,False,False
3545,l01145,5,3,10,16,2000,True,4,unfurnished,5.65,False,False
3546,l01146,1,1,3,9,1995,True,2,unfurnished,5.26,True,True
3547,l01147,4,2,2,23,2007,False,0,furnished,5.69,False,False
3548,l01148,4,1,10,25,2013,True,4,furnished,3.98,False,False
3549,l01149,4,2,6,18,2016,False,0,semi-furnished,7.05,False,False
3551,l01151,3,1,17,32,2007,False,0,furnished,1.91,True,False
3552,l01152,5,3,0,22,2002,True,1,furnished,1.44,True,True
3553,l01153,2,4,18,24,1999,True,0,unfurnished,4.91,False,False
3554,l01154,1,4,12,40,2014,False,0,unfurnished,1.27,True,True
3555,l01155,4,4,25,25,2022,True,3,furnished,1.66,True,True
3556,l01156,2,4,11,15,2005,False,0,furnished,3.33,False,False
3557,l01157,1,3,9,9,2004,True,0,semi-furnished,6.37,True,True
3558,l01158,3,2,2,9,2020,False,0,semi-furnished,5.01,False,True
3559,l01159,5,2,4,22,2012,True,3,furnished,4.22,False,True
3560,l01160,2,3,4,6,2018,False,0,furnished,5.7,False,False
3561,l01161,5,1,14,29,2000,False,0,unfurnished,6.68,False,True
3564,l01164,3,1,23,23,2023,False,0,unfurnished,0.88,True,False
3566,l01166,3,3,2,24,2013,True,1,semi-furnished,6.53,False,False
3568,l01168,3,4,4,26,1996,False,0,furnished,5.08,True,True
3569,l01169,2,4,5,38,2009,False,0,furnished,7.49,True,True
3570,l01170,4,3,12,33,2007,False,0,semi-furnished,6.28,True,False
3571,l01171,4,1,4,5,2007,True,3,semi-furnished,0.63,False,True
3572,l01172,1,2,6,35,2002,False,0,unfurnished,5.78,True,False
3573,l01173,2,4,7,32,2016,False,0,unfurnished,3.49,True,True
3575,l01175,1,4,12,26,2003,False,0,semi-furnished,6.85,True,False
3576,l01176,3,3,6,7,2010,False,0,semi-furnished,5.12,True,True
3577,l01177,2,3,8,38,2000,True,3,unfurnished,1.52,False,False
3578,l01178,4,2,17,30,1996,False,0,semi-furnished,2.79,True,False
3579,l01179,2,4,10,28,1999,False,0,semi-furnished,2.38,False,False
3581,l01181,5,1,21,23,2013,True,3,semi-furnished,0.61,True,True
3582,l01182,5,4,12,22,2023,True,3,unfurnished,1.1,False,True
3583,l01183,1,3,13,21,2001,False,0,unfurnished,6.71,False,False
3584,l01184,5,3,6,40,2018,True,2,furnished,1.36,True,True
3585,l01185,4,1,9,31,2012,True,0,semi-furnished,5.9,True,True
3586,l01186,3,1,13,35,2013,True,0,furnished,7.5,False,True
3587,l01187,3,3,10,29,1998,True,0,semi-furnished,3.39,False,True
3588,l01188,4,3,0,35,2013,True,1,furnished,6.83,False,True
3589,l01189,5,1,22,24,2000,True,1,unfurnished,6.74,False,False
3590,l01190,1,1,14,24,1996,True,1,furnished,7.62,False,True
3591,l01191,5,2,9,13,2018,False,0,semi-furnished,7.7,True,False
3592,l01192,2,4,3,11,2002,False,0,unfurnished,4.59,False,True
3593,l01193,3,4,21,23,1996,True,1,furnished,7.1,True,True
3594,l01194,3,1,7,22,1998,True,4,semi-furnished,1.48,False,True
3595,l01195,5,2,21,39,2007,False,0,unfurnished,3.48,False,True
3596,l01196,5,1,24,33,1995,True,0,furnished,5.46,False,False
3597,l01197,4,4,19,35,2022,False,0,semi-furnished,7.87,True,False
3598,l01198,1,4,23,32,1999,False,0,unfurnished,0.38,True,False
3600,l01200,3,1,4,18,1999,False,0,furnished,2.3,True,True
3602,l00002,4,3,6,7,2013,False,0,unfurnished,3.63,False,True
3604,l00004,3,2,18,30,1995,True,1,unfurnished,2.06,True,True
3607,l00007,5,4,5,23,2010,False,0,semi-furnished,7.75,False,False
3608,l00008,3,3,12,18,2013,False,0,furnished,6.22,False,True
3609,l00009,4,3,10,39,1996,True,0,furnished,6.21,True,True
3612,l00012,5,3,2,10,2010,True,2,furnished,6.72,True,False
3613,l00013,4,2,12,30,2002,False,0,furnished,6.32,True,False
3614,l00014,2,2,0,9,2022,True,4,semi-furnished,2.94,False,True
3615,l00015,2,3,2,31,2005,False,0,unfurnished,4.38,False,True
3616,l00016,3,3,25,36,2023,True,1,unfurnished,5.69,True,False
3617,l00017,3,4,13,39,1998,True,1,furnished,0.61,False,False
3618,l00018,1,1,17,29,2000,True,3,semi-furnished,4.4,False,False
3619,l00019,1,3,9,10,2015,True,2,unfurnished,3.14,False,True
3620,l00020,2,1,11,39,2010,False,0,furnished,0.23,False,False
3621,l00021,5,4,8,13,1996,False,0,unfurnished,0.24,False,False
3622,l00022,4,2,17,17,1997,True,1,furnished,7.53,False,False
3623,l00023,5,3,6,32,1998,False,0,semi-furnished,1.12,False,False
3624,l00024,5,1,13,36,2014,False,0,semi-furnished,7.34,True,True
3625,l00025,5,3,20,26,2010,True,3,unfurnished,3.33,False,True
3627,l00027,5,2,25,25,2001,False,0,semi-furnished,6.27,True,False
3628,l00028,3,1,7,32,2018,False,0,semi-furnished,7.67,False,True
3629,l00029,4,4,2,5,2007,False,0,semi-furnished,1.55,False,True
3630,l00030,4,3,1,23,2003,True,0,semi-furnished,0.6,True,False
3631,l00031,1,3,1,26,2010,True,3,semi-furnished,2.96,False,True
3632,l00032,2,3,8,17,2003,True,1,furnished,0.78,False,True
3633,l00033,3,1,12,26,2023,False,0,furnished,3.14,True,False
3634,l00034,3,3,21,31,2023,False,0,semi-furnished,4.34,False,True
3635,l00035,1,4,23,32,2008,True,4,unfurnished,7.41,True,True
3636,l00036,5,1,20,27,2009,True,2,semi-furnished,7.08,False,False
3637,l00037,1,3,21,35,2023,True,0,semi-furnished,7.54,False,True
3638,l00038,4,3,3,33,1995,True,4,semi-furnished,1.93,True,True
3641,l00041,1,4,9,21,2012,True,3,unfurnished,3.71,True,False
3642,l00042,3,2,8,33,2013,True,4,unfurnished,1.79,True,True
3644,l00044,5,2,17,39,2010,True,1,furnished,3.24,True,False
3645,l00045,5,4,24,37,1995,False,0,furnished,0.54,True,True
3646,l00046,3,1,14,29,2021,False,0,furnished,2.09,True,True
3647,l00047,4,3,12,21,2019,False,0,semi-furnished,4.37,False,False
3649,l00049,3,4,20,34,2003,False,0,semi-furnished,1.37,True,True
3650,l00050,4,4,16,28,1998,False,0,semi-furnished,1.33,True,False
3652,l00052,3,1,5,25,2001,False,0,semi-furnished,1.56,False,True
3654,l00054,5,3,15,27,2005,False,0,unfurnished,0.66,False,False
3655,l00055,1,3,3,31,2001,False,0,furnished,1.72,True,False
3656,l00056,5,4,10,33,2006,False,0,unfurnished,4.78,False,True
3657,l00057,2,2,19,31,2014,False,0,furnished,3.41,True,False
3658,l00058,2,4,9,22,2018,False,0,unfurnished,0.83,True,False
3662,l00062,5,4,11,25,2018,True,1,semi-furnished,2.2,True,False
3663,l00063,4,2,2,38,1999,True,0,semi-furnished,1.83,False,True
3664,l00064,1,3,8,31,2020,True,1,furnished,5.17,True,False
3665,l00065,1,4,15,35,1999,True,3,furnished,3.28,False,True
3666,l00066,5,1,4,11,1997,False,0,semi-furnished,3.79,True,True
3667,l00067,3,4,2,23,2023,True,4,unfurnished,6.37,False,False
3669,l00069,2,2,23,32,2002,True,0,unfurnished,5.82,True,True
3670,l00070,1,2,2,21,2001,False,0,furnished,3.38,False,True
3671,l00071,5,2,5,13,2003,False,0,furnished,6.82,False,False
3672,l00072,2,1,7,11,1995,True,0,furnished,6.59,True,True
3673,l00073,2,3,2,9,2013,False,0,furnished,7.82,True,False
3675,l00075,3,1,10,11,2023,False,0,semi-furnished,6.36,False,False
3676,l00076,2,2,5,5,2007,True,2,unfurnished,6.11,False,True
3677,l00077,5,4,3,11,1999,True,1,furnished,5.29,True,False
3678,l00078,5,3,20,24,2008,True,2,furnished,5.07,False,False
3681,l00081,3,3,4,24,2009,False,0,unfurnished,3.07,False,True
3683,l00083,4,1,0,7,2008,True,2,unfurnished,2.28,False,True
3684,l00084,4,2,1,36,2006,False,0,furnished,1.69,True,False
3685,l00085,2,2,17,30,2003,True,3,semi-furnished,4.92,False,True
3688,l00088,3,2,3,27,2014,False,0,semi-furnished,0.46,False,True
3690,l00090,5,1,3,10,2018,False,0,semi-furnished,3.03,True,False
3692,l00092,4,3,4,10,2021,False,0,unfurnished,7.22,True,True
3693,l00093,5,1,15,16,2020,True,0,furnished,6.52,True,False
3694,l00094,3,1,8,12,2020,True,3,unfurnished,7.55,False,False
3695,l00095,4,2,4,28,2017,False,0,unfurnished,2.42,True,False
3696,l00096,3,2,5,10,2005,True,4,furnished,1.08,False,True
3697,l00097,3,3,8,16,2002,True,1,furnished,5.96,True,True
3698,l00098,3,4,10,20,2018,False,0,semi-furnished,7.77,False,False
3699,l00099,4,3,4,36,2007,False,0,semi-furnished,4.59,True,True
3701,l00101,4,3,18,24,2018,True,3,unfurnished,1.15,False,True
3702,l00102,2,3,2,34,1996,True,0,furnished,6.76,True,True
3703,l00103,4,1,7,13,2013,True,4,furnished,1.49,False,True
3704,l00104,1,1,14,18,1996,True,3,semi-furnished,6.7,False,False
3705,l00105,2,2,14,17,2007,False,0,unfurnished,1.92,False,True
3706,l00106,3,2,3,5,2005,True,0,furnished,1.21,False,True
3708,l00108,1,3,11,31,2013,False,0,furnished,1.19,True,True
3710,l00110,3,4,23,34,2013,True,0,unfurnished,4.97,True,True
3711,l00111,5,3,24,35,2009,True,0,semi-furnished,2.6,True,True
3712,l00112,1,1,2,24,1998,False,0,unfurnished,3.36,True,False
3713,l00113,2,3,6,30,2007,True,3,unfurnished,2.96,False,False
3715,l00115,1,2,11,40,1995,True,1,unfurnished,5.41,True,False
3716,l00116,1,4,17,19,2005,True,1,furnished,5.94,False,False
3717,l00117,5,4,3,19,2001,False,0,semi-furnished,1.73,True,False
3718,l00118,1,4,8,14,2013,True,2,unfurnished,5.86,False,True
3719,l00119,5,4,6,13,1999,False,0,furnished,6.81,True,True
3720,l00120,4,4,6,38,2021,False,0,furnished,2.44,False,False
3723,l00123,3,3,9,22,1998,False,0,semi-furnished,7.13,False,False
3725,l00125,5,4,10,24,2009,True,3,semi-furnished,5.99,False,True
3726,l00126,4,1,2,22,2000,True,0,semi-furnished,7.6,True,False
3727,l00127,3,2,9,26,2023,False,0,semi-furnished,2.34,True,True
3728,l00128,3,4,5,14,1995,False,0,semi-furnished,6.74,True,False
3729,l00129,4,4,5,21,2001,True,3,unfurnished,2.06,False,False
3730,l00130,2,3,4,16,2009,True,0,unfurnished,6.05,False,True
3731,l00131,3,3,0,19,1997,True,0,semi-furnished,2.08,True,False
3732,l00132,4,4,3,36,2023,True,4,furnished,0.58,False,False
3733,l00133,5,1,3,23,2020,True,3,semi-furnished,4.37,True,False
3736,l00136,4,2,2,21,1998,True,4,unfurnished,2.48,False,False
3737,l00137,5,2,24,33,2021,False,0,semi-furnished,7.41,True,True
3738,l00138,2,4,4,21,2015,False,0,furnished,4.39,False,False
3739,l00139,4,4,2,9,2021,False,0,unfurnished,5.25,False,False
3740,l00140,5,4,2,40,2022,True,4,furnished,0.24,False,False
3741,l00141,1,3,12,34,2013,True,2,furnished,6.38,False,False
3743,l00143,2,2,11,35,1998,False,0,furnished,4.05,False,False
3744,l00144,5,3,13,31,2000,True,4,unfurnished,8.0,True,True
3745,l00145,3,1,8,25,2015,True,1,unfurnished,4.07,True,True
3748,l00148,1,1,18,33,2014,True,3,furnished,6.77,False,False
3749,l00149,5,4,13,13,1997,False,0,furnished,4.01,True,False
3750,l00150,5,4,12,18,2010,False,0,unfurnished,6.89,True,False
3751,l00151,4,3,20,32,2000,False,0,furnished,5.43,False,False
3752,l00152,1,2,23,26,2000,True,2,semi-furnished,6.05,False,False
3753,l00153,3,1,22,34,1998,False,0,furnished,1.92,False,True
3754,l00154,3,3,2,34,2021,False,0,furnished,5.42,True,True
3755,l00155,3,4,13,25,2000,False,0,furnished,1.95,False,False
3756,l00156,3,3,11,37,2019,False,0,unfurnished,0.71,False,True
3759,l00159,2,2,19,20,2013,True,2,unfurnished,3.96,True,True
3760,l00160,3,2,6,12,2003,False,0,furnished,5.16,False,False
3761,l00161,2,3,7,19,2023,True,3,semi-furnished,2.77,False,False
3764,l00164,4,4,15,38,2004,True,4,unfurnished,1.01,False,True
3765,l00165,3,3,5,24,1996,True,4,semi-furnished,3.2,True,False
3767,l00167,3,2,9,15,2000,True,4,furnished,7.98,True,True
3768,l00168,4,2,7,39,2004,True,3,semi-furnished,6.33,True,False
3770,l00170,5,1,19,24,2010,True,4,semi-furnished,6.24,False,False
3771,l00171,4,3,6,9,2006,False,0,furnished,5.57,False,True
3773,l00173,4,3,4,34,2023,True,4,semi-furnished,1.16,False,False
3774,l00174,2,3,22,28,2017,True,0,semi-furnished,6.22,True,True
3775,l00175,4,1,19,26,1995,False,0,semi-furnished,7.11,False,False
3776,l00176,2,3,7,25,2000,True,4,unfurnished,0.59,True,True
3777,l00177,3,4,18,32,2022,False,0,furnished,1.96,False,False
3778,l00178,3,4,17,30,2000,True,1,furnished,5.14,False,False
3779,l00179,3,2,0,28,2021,False,0,unfurnished,5.67,True,True
3780,l00180,5,1,8,18,2020,False,0,furnished,1.1,False,False
3781,l00181,2,4,11,29,2007,True,4,furnished,5.11,False,False
3782,l00182,5,4,5,12,2015,False,0,furnished,4.45,False,False
3783,l00183,2,1,7,25,2013,True,2,semi-furnished,3.15,False,False
3786,l00186,2,1,13,40,2017,False,0,semi-furnished,5.96,False,False
3787,l00187,2,4,9,24,2015,True,0,unfurnished,4.68,False,True
3788,l00188,1,3,11,19,2005,True,1,unfurnished,3.1,False,False
3790,l00190,2,1,13,19,2008,False,0,furnished,4.75,True,False
3791,l00191,1,2,24,32,2018,False,0,unfurnished,1.51,False,True
3793,l00193,1,3,1,14,2002,True,1,unfurnished,6.22,False,True
3794,l00194,5,4,0,18,2019,True,1,unfurnished,0.2,True,True
3795,l00195,1,3,5,29,2006,False,0,unfurnished,4.99,True,True
3796,l00196,1,1,0,37,1996,True,3,semi-furnished,7.22,True,False
3797,l00197,3,3,5,18,2011,True,4,furnished,6.34,True,False
3798,l00198,5,1,23,24,2003,True,3,unfurnished,1.53,True,True
3799,l00199,5,4,7,28,2007,True,2,semi-furnished,2.75,False,False
3800,l00200,3,3,9,25,2017,True,2,semi-furnished,2.6,False,True
3801,l00201,5,1,15,35,2021,True,3,unfurnished,0.91,True,False
3802,l00202,5,3,6,29,2009,False,0,semi-furnished,1.18,False,True
3803,l00203,3,3,3,34,2016,True,0,unfurnished,3.15,True,True
3805,l00205,5,1,0,24,2022,False,0,furnished,6.89,True,False
3806,l00206,5,3,8,14,2001,False,0,unfurnished,5.19,False,True
3808,l00208,1,3,5,9,2014,True,0,unfurnished,3.71,False,True
3809,l00209,4,3,11,38,1995,True,0,semi-furnished,5.94,False,False
3810,l00210,2,1,19,37,2016,False,0,unfurnished,0.69,True,True
3811,l00211,3,1,24,28,2002,False,0,semi-furnished,2.26,False,False
3812,l00212,4,3,5,18,2007,True,1,semi-furnished,4.67,False,True
3813,l00213,1,3,8,24,2021,True,0,unfurnished,5.24,True,True
3814,l00214,2,1,6,31,2001,False,0,furnished,4.74,False,True
3817,l00217,1,1,6,30,1998,False,0,semi-furnished,5.73,True,True
3819,l00219,3,1,22,27,2014,True,0,furnished,4.99,True,True
3820,l00220,3,3,24,24,2023,True,0,unfurnished,0.39,False,True
3821,l00221,4,3,16,28,2020,False,0,furnished,1.91,True,True
3822,l00222,5,3,24,40,2020,False,0,furnished,1.15,True,True
3824,l00224,1,3,14,40,2016,False,0,unfurnished,2.2,False,True
3826,l00226,1,1,2,24,2013,False,0,furnished,1.88,False,True
3827,l00227,3,2,11,34,2016,False,0,furnished,0.84,True,False
3828,l00228,3,1,4,9,2018,True,1,furnished,6.55,True,True
3830,l00230,5,2,4,28,2016,False,0,semi-furnished,4.91,True,True
3831,l00231,1,4,21,22,2006,False,0,unfurnished,6.82,False,True
3832,l00232,4,4,13,25,2000,False,0,furnished,4.25,True,True
3833,l00233,5,3,9,28,2010,True,3,furnished,4.09,False,False
3834,l00234,3,2,3,36,2012,True,1,furnished,0.91,False,True
3836,l00236,2,4,22,22,2005,True,4,semi-furnished,1.71,False,True
3837,l00237,1,2,3,19,1997,True,2,furnished,6.37,True,False
3838,l00238,3,1,1,16,2023,False,0,unfurnished,6.26,False,True
3839,l00239,5,1,8,20,2016,False,0,unfurnished,3.17,False,False
3841,l00241,3,2,4,32,2018,True,1,semi-furnished,4.66,False,False
3843,l00243,3,4,10,40,1996,False,0,furnished,1.11,True,True
3846,l00246,4,3,1,14,2015,False,0,semi-furnished,3.93,True,False
3848,l00248,5,3,9,9,1997,False,0,unfurnished,7.81,True,True
3849,l00249,2,1,2,22,1997,False,0,unfurnished,5.41,True,True
3850,l00250,3,2,19,35,2013,False,0,semi-furnished,2.76,True,True
3851,l00251,2,2,18,23,1997,False,0,furnished,4.63,False,False
3852,l00252,4,1,3,25,2021,True,3,unfurnished,0.87,True,True
3853,l00253,4,1,22,30,2008,False,0,furnished,1.97,False,True
3855,l00255,3,3,5,27,1995,False,0,unfurnished,1.3,False,True
3857,l00257,4,2,11,26,2020,True,2,unfurnished,5.17,False,False
3858,l00258,5,3,21,30,2018,False,0,semi-furnished,0.75,False,False
3859,l00259,2,2,14,37,2022,True,1,semi-furnished,4.87,True,True
3860,l00260,5,4,5,25,2007,False,0,unfurnished,4.96,True,True
3862,l00262,3,1,6,9,2011,False,0,furnished,5.95,False,False
3864,l00264,3,3,14,20,2010,False,0,furnished,3.98,False,False
3865,l00265,1,2,15,15,2020,False,0,semi-furnished,2.55,False,False
3866,l00266,1,2,1,8,2006,False,0,semi-furnished,7.95,False,False
3868,l00268,4,4,7,11,1998,True,2,unfurnished,7.73,False,True
3869,l00269,3,2,7,40,2007,True,3,unfurnished,2.33,True,False
3871,l00271,4,3,7,39,1997,False,0,furnished,6.14,True,True
3872,l00272,2,4,1,23,2000,True,1,semi-furnished,3.22,False,False
3873,l00273,1,3,0,37,2001,True,3,unfurnished,7.16,True,True
3875,l00275,2,4,18,31,2015,False,0,semi-furnished,1.71,False,False
3876,l00276,1,4,10,29,2011,False,0,semi-furnished,1.51,True,True
3877,l00277,3,1,10,18,2007,False,0,semi-furnished,1.27,True,False
3878,l00278,2,4,20,34,2014,False,0,furnished,3.31,False,False
3880,l00280,2,1,7,25,1999,False,0,furnished,1.42,True,False
3881,l00281,5,1,4,20,2019,True,0,unfurnished,3.5,False,True
3882,l00282,2,3,11,38,2018,False,0,semi-furnished,3.38,False,True
3884,l00284,5,2,5,8,2007,True,4,unfurnished,3.11,True,True
3886,l00286,5,1,11,32,2020,False,0,unfurnished,3.16,True,True
3887,l00287,5,3,18,33,2008,False,0,semi-furnished,7.8,True,False
3889,l00289,5,1,20,28,2008,False,0,furnished,7.71,False,True
3890,l00290,3,2,13,16,2010,True,4,semi-furnished,1.75,False,False
3892,l00292,3,3,6,37,2022,False,0,semi-furnished,1.96,False,True
3893,l00293,4,1,11,15,2015,False,0,furnished,7.05,False,True
3894,l00294,1,2,9,39,2001,False,0,unfurnished,1.74,True,False
3895,l00295,3,2,7,22,2013,True,1,furnished,3.38,False,True
3896,l00296,1,4,10,12,2005,False,0,semi-furnished,5.73,True,False
3897,l00297,3,3,20,25,2014,True,3,unfurnished,3.02,False,True
3898,l00298,4,3,2,37,2013,False,0,unfurnished,2.78,False,False
3899,l00299,4,2,5,18,2023,False,0,furnished,4.6,False,True
3900,l00300,3,4,12,26,2001,False,0,furnished,0.64,False,False
3901,l00301,5,1,25,30,2014,True,1,furnished,7.72,True,False
3903,l00303,3,3,6,22,1996,False,0,furnished,6.34,False,True
3904,l00304,1,1,22,32,2005,True,4,unfurnished,0.66,False,False
3905,l00305,2,4,24,31,2011,False,0,furnished,6.36,True,True
3906,l00306,4,4,17,26,2000,False,0,semi-furnished,4.8,True,False
3907,l00307,4,2,2,12,2015,True,1,semi-furnished,4.8,True,True
3909,l00309,3,3,12,19,2008,False,0,unfurnished,7.78,False,False
3910,l00310,2,2,5,19,1995,False,0,unfurnished,5.99,True,True
3913,l00313,5,3,25,28,2006,True,3,semi-furnished,1.96,True,False
3914,l00314,2,1,21,24,2022,False,0,furnished,1.52,True,False
3915,l00315,5,4,20,38,2012,True,2,unfurnished,3.5,True,True
3918,l00318,2,2,7,29,2013,True,3,unfurnished,7.94,False,True
3919,l00319,2,2,3,8,1999,True,0,semi-furnished,4.16,False,False
3921,l00321,2,4,12,21,2020,False,0,unfurnished,1.35,True,False
3922,l00322,5,2,2,26,2004,True,2,semi-furnished,3.27,False,True
3923,l00323,3,4,19,25,2007,True,0,unfurnished,5.48,True,False
3924,l00324,1,2,21,30,2015,True,1,semi-furnished,7.6,False,False
3926,l00326,5,2,6,16,2012,True,4,furnished,6.17,False,True
3927,l00327,3,1,16,23,2011,False,0,semi-furnished,0.4,True,False
3928,l00328,3,1,0,10,2001,False,0,furnished,1.55,True,False
3929,l00329,3,3,22,22,1998,False,0,unfurnished,0.32,False,True
3930,l00330,1,2,24,30,2007,False,0,furnished,7.94,False,True
3931,l00331,4,4,4,13,2018,True,0,furnished,5.4,True,False
3932,l00332,5,3,5,8,2008,False,0,furnished,6.92,False,False
3933,l00333,2,2,6,6,1995,True,0,unfurnished,7.58,False,True
3934,l00334,1,1,22,30,2008,False,0,semi-furnished,3.43,False,False
3935,l00335,4,4,3,10,1999,True,3,semi-furnished,1.52,True,False
3936,l00336,2,4,14,35,2010,True,3,unfurnished,1.23,False,True
3937,l00337,5,2,2,22,2020,True,1,semi-furnished,7.37,False,False
3939,l00339,1,1,12,35,2012,True,2,semi-furnished,5.6,True,False
3941,l00341,5,3,5,20,1998,True,3,semi-furnished,7.26,True,False
3942,l00342,2,1,4,31,1995,True,4,unfurnished,2.84,False,False
3943,l00343,4,4,14,23,2000,True,1,unfurnished,4.94,True,False
3944,l00344,3,1,22,36,2011,True,1,furnished,6.11,True,True
3945,l00345,1,2,11,18,2017,True,3,unfurnished,2.97,False,False
3946,l00346,2,1,7,38,2022,True,4,semi-furnished,7.93,True,False
3947,l00347,3,2,5,24,2020,False,0,furnished,5.62,True,False
3948,l00348,1,1,20,20,1998,True,3,unfurnished,7.81,True,True
3950,l00350,5,2,11,30,1997,False,0,furnished,1.7,True,True
3953,l00353,2,4,9,21,1996,True,3,furnished,1.6,False,True
3955,l00355,3,3,1,6,2022,False,0,furnished,1.75,False,False
3956,l00356,4,4,23,26,2020,False,0,unfurnished,1.68,True,True
3957,l00357,1,4,5,33,2020,True,0,semi-furnished,0.72,True,True
3960,l00360,3,3,0,22,2013,False,0,unfurnished,0.81,False,False
3961,l00361,5,4,7,28,2012,True,3,furnished,1.82,False,False
3962,l00362,2,4,9,27,2009,True,2,semi-furnished,2.39,True,False
3963,l00363,4,4,15,35,1996,False,0,unfurnished,4.4,False,False
3964,l00364,3,1,4,27,1999,False,0,semi-furnished,4.66,False,False
3967,l00367,3,4,22,34,1999,True,4,semi-furnished,2.2,True,False
3968,l00368,5,3,6,40,2000,False,0,unfurnished,2.49,False,True
3969,l00369,2,1,23,26,2020,False,0,semi-furnished,7.37,True,True
3970,l00370,1,3,21,37,2015,False,0,furnished,3.81,True,True
3971,l00371,1,3,9,18,2018,False,0,furnished,0.7,True,False
3972,l00372,5,3,17,40,2000,True,0,semi-furnished,6.03,True,False
3973,l00373,4,3,3,23,2004,True,2,semi-furnished,2.67,True,True
3974,l00374,5,2,0,22,2000,True,4,semi-furnished,5.84,False,True
3975,l00375,5,2,19,28,2000,False,0,unfurnished,1.49,True,False
3976,l00376,4,4,10,17,2019,False,0,furnished,1.38,True,False
3977,l00377,2,3,17,24,2019,True,0,furnished,6.28,True,False
3979,l00379,4,1,3,33,2021,True,4,unfurnished,5.48,False,True
3980,l00380,2,3,20,23,2015,True,2,unfurnished,7.72,True,True
3981,l00381,4,4,12,35,2014,True,0,unfurnished,3.1,False,True
3982,l00382,5,3,5,11,2002,False,0,unfurnished,5.89,True,False
3983,l00383,3,4,15,22,1995,False,0,unfurnished,6.78,True,False
3984,l00384,3,3,2,19,2009,True,3,semi-furnished,1.66,True,True
3985,l00385,2,3,24,37,1995,False,0,semi-furnished,4.59,False,False
3986,l00386,3,2,5,19,2001,True,3,unfurnished,4.81,False,False
3987,l00387,4,1,9,28,2002,False,0,semi-furnished,4.4,True,True
3988,l00388,5,1,9,27,2006,False,0,semi-furnished,4.11,False,False
3990,l00390,5,4,1,22,1996,True,3,unfurnished,7.27,True,True
3991,l00391,2,2,14,27,1996,True,3,semi-furnished,1.74,False,True
3992,l00392,2,2,5,19,2010,True,4,semi-furnished,2.55,False,False
3993,l00393,4,2,18,33,2000,True,4,furnished,5.56,True,True
3994,l00394,2,1,13,15,2015,True,1,semi-furnished,3.42,True,True
3995,l00395,5,4,14,22,2013,True,4,semi-furnished,3.02,True,True
3996,l00396,5,1,13,19,2005,True,4,furnished,1.3,True,False
3997,l00397,1,2,4,16,2020,True,4,unfurnished,4.89,False,True
3998,l00398,3,4,16,28,2010,True,0,furnished,0.98,True,True
3999,l00399,3,1,2,35,2019,False,0,unfurnished,4.9,False,False
4000,l00400,4,1,4,25,2012,False,0,unfurnished,0.62,True,False
4002,l00402,1,1,0,15,2000,False,0,furnished,2.89,True,True
4004,l00404,5,1,12,20,2002,True,3,furnished,3.25,False,False
4006,l00406,4,1,8,33,2006,False,0,furnished,2.87,True,False
4007,l00407,1,4,8,28,2005,False,0,furnished,1.69,False,False
4009,l00409,3,4,2,6,1996,False,0,furnished,4.37,False,True
4010,l00410,2,4,9,36,2011,True,4,unfurnished,5.06,True,False
4011,l00411,5,4,15,24,2002,False,0,semi-furnished,1.13,True,False
4012,l00412,3,3,10,38,2015,False,0,furnished,5.98,False,True
4013,l00413,5,4,8,25,2011,True,2,unfurnished,2.39,False,True
4014,l00414,5,1,7,39,2008,True,1,furnished,5.3,True,True
4015,l00415,1,2,17,17,2013,False,0,unfurnished,4.33,False,False
4016,l00416,5,3,3,6,1998,True,2,semi-furnished,3.56,False,False
4018,l00418,1,1,17,38,1997,True,1,semi-furnished,5.48,True,False
4019,l00419,3,4,1,17,1995,True,0,semi-furnished,2.3,False,True
4020,l00420,1,3,6,33,2010,False,0,furnished,2.39,True,True
4021,l00421,2,4,2,36,2018,True,3,semi-furnished,1.44,True,False
4022,l00422,1,1,15,40,2016,True,3,semi-furnished,5.59,True,True
4023,l00423,1,2,13,19,2015,False,0,semi-furnished,5.9,True,False
4024,l00424,3,2,5,39,1999,True,0,unfurnished,6.25,True,False
4026,l00426,1,2,17,30,2012,True,1,unfurnished,6.11,False,True
4027,l00427,5,1,16,26,2007,False,0,unfurnished,1.04,False,True
4028,l00428,4,2,11,14,2004,False,0,furnished,2.53,True,False
4030,l00430,4,2,10,12,2003,True,2,furnished,5.11,True,True
4031,l00431,3,4,3,23,2016,False,0,furnished,7.32,True,False
4032,l00432,5,2,5,30,2017,True,4,semi-furnished,3.82,False,False
4033,l00433,1,1,15,20,2018,False,0,semi-furnished,0.97,False,False
4034,l00434,2,1,6,13,2003,False,0,semi-furnished,0.88,True,True
4035,l00435,1,1,20,21,2007,False,0,unfurnished,7.47,True,True
4036,l00436,2,4,0,23,2013,True,4,semi-furnished,3.64,False,True
4039,l00439,1,3,12,36,2002,False,0,semi-furnished,0.56,False,True
4040,l00440,5,3,22,33,2016,False,0,furnished,4.08,False,False
4042,l00442,2,2,6,6,2009,False,0,unfurnished,5.01,False,False
4043,l00443,5,1,2,7,2012,True,3,furnished,7.17,True,True
4044,l00444,1,1,5,22,2011,False,0,unfurnished,3.04,True,True
4045,l00445,1,2,18,22,1995,True,4,unfurnished,0.98,False,True
4046,l00446,3,4,4,24,2012,True,4,furnished,6.23,False,False
4047,l00447,2,3,11,17,2009,False,0,furnished,6.58,False,True
4048,l00448,2,3,5,20,2022,False,0,furnished,2.74,False,False
4049,l00449,5,3,4,26,2021,True,3,semi-furnished,3.82,False,False
4050,l00450,2,3,3,8,2022,True,0,furnished,2.25,False,True
4051,l00451,5,1,8,10,2011,True,0,furnished,4.79,False,False
4052,l00452,2,1,18,39,2019,False,0,furnished,7.2,True,True
4053,l00453,3,1,17,31,2000,True,1,furnished,0.54,False,False
4054,l00454,1,1,4,14,2018,False,0,furnished,3.07,True,True
4055,l00455,4,3,5,22,2022,False,0,unfurnished,6.54,False,True
4057,l00457,1,1,2,9,2022,False,0,unfurnished,4.49,False,False
4058,l00458,4,3,19,23,2019,True,4,semi-furnished,1.36,False,True
4059,l00459,1,4,4,39,2003,False,0,unfurnished,6.81,True,False
4060,l00460,4,3,14,20,2017,False,0,semi-furnished,1.48,True,False
4061,l00461,4,1,6,8,2019,True,4,semi-furnished,3.73,True,True
4062,l00462,1,2,1,35,2023,False,0,unfurnished,3.04,True,False
4063,l00463,1,4,9,37,2001,False,0,unfurnished,2.65,False,False
4064,l00464,2,4,14,35,2002,False,0,unfurnished,0.58,False,True
4065,l00465,3,2,9,36,1999,True,3,unfurnished,2.19,False,False
4066,l00466,3,1,3,28,2013,True,0,semi-furnished,1.74,True,False
4067,l00467,5,2,9,17,2003,True,1,furnished,5.79,True,True
4068,l00468,5,2,16,38,1999,False,0,semi-furnished,4.93,True,False
4069,l00469,4,1,1,40,2023,False,0,unfurnished,4.96,False,False
4070,l00470,4,4,19,25,1999,True,1,semi-furnished,7.61,False,True
4071,l00471,3,4,20,32,1998,False,0,semi-furnished,6.23,False,True
4073,l00473,3,3,1,16,1997,False,0,furnished,3.92,True,True
4074,l00474,5,4,18,33,2002,True,0,semi-furnished,1.17,False,False
4076,l00476,4,3,9,21,2014,False,0,furnished,6.08,False,False
4077,l00477,1,1,2,15,2008,True,4,semi-furnished,4.54,False,True
4078,l00478,1,1,7,18,1999,False,0,unfurnished,4.53,False,True
4079,l00479,5,1,5,38,2009,True,4,unfurnished,5.7,True,False
4080,l00480,5,2,11,31,2003,False,0,furnished,4.72,False,False
4081,l00481,1,3,16,27,2016,True,0,furnished,0.85,False,True
4083,l00483,4,2,7,9,1999,False,0,unfurnished,0.76,False,False
4085,l00485,1,4,7,19,2023,False,0,semi-furnished,7.26,False,True
4086,l00486,4,2,0,35,2008,True,4,furnished,4.21,False,True
4088,l00488,3,2,7,31,1998,True,4,furnished,7.91,True,False
4089,l00489,3,4,11,37,2018,True,0,semi-furnished,5.95,True,True
4090,l00490,2,1,18,18,2023,True,4,furnished,1.03,True,False
4092,l00492,5,2,5,23,2023,True,0,semi-furnished,4.14,False,True
4093,l00493,2,4,10,36,2014,False,0,furnished,6.73,True,False
4094,l00494,2,2,13,32,2001,False,0,furnished,5.08,False,True
4095,l00495,1,3,19,23,2005,False,0,unfurnished,8.0,False,True
4096,l00496,4,4,21,26,2013,False,0,furnished,2.84,True,False
4097,l00497,5,3,24,39,2009,True,2,semi-furnished,1.7,False,True
4098,l00498,2,2,7,19,2021,True,3,unfurnished,7.51,True,False
4100,l00500,1,4,17,24,1998,False,0,semi-furnished,3.4,False,False
4101,l00501,2,1,8,40,2000,True,1,furnished,6.93,False,False
4102,l00502,3,3,18,29,2006,True,4,furnished,4.78,True,True
4103,l00503,3,3,23,39,2019,False,0,unfurnished,1.74,True,True
4104,l00504,3,4,9,9,2011,True,1,unfurnished,7.85,True,True
4105,l00505,1,3,15,30,2020,False,0,furnished,5.87,True,True
4106,l00506,3,1,4,40,2016,False,0,semi-furnished,4.79,False,False
4107,l00507,4,4,20,33,2002,False,0,furnished,7.68,False,False
4111,l00511,4,4,11,16,2008,False,0,semi-furnished,5.0,True,False
4113,l00513,3,2,8,9,1998,True,3,unfurnished,4.82,True,True
4114,l00514,4,4,17,23,2020,False,0,semi-furnished,5.21,False,True
4115,l00515,1,3,9,24,2009,True,1,furnished,0.42,False,True
4116,l00516,5,2,0,10,1995,False,0,furnished,2.39,False,True
4117,l00517,1,2,8,22,2018,False,0,furnished,6.17,False,False
4119,l00519,3,3,17,35,1995,False,0,furnished,0.61,False,False
4120,l00520,2,3,4,5,2012,False,0,furnished,6.32,True,True
4121,l00521,1,3,23,31,2003,False,0,unfurnished,2.6,True,False
4123,l00523,3,3,3,29,2020,False,0,furnished,1.29,False,False
4125,l00525,1,2,21,26,2007,False,0,furnished,6.96,True,True
4127,l00527,5,3,22,25,2006,True,3,furnished,0.26,True,False
4128,l00528,4,2,7,40,1996,True,2,unfurnished,3.9,True,True
4129,l00529,3,2,12,24,2015,False,0,semi-furnished,6.34,False,False
4130,l00530,1,3,0,35,1998,False,0,furnished,1.5,True,False
4131,l00531,4,3,19,22,1996,False,0,semi-furnished,4.68,False,False
4133,l00533,2,2,19,40,2010,True,3,furnished,6.51,True,False
4134,l00534,3,4,1,31,2003,False,0,semi-furnished,5.22,False,False
4135,l00535,4,2,11,19,2021,False,0,furnished,7.72,False,False
4136,l00536,3,1,2,11,1999,False,0,unfurnished,7.63,False,True
4137,l00537,1,1,2,40,1995,True,1,semi-furnished,3.99,False,False
4138,l00538,4,3,0,13,1996,True,4,semi-furnished,0.68,True,True
4139,l00539,5,2,1,24,2020,False,0,semi-furnished,0.93,True,True
4140,l00540,4,1,20,39,2021,False,0,unfurnished,0.42,False,True
4142,l00542,3,4,18,36,2014,False,0,semi-furnished,1.02,False,False
4144,l00544,2,4,12,39,2008,False,0,unfurnished,7.13,True,False
4145,l00545,3,2,5,20,2022,False,0,semi-furnished,2.6,False,True
4146,l00546,3,2,19,32,2010,True,3,furnished,4.06,False,True
4147,l00547,1,1,17,38,2020,False,0,unfurnished,3.18,True,True
4148,l00548,1,2,21,27,2009,True,1,furnished,3.14,True,True
4149,l00549,4,4,4,28,2023,False,0,unfurnished,5.65,True,False
4150,l00550,2,3,17,30,2023,False,0,furnished,1.63,False,False
4151,l00551,1,4,14,15,2001,False,0,unfurnished,4.19,True,True
4152,l00552,4,1,9,34,2022,False,0,semi-furnished,6.86,True,False
4153,l00553,2,2,13,25,2004,True,4,unfurnished,7.19,False,False
4155,l00555,3,1,6,35,2018,False,0,unfurnished,2.58,True,False
4156,l00556,3,4,1,17,1998,False,0,furnished,6.79,False,True
4157,l00557,1,2,4,28,2012,False,0,furnished,4.16,False,False
4158,l00558,4,2,11,19,2015,True,3,unfurnished,3.73,False,True
4159,l00559,2,1,25,27,2017,False,0,semi-furnished,7.85,True,False
4160,l00560,3,4,21,33,2003,False,0,unfurnished,7.7,True,False
4162,l00562,2,2,14,40,2012,True,3,semi-furnished,5.56,True,False
4163,l00563,3,2,16,36,2006,False,0,semi-furnished,1.31,False,False
4166,l00566,1,3,1,11,2023,False,0,furnished,5.36,True,False
4167,l00567,4,2,23,31,2003,True,1,semi-furnished,0.45,True,True
4168,l00568,4,4,11,39,2008,False,0,unfurnished,4.66,False,True
4169,l00569,5,1,3,30,2017,True,4,furnished,6.28,False,True
4170,l00570,3,2,9,39,2015,False,0,unfurnished,0.54,True,True
4171,l00571,3,2,17,26,2013,False,0,furnished,0.27,False,False
4172,l00572,1,1,6,26,2003,True,2,furnished,4.49,False,False
4175,l00575,4,4,5,37,2019,False,0,unfurnished,2.0,True,False
4176,l00576,1,1,14,33,2003,False,0,furnished,1.32,True,False
4177,l00577,3,4,6,33,2018,True,2,furnished,6.23,False,True
4180,l00580,1,1,11,29,1996,True,4,unfurnished,2.73,True,False
4181,l00581,3,2,18,31,2002,True,2,unfurnished,5.54,True,False
4182,l00582,2,4,21,24,2006,True,3,unfurnished,5.3,False,False
4184,l00584,5,4,20,34,2016,True,4,furnished,2.45,False,False
4185,l00585,2,3,22,35,2009,True,4,semi-furnished,7.66,False,False
4186,l00586,4,1,17,32,2000,False,0,furnished,5.81,False,False
4187,l00587,2,1,13,16,2010,False,0,furnished,3.09,True,False
4188,l00588,5,3,1,22,2018,False,0,semi-furnished,4.18,False,True
4189,l00589,5,2,5,6,2003,False,0,furnished,1.44,False,True
4190,l00590,5,3,15,20,2008,False,0,semi-furnished,3.65,False,False
4192,l00592,3,1,24,32,2008,True,2,furnished,5.37,False,False
4193,l00593,3,2,10,12,1998,True,2,furnished,7.56,True,False
4194,l00594,3,4,11,17,2013,True,3,furnished,6.44,True,True
4195,l00595,3,2,9,38,1999,False,0,unfurnished,3.43,False,True
4196,l00596,3,3,6,16,2012,False,0,semi-furnished,6.56,False,True
4197,l00597,1,3,5,21,2009,True,4,furnished,0.43,False,False
4198,l00598,2,2,7,40,2000,True,4,unfurnished,6.72,False,False
4199,l00599,4,1,3,20,2010,False,0,furnished,3.8,True,False
4200,l00600,4,1,10,34,2019,True,3,unfurnished,2.04,False,True
4201,l00601,2,3,7,35,1996,True,4,semi-furnished,7.72,True,False
4202,l00602,4,2,3,16,2017,True,2,semi-furnished,3.82,False,True
4203,l00603,4,4,12,25,1999,False,0,unfurnished,5.65,False,True
4204,l00604,3,1,24,28,2003,False,0,unfurnished,7.25,False,False
4205,l00605,4,1,17,21,2013,True,2,semi-furnished,7.11,False,False
4206,l00606,2,4,9,38,2001,False,0,unfurnished,4.57,False,True
4207,l00607,5,1,1,26,2007,True,3,unfurnished,7.89,True,True
4208,l00608,1,3,15,21,2004,False,0,unfurnished,6.22,True,False
4210,l00610,5,1,8,38,2003,False,0,unfurnished,5.84,False,False
4211,l00611,4,4,1,5,2020,False,0,furnished,1.01,False,True
4213,l00613,2,4,18,37,2023,False,0,unfurnished,1.16,False,False
4214,l00614,4,4,11,19,2009,False,0,semi-furnished,7.33,False,False
4215,l00615,5,4,6,12,2014,False,0,furnished,7.36,False,True
4216,l00616,5,2,7,28,2001,False,0,furnished,5.4,True,False
4217,l00617,5,4,5,6,2012,False,0,furnished,4.73,False,False
4218,l00618,5,3,1,9,2009,False,0,unfurnished,2.93,True,False
4219,l00619,5,4,3,13,2020,False,0,unfurnished,6.63,False,False
4220,l00620,5,3,0,35,1996,False,0,furnished,1.4,False,True
4221,l00621,4,2,7,20,2007,False,0,semi-furnished,1.21,True,True
4222,l00622,3,4,4,30,2012,True,3,furnished,5.42,True,True
4223,l00623,1,3,21,29,2002,False,0,furnished,0.96,True,True
4226,l00626,5,1,18,19,2003,False,0,furnished,4.41,True,False
4227,l00627,5,2,12,18,1995,False,0,furnished,4.98,False,False
4228,l00628,5,3,19,20,2011,True,3,furnished,3.99,False,False
4229,l00629,3,2,2,31,2020,True,4,furnished,3.45,True,True
4230,l00630,4,4,6,19,2010,False,0,semi-furnished,3.87,True,True
4231,l00631,5,1,7,30,2009,False,0,furnished,7.43,True,True
4232,l00632,3,2,24,24,2021,True,1,semi-furnished,4.82,False,True
4234,l00634,2,4,17,22,2000,True,2,furnished,2.14,False,False
4235,l00635,4,1,21,36,2016,True,2,semi-furnished,6.99,False,True
4236,l00636,4,3,1,25,2018,False,0,semi-furnished,7.88,True,True
4237,l00637,4,3,20,27,2023,False,0,furnished,2.87,True,False
4238,l00638,5,4,5,28,1998,True,1,furnished,5.93,False,False
4239,l00639,2,2,17,23,2019,True,4,semi-furnished,0.99,True,False
4240,l00640,5,3,20,25,2023,True,0,semi-furnished,6.91,False,False
4241,l00641,4,3,20,35,1995,False,0,unfurnished,1.33,False,True
4242,l00642,4,3,16,23,1996,False,0,furnished,5.18,False,True
4243,l00643,3,2,24,33,2013,False,0,semi-furnished,0.58,True,True
4244,l00644,3,3,25,39,2011,False,0,semi-furnished,6.92,False,True
4245,l00645,4,2,16,33,2002,True,0,semi-furnished,5.35,False,False
4247,l00647,3,3,20,35,2023,True,4,semi-furnished,5.3,True,False
4248,l00648,4,4,11,20,1995,True,2,semi-furnished,7.17,False,True
4249,l00649,2,2,1,12,2023,False,0,unfurnished,7.93,False,False
4250,l00650,1,2,14,30,2001,False,0,furnished,7.66,True,True
4251,l00651,1,3,15,28,1997,True,1,semi-furnished,7.38,False,False
4252,l00652,3,4,10,31,2014,True,1,unfurnished,0.89,False,True
4254,l00654,1,1,6,12,2022,False,0,furnished,0.45,False,True
4255,l00655,4,4,19,30,2006,False,0,furnished,5.22,True,True
4256,l00656,2,4,17,21,1997,False,0,furnished,5.39,False,False
4259,l00659,2,4,13,24,2017,True,2,furnished,2.22,False,True
4260,l00660,4,3,9,32,2023,False,0,furnished,3.66,True,True
4262,l00662,5,4,11,37,2002,True,3,unfurnished,3.42,True,True
4265,l00665,1,4,5,15,2021,False,0,unfurnished,7.11,False,False
4266,l00666,2,4,22,31,2014,False,0,furnished,1.77,True,True
4267,l00667,3,3,4,25,2003,False,0,semi-furnished,4.67,False,True
4270,l00670,3,3,12,21,1998,True,2,furnished,6.86,False,False
4271,l00671,1,2,15,38,2015,True,2,furnished,4.28,True,True
4273,l00673,3,2,16,38,2000,False,0,unfurnished,6.0,False,False
4274,l00674,4,1,15,38,2014,False,0,furnished,3.74,False,False
4275,l00675,5,2,3,35,2016,False,0,furnished,6.55,False,True
4276,l00676,1,3,0,34,2009,False,0,semi-furnished,3.25,True,False
4277,l00677,4,3,0,25,1996,True,2,furnished,1.73,False,False
4278,l00678,3,1,16,26,1997,False,0,semi-furnished,2.73,True,True
4282,l00682,1,4,16,31,2006,False,0,furnished,7.87,False,False
4283,l00683,1,2,9,16,2015,False,0,unfurnished,5.2,True,False
4284,l00684,1,1,9,34,2016,True,0,semi-furnished,2.07,False,True
4285,l00685,3,3,3,40,2020,True,0,furnished,4.49,True,False
4286,l00686,2,3,22,28,2014,False,0,furnished,2.8,False,True
4287,l00687,4,2,15,17,2016,False,0,furnished,7.17,True,True
4288,l00688,4,4,24,27,2003,False,0,semi-furnished,4.93,False,True
4289,l00689,5,3,11,40,2019,False,0,unfurnished,6.67,True,False
4290,l00690,5,1,5,34,2015,True,2,furnished,7.23,False,False
4293,l00693,3,1,4,5,1999,False,0,semi-furnished,1.56,True,False
4295,l00695,1,3,12,15,2015,False,0,semi-furnished,5.04,False,True
4296,l00696,1,1,2,14,1998,False,0,semi-furnished,6.62,True,True
4297,l00697,5,3,3,34,1997,True,4,furnished,2.01,False,False
4298,l00698,4,2,24,33,2003,False,0,semi-furnished,6.35,False,False
4301,l00701,1,2,9,34,2021,True,1,furnished,2.84,True,False
4303,l00703,4,3,14,25,1997,True,2,semi-furnished,2.0,False,True
4304,l00704,2,3,15,34,2001,False,0,unfurnished,3.19,False,False
4306,l00706,4,2,0,33,2018,False,0,unfurnished,1.44,False,True
4307,l00707,4,4,8,31,2015,True,0,semi-furnished,3.4,True,False
4308,l00708,2,1,19,33,2004,False,0,furnished,7.77,True,True
4309,l00709,1,4,2,40,2019,True,0,unfurnished,2.57,True,False
4310,l00710,5,4,1,18,2000,False,0,furnished,1.02,False,True
4313,l00713,1,4,7,38,2010,True,4,unfurnished,1.56,True,False
4314,l00714,5,3,8,20,2015,True,0,unfurnished,0.22,True,True
4315,l00715,2,2,4,11,2005,True,2,semi-furnished,7.66,False,False
4316,l00716,5,2,19,24,1998,True,0,furnished,4.52,True,False
4318,l00718,5,4,8,40,2019,True,4,furnished,2.19,False,False
4319,l00719,5,4,7,11,2004,False,0,furnished,5.44,False,False
4320,l00720,1,3,20,29,2015,True,4,semi-furnished,3.21,False,False
4321,l00721,2,1,3,33,2012,True,4,unfurnished,7.61,False,True
4322,l00722,4,1,5,29,1997,True,0,unfurnished,0.85,True,False
4323,l00723,4,2,8,36,2006,True,0,unfurnished,1.09,False,False
4325,l00725,5,2,3,27,2008,True,4,unfurnished,7.43,False,True
4326,l00726,4,2,11,19,2003,True,2,furnished,7.68,True,True
4327,l00727,1,3,24,26,1996,False,0,furnished,6.89,False,False
4328,l00728,1,4,25,28,2004,True,0,semi-furnished,3.22,False,False
4329,l00729,4,3,15,36,2017,False,0,semi-furnished,4.3,True,False
4330,l00730,2,2,20,31,1995,False,0,furnished,2.98,True,False
4331,l00731,1,1,18,19,2017,False,0,furnished,2.32,True,False
4332,l00732,3,1,22,40,1998,False,0,unfurnished,1.44,True,False
4333,l00733,5,4,15,31,2007,True,4,furnished,6.0,True,True
4334,l00734,3,1,4,32,2015,True,2,semi-furnished,5.97,False,False
4335,l00735,5,2,14,35,2008,False,0,furnished,6.04,True,False
4336,l00736,3,1,3,12,2022,False,0,unfurnished,7.07,True,False
4337,l00737,4,4,23,24,2015,True,1,furnished,3.29,False,False
4338,l00738,3,4,11,28,2005,True,3,unfurnished,5.09,False,True
4340,l00740,5,3,10,20,2022,False,0,semi-furnished,2.12,True,True
4341,l00741,2,4,7,15,2009,False,0,furnished,3.71,True,True
4342,l00742,2,3,20,35,2010,False,0,furnished,0.28,False,True
4343,l00743,2,4,7,12,2003,False,0,furnished,3.89,True,True
4344,l00744,1,3,3,10,2016,True,2,furnished,3.45,True,True
4345,l00745,5,2,11,22,2002,False,0,furnished,3.07,False,True
4346,l00746,3,3,5,32,2017,True,4,unfurnished,1.95,False,True
4347,l00747,5,4,16,34,2023,False,0,semi-furnished,7.49,False,True
4348,l00748,2,1,4,36,2006,True,4,unfurnished,0.82,False,False
4349,l00749,3,4,6,35,2009,True,3,semi-furnished,7.08,False,True
4350,l00750,3,3,2,17,2022,False,0,unfurnished,5.61,False,False
4352,l00752,4,3,24,30,2006,True,3,semi-furnished,3.88,True,False
4353,l00753,2,3,17,40,2014,False,0,furnished,7.73,True,False
4354,l00754,1,1,9,31,2018,True,4,unfurnished,3.32,False,False
4357,l00757,1,4,10,28,2006,False,0,furnished,4.08,False,False
4358,l00758,3,2,8,30,1997,True,3,furnished,5.13,True,False
4359,l00759,1,2,6,31,2010,False,0,furnished,2.26,True,True
4360,l00760,2,2,7,13,2002,True,3,unfurnished,4.06,False,False
4361,l00761,2,3,6,15,2016,True,1,furnished,6.72,False,True
4362,l00762,1,1,9,36,2021,True,1,semi-furnished,5.02,False,False
4365,l00765,2,1,1,31,2016,False,0,semi-furnished,7.3,True,False
4366,l00766,3,1,5,33,2006,False,0,furnished,7.97,False,True
4367,l00767,4,2,5,34,2014,False,0,unfurnished,0.26,True,True
4368,l00768,1,3,1,17,2009,False,0,semi-furnished,5.21,False,True
4369,l00769,5,4,6,39,2015,False,0,unfurnished,4.04,True,False
4370,l00770,2,1,5,20,2019,False,0,semi-furnished,2.26,False,True
4372,l00772,4,1,17,21,2000,True,0,unfurnished,6.58,True,True
4374,l00774,5,4,0,22,2002,True,2,semi-furnished,0.53,False,True
4375,l00775,4,3,20,22,1999,False,0,semi-furnished,5.3,True,True
4376,l00776,2,1,4,34,2005,True,3,furnished,0.83,False,True
4378,l00778,2,4,5,11,1996,False,0,furnished,3.54,False,True
4379,l00779,3,2,16,33,1998,True,0,unfurnished,1.73,True,False
4380,l00780,4,4,20,28,2005,False,0,furnished,2.31,True,True
4382,l00782,1,1,5,5,2020,False,0,unfurnished,6.36,False,False
4383,l00783,5,4,14,29,2023,False,0,semi-furnished,2.26,True,False
4384,l00784,4,3,25,34,2005,False,0,furnished,2.06,True,False
4385,l00785,3,1,1,38,1997,True,4,unfurnished,6.3,True,True
4386,l00786,4,1,19,26,2018,False,0,unfurnished,7.07,True,True
4388,l00788,4,3,9,24,2019,True,2,furnished,1.94,True,True
4389,l00789,4,1,0,5,1997,True,4,semi-furnished,4.89,True,False
4390,l00790,3,2,19,30,2004,False,0,unfurnished,2.87,True,True
4391,l00791,2,3,21,31,2017,False,0,semi-furnished,0.97,False,True
4392,l00792,5,1,3,5,2015,True,0,furnished,3.88,False,False
4394,l00794,5,2,0,6,2008,True,4,semi-furnished,4.61,False,True
4395,l00795,3,3,0,25,2014,False,0,furnished,1.13,False,False
4396,l00796,1,2,19,21,2011,False,0,furnished,0.63,False,False
4397,l00797,2,4,20,36,2001,True,3,semi-furnished,3.41,True,True
4398,l00798,3,3,4,7,2001,False,0,semi-furnished,0.97,True,False
4400,l00800,3,3,15,24,2014,False,0,semi-furnished,2.11,True,False
4401,l00801,3,4,10,38,2021,False,0,semi-furnished,2.83,True,False
4402,l00802,4,1,20,25,2018,True,1,semi-furnished,3.56,True,True
4403,l00803,4,4,16,40,1995,False,0,unfurnished,1.42,False,True
4404,l00804,4,2,14,34,1999,True,2,unfurnished,0.99,True,True
4406,l00806,2,3,10,39,2001,True,0,semi-furnished,6.04,False,True
4407,l00807,1,2,16,16,2008,True,4,unfurnished,3.41,False,True
4408,l00808,3,2,18,34,2004,False,0,unfurnished,0.81,False,False
4410,l00810,2,3,22,38,2008,True,1,furnished,6.46,False,False
4411,l00811,1,2,12,26,2016,True,4,semi-furnished,6.54,True,True
4412,l00812,1,1,15,25,1997,False,0,semi-furnished,7.67,False,True
4413,l00813,1,4,10,35,2018,False,0,semi-furnished,4.94,True,False
4414,l00814,4,3,21,29,2005,True,1,furnished,6.79,False,True
4415,l00815,5,2,2,13,2023,False,0,furnished,5.53,False,True
4417,l00817,5,3,9,36,1999,False,0,unfurnished,1.72,False,True
4418,l00818,2,2,12,14,2019,False,0,unfurnished,1.0,False,False
4420,l00820,2,1,10,16,2001,True,0,semi-furnished,1.56,True,True
4422,l00822,1,4,14,39,2019,False,0,semi-furnished,0.88,False,True
4423,l00823,2,1,0,33,1997,True,0,furnished,1.97,True,True
4424,l00824,4,4,22,22,2005,True,0,furnished,7.13,False,True
4425,l00825,1,1,21,21,1999,True,4,unfurnished,5.4,False,True
4426,l00826,3,1,23,23,2010,False,0,furnished,6.02,True,True
4427,l00827,4,4,11,33,1999,False,0,furnished,4.15,False,False
4428,l00828,3,4,21,36,2007,True,2,unfurnished,4.56,False,True
4429,l00829,1,3,12,16,1996,False,0,furnished,0.59,False,True
4430,l00830,5,2,1,28,2009,True,2,furnished,5.48,True,False
4432,l00832,3,2,21,31,2013,True,4,unfurnished,5.83,False,True
4433,l00833,1,3,22,40,1998,False,0,furnished,6.49,False,True
4435,l00835,3,1,1,25,2008,True,0,furnished,1.73,False,False
4436,l00836,1,2,2,40,1996,True,0,furnished,2.73,True,True
4437,l00837,4,4,5,9,2005,True,1,unfurnished,5.89,True,True
4440,l00840,2,3,12,17,2016,False,0,furnished,0.43,True,True
4441,l00841,5,2,10,29,1999,True,2,semi-furnished,6.96,True,False
4442,l00842,2,2,13,17,1997,False,0,semi-furnished,2.76,True,True
4446,l00846,5,4,22,26,2000,True,0,furnished,4.28,True,False
4448,l00848,5,2,9,32,2013,False,0,semi-furnished,5.08,True,False
4449,l00849,2,2,4,17,2000,True,2,unfurnished,5.47,True,True
4450,l00850,1,4,9,37,2016,False,0,furnished,3.57,False,False
4451,l00851,1,1,5,18,2002,True,2,semi-furnished,4.28,False,False
4452,l00852,5,4,2,9,2021,True,4,semi-furnished,0.58,False,True
4453,l00853,1,1,1,30,2018,True,0,unfurnished,3.29,False,True
4454,l00854,1,2,20,22,2010,True,1,unfurnished,6.66,False,False
4455,l00855,3,2,4,11,2007,False,0,unfurnished,1.52,True,True
4456,l00856,4,2,4,33,1998,True,2,semi-furnished,0.75,False,False
4458,l00858,5,3,7,13,1998,True,0,unfurnished,5.73,False,True
4459,l00859,5,3,2,30,2018,False,0,semi-furnished,4.84,False,False
4460,l00860,4,3,1,36,2014,True,1,unfurnished,2.69,True,False
4461,l00861,1,3,4,37,2006,True,1,furnished,6.78,True,True
4463,l00863,2,4,23,30,1996,False,0,furnished,7.19,True,False
4464,l00864,4,1,9,37,2001,True,3,furnished,1.0,True,False
4465,l00865,2,3,8,11,2002,False,0,semi-furnished,4.4,False,False
4467,l00867,2,3,11,30,2022,False,0,furnished,3.6,False,True
4468,l00868,4,3,1,28,2017,True,1,semi-furnished,5.08,True,False
4469,l00869,5,4,18,18,2006,False,0,unfurnished,5.02,False,True
4471,l00871,2,2,9,34,2000,False,0,semi-furnished,2.78,True,False
4472,l00872,2,4,13,36,2016,False,0,semi-furnished,5.75,False,True
4475,l00875,1,2,2,32,2011,True,0,furnished,6.6,False,False
4476,l00876,3,1,19,33,2007,True,0,unfurnished,2.16,False,True
4477,l00877,5,3,9,29,2021,False,0,semi-furnished,4.82,False,False
4478,l00878,2,3,5,11,2009,True,4,furnished,5.62,False,True
4479,l00879,3,4,13,23,2020,False,0,unfurnished,5.07,False,False
4480,l00880,5,2,8,37,2009,True,3,semi-furnished,0.21,False,True
4481,l00881,3,1,6,38,2001,False,0,unfurnished,6.18,True,True
4482,l00882,3,4,18,19,1995,True,3,semi-furnished,5.91,False,False
4483,l00883,4,2,22,30,2016,True,4,unfurnished,3.51,False,False
4484,l00884,1,2,16,37,2002,False,0,unfurnished,5.97,True,False
4485,l00885,5,4,14,14,1996,False,0,semi-furnished,7.48,False,False
4487,l00887,3,2,11,36,2016,False,0,furnished,7.78,False,False
4488,l00888,1,2,11,30,2008,False,0,unfurnished,6.31,True,False
4490,l00890,3,2,9,35,2013,False,0,semi-furnished,2.44,False,True
4492,l00892,5,1,20,33,2011,True,3,semi-furnished,6.39,False,True
4493,l00893,5,2,12,12,2022,False,0,unfurnished,6.53,False,True
4496,l00896,3,2,2,5,2013,False,0,unfurnished,1.31,False,False
4497,l00897,4,1,8,18,2006,True,4,furnished,1.04,False,False
4499,l00899,1,3,15,30,2021,True,0,unfurnished,3.61,True,False
4500,l00900,3,1,18,21,2017,True,4,unfurnished,3.88,True,False
4501,l00901,1,4,21,26,2020,False,0,unfurnished,5.85,False,False
4502,l00902,2,2,11,18,2001,False,0,furnished,2.36,False,False
4503,l00903,4,4,6,36,2010,False,0,unfurnished,2.96,True,False
4504,l00904,1,2,11,24,1999,False,0,furnished,3.78,False,True
4509,l00909,1,3,7,10,2021,True,2,furnished,5.32,True,False
4510,l00910,1,4,2,36,2006,False,0,furnished,6.72,True,False
4512,l00912,2,2,5,6,2015,False,0,unfurnished,7.41,True,True
4513,l00913,5,4,2,18,2019,True,3,unfurnished,6.66,True,False
4514,l00914,1,2,17,22,2001,False,0,semi-furnished,5.45,False,False
4517,l00917,1,2,11,22,2013,True,3,furnished,5.19,True,True
4519,l00919,5,2,7,15,2006,False,0,semi-furnished,5.33,True,True
4520,l00920,5,1,9,23,2007,True,4,semi-furnished,0.87,False,False
4521,l00921,5,4,4,25,2002,True,1,furnished,3.34,True,True
4522,l00922,5,4,2,22,2004,True,2,semi-furnished,7.44,False,False
4524,l00924,3,3,9,29,2004,True,4,semi-furnished,4.37,False,False
4525,l00925,5,2,7,39,2023,False,0,unfurnished,6.21,False,True
4526,l00926,1,2,8,35,2004,True,1,furnished,1.17,False,True
4527,l00927,4,4,13,25,2012,True,2,furnished,4.95,False,True
4528,l00928,5,3,2,32,2002,True,2,furnished,3.4,True,False
4529,l00929,5,4,12,21,1998,False,0,semi-furnished,3.47,False,True
4530,l00930,1,1,1,22,2001,True,2,unfurnished,2.18,False,True
4531,l00931,2,2,25,36,2012,True,2,furnished,5.28,False,True
4532,l00932,1,3,12,15,2020,False,0,unfurnished,3.74,True,False
4533,l00933,5,2,17,34,2020,False,0,furnished,5.98,True,False
4534,l00934,4,2,16,37,2021,True,3,unfurnished,7.26,False,True
4535,l00935,5,2,23,40,2018,False,0,semi-furnished,0.81,True,False
4536,l00936,1,3,8,10,1997,False,0,unfurnished,6.08,True,True
4537,l00937,1,4,20,34,2019,False,0,unfurnished,5.75,True,False
4538,l00938,5,4,22,28,2010,False,0,furnished,2.89,False,True
4539,l00939,1,1,2,19,2020,True,2,semi-furnished,6.49,False,True
4540,l00940,4,2,8,23,1998,True,1,furnished,7.16,True,True
4541,l00941,4,4,2,21,2018,False,0,unfurnished,3.98,False,True
4542,l00942,5,3,13,30,2012,True,1,semi-furnished,5.96,False,True
4543,l00943,1,2,10,21,2022,True,3,unfurnished,3.03,True,False
4544,l00944,4,3,2,25,2013,False,0,unfurnished,1.0,True,False
4545,l00945,1,2,5,16,2009,True,2,semi-furnished,7.91,False,True
4546,l00946,2,2,11,11,1996,False,0,semi-furnished,3.39,False,True
4547,l00947,3,1,22,35,2014,True,1,unfurnished,6.86,False,True
4548,l00948,3,1,25,27,2008,True,3,semi-furnished,5.23,True,False
4549,l00949,1,1,25,35,2022,False,0,unfurnished,4.2,True,False
4550,l00950,5,4,4,13,1998,True,0,furnished,1.5,True,True
4551,l00951,2,1,15,19,1995,False,0,semi-furnished,3.72,False,False
4552,l00952,4,1,11,18,2000,False,0,unfurnished,2.84,False,False
4553,l00953,2,2,22,39,2013,True,1,unfurnished,2.44,True,True
4554,l00954,5,4,10,13,2017,True,1,furnished,3.29,False,False
4555,l00955,3,4,8,19,2022,True,0,furnished,0.83,True,True
4556,l00956,4,2,15,16,2002,False,0,semi-furnished,3.44,True,False
4557,l00957,3,3,2,15,2015,True,2,semi-furnished,3.31,True,False
4558,l00958,4,4,4,28,2012,False,0,unfurnished,3.41,False,False
4559,l00959,5,3,11,21,2010,False,0,furnished,6.87,True,False
4561,l00961,4,3,3,28,2023,True,3,unfurnished,1.36,True,True
4563,l00963,2,2,11,15,1999,True,2,furnished,3.03,False,False
4567,l00967,5,2,5,13,2001,False,0,furnished,5.34,False,True
4568,l00968,3,1,4,18,2002,True,1,furnished,4.03,True,False
4569,l00969,3,2,22,36,2018,False,0,unfurnished,6.68,False,True
4571,l00971,4,2,5,12,2012,False,0,furnished,2.52,False,False
4572,l00972,2,4,0,15,2001,True,2,unfurnished,0.65,True,False
4573,l00973,2,3,10,26,2004,True,2,furnished,3.81,False,False
4574,l00974,2,1,2,7,1998,True,1,unfurnished,7.74,True,True
4575,l00975,4,4,6,28,2000,False,0,unfurnished,2.89,False,True
4576,l00976,2,1,17,35,2003,False,0,furnished,5.52,True,True
4577,l00977,1,4,2,30,2002,True,1,furnished,6.37,False,False
4578,l00978,4,1,19,27,2019,True,0,semi-furnished,7.7,False,True
4579,l00979,3,2,1,16,2005,False,0,furnished,5.42,False,False
4581,l00981,4,2,1,27,2017,False,0,unfurnished,1.84,False,False
4583,l00983,5,2,12,30,2020,False,0,semi-furnished,2.15,False,True
4584,l00984,1,2,19,26,2001,False,0,semi-furnished,4.98,False,False
4586,l00986,2,1,4,25,2006,False,0,unfurnished,7.14,False,False
4587,l00987,4,1,22,31,2016,False,0,unfurnished,3.86,True,True
4588,l00988,1,1,10,10,2005,False,0,semi-furnished,3.45,True,False
4589,l00989,5,1,2,9,2002,True,0,unfurnished,6.68,True,False
4590,l00990,4,2,11,26,1999,False,0,furnished,2.48,True,True
4591,l00991,2,3,11,24,2011,False,0,furnished,1.11,True,True
4592,l00992,3,1,11,29,2020,True,3,unfurnished,7.76,True,True
4593,l00993,4,1,12,38,2005,False,0,semi-furnished,5.19,True,True
4594,l00994,4,2,0,30,2005,True,3,unfurnished,6.28,False,False
4597,l00997,3,1,6,25,2021,False,0,semi-furnished,4.05,True,True
4598,l00998,1,1,13,27,2014,False,0,furnished,2.22,True,True
4600,l01000,1,1,8,38,2014,True,3,furnished,1.66,False,False
4601,l01001,5,3,2,38,2007,True,1,semi-furnished,5.16,False,False
4603,l01003,4,3,8,18,2009,False,0,furnished,7.49,True,False
4605,l01005,3,3,2,26,2018,True,3,unfurnished,1.57,True,True
4606,l01006,1,3,12,31,2004,False,0,furnished,7.64,True,True
4607,l01007,3,1,8,30,2002,True,3,semi-furnished,7.77,True,False
4608,l01008,1,3,21,35,2003,False,0,furnished,3.54,True,True
4609,l01009,2,3,10,36,2005,False,0,semi-furnished,1.81,True,True
4610,l01010,5,4,7,11,1996,True,1,semi-furnished,1.77,True,True
4611,l01011,4,1,21,28,2020,True,0,semi-furnished,7.02,False,False
4612,l01012,4,2,0,34,2018,True,2,semi-furnished,5.91,False,True
4613,l01013,1,2,3,5,2016,True,0,semi-furnished,7.73,True,True
4614,l01014,3,1,24,40,2011,False,0,unfurnished,7.48,False,True
4615,l01015,3,3,15,35,2008,False,0,semi-furnished,2.27,True,True
4616,l01016,5,3,13,26,2004,False,0,unfurnished,2.32,False,True
4617,l01017,4,4,18,20,2020,True,3,semi-furnished,6.35,True,True
4618,l01018,5,3,3,34,2003,True,4,furnished,4.33,False,False
4619,l01019,1,1,24,32,2019,True,4,furnished,2.28,True,False
4620,l01020,1,3,25,33,2017,False,0,unfurnished,0.92,True,True
4621,l01021,2,3,5,29,2017,True,1,furnished,4.39,False,True
4623,l01023,3,3,19,36,2005,True,1,unfurnished,5.67,True,False
4624,l01024,2,2,2,6,2005,False,0,unfurnished,7.88,False,True
4625,l01025,1,2,13,34,2012,True,2,unfurnished,5.73,True,True
4627,l01027,1,2,3,34,2006,True,4,furnished,3.11,False,False
4628,l01028,5,4,18,35,2009,False,0,unfurnished,5.13,False,False
4630,l01030,5,4,4,34,2007,False,0,unfurnished,1.05,False,False
4631,l01031,2,4,3,31,2020,False,0,unfurnished,5.24,True,False
4632,l01032,1,3,8,21,2017,True,3,unfurnished,5.2,True,False
4633,l01033,4,1,8,25,2005,True,3,furnished,1.84,False,True
4634,l01034,4,2,23,34,2012,False,0,furnished,3.94,True,False
4638,l01038,2,1,1,22,2002,False,0,furnished,1.91,True,True
4641,l01041,4,1,7,26,2015,False,0,unfurnished,1.97,True,False
4642,l01042,2,2,9,21,1997,False,0,semi-furnished,1.66,False,True
4643,l01043,3,2,11,15,2002,False,0,unfurnished,7.53,True,True
4644,l01044,4,2,25,30,2023,True,4,unfurnished,2.3,True,False
4647,l01047,2,4,3,30,1998,True,0,furnished,4.48,True,True
4648,l01048,3,3,1,17,1998,False,0,furnished,1.13,True,False
4649,l01049,1,3,20,22,2009,False,0,furnished,7.31,True,True
4652,l01052,4,1,18,19,2014,False,0,unfurnished,7.05,True,True
4653,l01053,3,4,4,36,2020,True,0,unfurnished,0.27,True,True
4654,l01054,4,3,8,13,2004,False,0,unfurnished,6.09,False,False
4655,l01055,2,2,19,33,2022,False,0,furnished,7.69,False,False
4656,l01056,2,1,12,40,2015,True,2,unfurnished,2.75,False,False
4657,l01057,3,1,0,13,2000,True,2,furnished,3.22,False,True
4660,l01060,1,3,8,14,1999,True,0,furnished,3.23,False,False
4661,l01061,4,1,13,17,2006,False,0,furnished,4.96,False,False
4662,l01062,2,1,5,35,2000,False,0,unfurnished,1.44,False,True
4663,l01063,4,2,17,40,2005,False,0,unfurnished,0.75,False,False
4664,l01064,5,4,21,33,1999,True,3,semi-furnished,6.3,True,False
4665,l01065,1,1,22,23,2015,False,0,unfurnished,2.11,False,False
4666,l01066,1,4,5,22,2017,False,0,semi-furnished,2.14,False,False
4667,l01067,4,3,16,36,1996,False,0,unfurnished,7.16,True,False
4668,l01068,4,3,3,39,2004,False,0,furnished,6.58,True,False
4669,l01069,2,1,16,26,2017,False,0,furnished,4.7,False,True
4670,l01070,4,3,6,9,1999,True,3,semi-furnished,3.91,True,True
4672,l01072,3,1,11,11,2002,True,3,furnished,1.98,True,True
4673,l01073,3,3,12,19,2021,True,0,furnished,6.52,True,False
4674,l01074,2,1,7,26,2002,False,0,furnished,0.57,True,False
4676,l01076,2,2,25,35,2003,False,0,semi-furnished,2.94,False,False
4677,l01077,1,1,6,37,2007,False,0,semi-furnished,3.57,False,False
4679,l01079,4,1,4,25,2006,True,0,furnished,5.32,True,False
4680,l01080,4,3,22,35,2023,True,0,furnished,0.48,True,True
4681,l01081,4,2,13,19,2008,False,0,unfurnished,6.96,True,False
4682,l01082,5,2,11,15,1997,False,0,unfurnished,2.21,False,False
4683,l01083,3,1,11,39,2007,True,1,furnished,4.47,False,False
4684,l01084,2,2,2,12,1998,False,0,furnished,1.98,True,False
4685,l01085,2,2,11,40,2019,True,0,semi-furnished,7.63,False,False
4686,l01086,5,1,9,24,2016,False,0,semi-furnished,1.25,True,True
4687,l01087,1,1,21,24,2020,False,0,semi-furnished,7.34,True,False
4688,l01088,3,1,0,16,2010,True,3,semi-furnished,3.46,False,False
4689,l01089,4,4,9,18,2020,True,0,unfurnished,4.85,True,False
4690,l01090,1,4,0,10,2020,False,0,furnished,1.55,False,True
4691,l01091,4,2,15,30,2012,False,0,unfurnished,5.69,True,False
4692,l01092,1,3,10,12,2011,False,0,unfurnished,1.01,True,False
4693,l01093,4,2,17,27,2023,True,3,furnished,5.52,False,False
4695,l01095,2,4,25,36,2018,True,0,furnished,6.65,False,False
4696,l01096,5,3,13,23,2009,True,0,semi-furnished,2.8,False,True
4697,l01097,4,4,10,13,2008,False,0,unfurnished,1.69,False,False
4698,l01098,4,2,24,24,2007,False,0,semi-furnished,1.31,True,True
4699,l01099,3,1,2,11,2016,False,0,semi-furnished,2.6,True,False
4700,l01100,4,4,21,27,2020,True,3,semi-furnished,4.69,True,True
4702,l01102,4,3,21,29,1995,False,0,unfurnished,1.9,False,True
4703,l01103,2,1,17,17,2014,False,0,unfurnished,2.9,False,True
4708,l01108,2,3,7,20,2003,True,0,semi-furnished,1.98,False,True
4709,l01109,3,2,14,30,2016,True,2,semi-furnished,3.65,True,True
4712,l01112,2,1,5,10,2021,True,0,furnished,5.91,False,True
4713,l01113,4,4,5,28,2006,True,3,furnished,3.58,False,True
4714,l01114,3,2,17,40,2018,True,3,semi-furnished,0.8,True,True
4715,l01115,1,3,18,27,2011,False,0,furnished,5.69,True,False
4716,l01116,1,3,5,34,2001,True,3,semi-furnished,1.51,False,True
4717,l01117,2,1,1,30,1996,True,2,unfurnished,2.33,False,True
4718,l01118,5,3,2,24,2006,True,3,furnished,6.36,True,True
4719,l01119,4,2,12,32,1996,False,0,unfurnished,3.01,False,True
4720,l01120,2,1,17,25,2012,False,0,furnished,2.96,True,True
4722,l01122,1,1,5,28,2003,True,2,unfurnished,6.28,False,True
4723,l01123,4,1,21,34,2008,True,4,furnished,2.81,True,False
4725,l01125,3,1,0,9,2004,False,0,semi-furnished,3.98,True,True
4726,l01126,4,1,14,37,2021,False,0,semi-furnished,6.93,False,False
4727,l01127,1,3,25,30,2018,False,0,furnished,2.91,True,True
4728,l01128,5,4,21,29,2002,False,0,semi-furnished,5.85,True,True
4730,l01130,5,4,21,26,1999,True,2,semi-furnished,6.62,True,False
4731,l01131,1,3,9,21,2023,True,4,furnished,2.11,False,True
4732,l01132,4,4,2,33,2000,False,0,unfurnished,5.02,True,True
4733,l01133,3,1,19,27,1996,True,3,semi-furnished,3.6,True,True
4734,l01134,1,3,13,37,2005,False,0,unfurnished,5.01,False,False
4738,l01138,2,2,0,36,2010,False,0,furnished,5.22,False,True
4739,l01139,1,2,4,8,2022,False,0,furnished,6.26,False,False
4740,l01140,3,1,8,34,2006,True,1,furnished,6.33,True,True
4741,l01141,2,3,13,19,2008,False,0,semi-furnished,5.07,True,True
4743,l01143,5,1,2,29,2012,False,0,furnished,3.96,True,True
4744,l01144,4,1,17,21,2015,True,4,unfurnished,4.52,True,True
4745,l01145,4,1,8,35,2002,False,0,furnished,3.49,True,True
4746,l01146,3,2,0,11,1996,False,0,furnished,7.0,False,False
4748,l01148,1,2,8,31,2012,True,3,semi-furnished,2.57,False,True
4749,l01149,2,4,13,35,2021,False,0,furnished,5.2,True,False
4750,l01150,2,4,8,24,2009,False,0,furnished,2.02,False,False
4753,l01153,2,3,5,38,2022,True,1,unfurnished,1.86,True,False
4754,l01154,2,1,4,34,2005,False,0,semi-furnished,2.46,False,True
4755,l01155,4,2,13,23,1997,False,0,furnished,4.65,True,False
4756,l01156,2,3,16,32,2007,False,0,unfurnished,4.23,True,True
4757,l01157,4,4,12,18,2000,True,1,furnished,4.54,True,True
4758,l01158,1,1,13,38,2006,False,0,unfurnished,5.84,False,False
4759,l01159,3,4,6,30,2005,True,3,furnished,3.88,False,True
4760,l01160,2,2,14,26,2009,True,2,semi-furnished,3.71,True,True
4761,l01161,3,4,12,17,2001,False,0,semi-furnished,7.63,True,False
4762,l01162,5,2,6,21,1995,False,0,semi-furnished,3.64,True,True
4764,l01164,1,3,5,11,2004,False,0,unfurnished,5.54,True,True
4765,l01165,1,3,4,40,2015,True,2,semi-furnished,4.04,True,False
4766,l01166,5,1,17,34,2011,True,3,furnished,0.25,True,True
4767,l01167,1,4,9,13,2022,False,0,furnished,0.61,False,True
4769,l01169,5,4,6,16,1995,False,0,furnished,3.34,True,True
4770,l01170,5,1,23,35,2021,True,1,unfurnished,5.77,True,True
4774,l01174,5,4,7,10,2000,True,0,furnished,3.1,True,True
4775,l01175,5,2,16,33,2018,True,3,unfurnished,6.59,False,False
4776,l01176,1,4,7,8,2017,False,0,furnished,3.66,False,False
4778,l01178,2,2,3,37,2019,False,0,unfurnished,6.09,False,True
4780,l01180,4,4,0,20,2016,True,3,unfurnished,3.49,False,True
4781,l01181,5,1,4,16,2022,False,0,unfurnished,4.85,False,False
4782,l01182,5,3,24,29,2006,True,4,semi-furnished,2.29,True,True
4783,l01183,5,4,2,28,1997,False,0,furnished,2.33,False,True
4784,l01184,3,4,15,17,1995,False,0,furnished,2.84,False,True
4785,l01185,5,1,1,11,2001,False,0,semi-furnished,4.34,True,True
4786,l01186,3,4,19,37,2020,False,0,unfurnished,5.61,False,False
4788,l01188,4,2,18,36,2001,True,4,semi-furnished,4.45,False,True
4789,l01189,3,1,22,31,2010,False,0,furnished,0.58,True,False
4790,l01190,1,3,14,40,2004,False,0,semi-furnished,7.43,True,False
4791,l01191,1,2,5,32,2012,True,0,semi-furnished,6.1,False,False
4792,l01192,1,1,24,30,2007,False,0,semi-furnished,1.61,False,True
4793,l01193,5,3,7,7,1996,False,0,semi-furnished,6.01,False,False
4794,l01194,3,3,17,17,2013,True,0,semi-furnished,7.61,True,False
4795,l01195,2,1,21,37,1998,True,3,furnished,5.18,True,False
4798,l01198,3,2,6,40,2003,True,3,unfurnished,5.08,True,True
4799,l01199,5,4,15,25,2016,False,0,unfurnished,4.89,True,False
4800,l01200,3,4,20,29,2005,False,0,furnished,4.32,True,True
4801,l00001,3,3,21,27,2001,False,0,unfurnished,6.21,False,False
4802,l00002,3,1,7,27,2011,True,3,semi-furnished,3.37,False,True
4803,l00003,2,3,6,22,2012,True,1,furnished,0.97,False,False
4804,l00004,5,1,22,39,2022,False,0,unfurnished,7.71,False,False
4805,l00005,2,1,11,33,2019,False,0,semi-furnished,7.42,True,True
4806,l00006,4,1,0,23,2013,False,0,unfurnished,7.17,False,False
4807,l00007,2,2,3,30,2017,True,2,furnished,6.3,True,False
4808,l00008,5,1,14,38,2017,False,0,unfurnished,7.36,True,True
4809,l00009,3,4,25,31,1999,False,0,semi-furnished,5.84,True,False
4810,l00010,4,1,0,7,2020,True,4,furnished,3.98,False,True
4811,l00011,1,3,12,15,2012,False,0,semi-furnished,5.72,False,False
4812,l00012,3,4,14,34,2013,True,0,semi-furnished,4.31,False,False
4814,l00014,2,1,20,40,2006,False,0,unfurnished,7.48,True,False
4815,l00015,2,4,19,30,2020,False,0,furnished,4.39,True,True
4816,l00016,3,2,10,29,2001,False,0,semi-furnished,5.11,False,True
4817,l00017,3,4,16,38,2004,False,0,semi-furnished,4.0,False,False
4818,l00018,1,2,22,31,2015,True,0,semi-furnished,7.1,True,False
4819,l00019,3,3,1,30,1997,True,0,unfurnished,1.07,False,True
4820,l00020,3,3,17,19,2020,True,4,unfurnished,3.94,True,True
4823,l00023,4,4,19,28,2014,True,4,furnished,4.37,True,False
4825,l00025,1,4,20,32,2012,False,0,unfurnished,5.43,False,False
4826,l00026,2,2,6,39,1995,True,4,semi-furnished,1.74,True,True
4828,l00028,3,1,9,36,2008,True,1,unfurnished,7.28,False,True
4829,l00029,4,4,13,32,2013,False,0,furnished,4.49,False,True
4830,l00030,3,1,17,30,2013,False,0,furnished,0.36,False,False
4832,l00032,2,1,22,23,2004,False,0,furnished,6.65,True,True
4835,l00035,2,1,14,36,1999,False,0,furnished,2.47,True,True
4836,l00036,5,3,11,38,2007,True,0,furnished,5.5,False,False
4837,l00037,3,4,7,33,1997,True,2,semi-furnished,4.44,False,True
4838,l00038,3,1,0,17,2007,False,0,unfurnished,3.09,False,True
4839,l00039,1,3,6,11,2023,True,0,unfurnished,7.12,True,True
4840,l00040,5,4,17,18,1997,False,0,unfurnished,5.3,False,False
4841,l00041,5,1,6,14,1998,True,0,semi-furnished,2.57,False,True
4843,l00043,5,3,5,5,2006,True,4,semi-furnished,7.23,True,False
4844,l00044,3,2,0,28,1995,True,4,furnished,5.55,False,True
4846,l00046,3,4,3,35,2007,True,3,semi-furnished,1.4,False,False
4847,l00047,4,4,13,34,1997,True,4,furnished,2.26,False,False
4848,l00048,2,4,2,30,2005,False,0,furnished,2.55,True,False
4849,l00049,3,3,12,27,2012,False,0,furnished,1.06,True,False
4850,l00050,4,2,6,28,2004,False,0,semi-furnished,4.05,True,True
4852,l00052,3,3,19,33,1997,False,0,furnished,6.27,False,True
4854,l00054,1,2,9,25,1997,True,0,unfurnished,1.6,False,False
4855,l00055,4,4,4,10,2002,True,4,furnished,4.86,True,False
4856,l00056,4,2,5,23,2010,False,0,unfurnished,3.23,True,True
4858,l00058,1,4,8,10,2021,True,2,semi-furnished,2.94,True,False
4859,l00059,2,2,1,14,1995,False,0,semi-furnished,3.23,False,True
4860,l00060,4,3,16,36,1996,False,0,unfurnished,5.59,False,False
4861,l00061,2,3,10,11,2006,True,4,semi-furnished,2.85,True,False
4862,l00062,1,4,3,6,2017,True,3,semi-furnished,1.64,True,True
4863,l00063,4,1,13,22,2008,True,3,unfurnished,1.73,False,True
4864,l00064,5,2,3,23,2011,False,0,semi-furnished,2.66,False,False
4865,l00065,2,3,11,34,2016,False,0,semi-furnished,0.32,True,True
4866,l00066,3,4,15,22,2020,True,1,unfurnished,0.53,False,True
4867,l00067,4,3,1,11,2023,True,2,semi-furnished,3.08,True,True
4868,l00068,3,4,23,30,1999,True,4,unfurnished,2.91,True,True
4869,l00069,5,1,22,36,2022,False,0,semi-furnished,3.08,False,True
4872,l00072,3,3,20,22,2019,False,0,furnished,6.02,True,True
4873,l00073,4,2,15,27,2000,False,0,semi-furnished,4.06,False,True
4874,l00074,3,3,12,18,2008,True,0,furnished,6.97,True,False
4877,l00077,4,2,7,32,2021,True,4,furnished,1.91,False,True
4878,l00078,5,3,1,27,2011,False,0,unfurnished,0.46,False,True
4879,l00079,5,2,6,28,1996,True,3,furnished,2.64,True,False
4880,l00080,5,4,14,27,2014,True,0,unfurnished,7.59,False,True
4881,l00081,4,1,19,38,2006,True,3,unfurnished,4.34,True,False
4882,l00082,1,3,10,11,2007,False,0,semi-furnished,7.04,True,True
4884,l00084,5,1,2,9,2010,True,1,unfurnished,4.09,False,False
4885,l00085,5,4,7,14,1998,False,0,unfurnished,2.9,True,False
4886,l00086,5,3,10,10,2007,True,0,furnished,5.99,True,False
4887,l00087,2,3,10,18,1995,False,0,semi-furnished,0.94,False,True
4888,l00088,3,2,11,22,2004,True,4,furnished,1.67,True,True
4889,l00089,3,3,16,18,2014,False,0,furnished,4.55,False,False
4890,l00090,5,4,21,24,2005,True,1,unfurnished,5.09,False,False
4891,l00091,3,3,6,38,2005,True,1,unfurnished,4.5,True,True
4892,l00092,4,3,7,11,2016,True,4,semi-furnished,2.07,True,False
4895,l00095,1,1,14,27,2017,True,0,unfurnished,1.97,True,True
4896,l00096,4,2,22,38,2000,False,0,furnished,6.21,True,False
4897,l00097,1,3,2,34,2005,False,0,semi-furnished,3.08,True,True
4899,l00099,1,2,10,38,2019,True,3,unfurnished,5.84,True,False
4900,l00100,1,3,17,19,1996,False,0,furnished,4.26,False,False
4902,l00102,5,1,4,13,2010,True,2,furnished,3.17,False,True
4903,l00103,5,3,23,36,2019,True,1,furnished,7.3,False,True
4904,l00104,5,2,16,38,2010,False,0,furnished,4.01,True,True
4905,l00105,1,3,14,25,2004,True,4,semi-furnished,6.46,True,True
4907,l00107,5,2,0,37,2011,False,0,semi-furnished,6.75,True,True
4908,l00108,4,3,11,11,2010,True,4,semi-furnished,3.53,False,False
4909,l00109,1,1,14,21,2012,True,3,unfurnished,0.63,True,True
4910,l00110,1,3,10,20,2006,True,2,unfurnished,6.66,False,True
4911,l00111,3,3,18,35,1999,True,2,unfurnished,3.29,False,True
4912,l00112,3,4,12,20,2003,False,0,furnished,4.36,True,True
4913,l00113,4,3,6,30,2008,False,0,semi-furnished,5.91,True,False
4914,l00114,4,2,10,24,2004,True,0,semi-furnished,0.92,True,False
4915,l00115,1,2,18,18,2007,True,4,unfurnished,2.04,True,True
4916,l00116,1,3,10,22,1998,True,3,semi-furnished,7.5,False,True
4917,l00117,1,4,7,20,2019,False,0,unfurnished,4.99,False,True
4918,l00118,5,2,10,35,2012,True,1,furnished,0.21,True,True
4919,l00119,4,1,16,20,2003,True,2,semi-furnished,2.46,False,True
4920,l00120,5,4,0,28,2007,False,0,furnished,2.33,True,False
4921,l00121,4,1,5,12,2010,True,0,furnished,1.11,False,True
4922,l00122,2,4,16,34,2004,False,0,unfurnished,4.28,True,True
4924,l00124,3,3,20,26,2008,True,3,unfurnished,5.7,True,True
4925,l00125,5,2,24,26,2012,True,0,unfurnished,4.86,True,False
4926,l00126,4,2,23,33,2004,True,3,furnished,7.72,True,True
4927,l00127,1,2,19,25,2012,True,4,unfurnished,5.81,True,True
4929,l00129,3,1,2,40,2005,True,0,furnished,0.28,False,True
4930,l00130,1,3,1,28,2013,False,0,furnished,4.32,False,False
4932,l00132,4,3,13,21,2008,True,4,semi-furnished,7.87,False,False
4933,l00133,1,4,2,32,2009,True,2,unfurnished,6.02,True,False
4934,l00134,1,4,8,31,2013,True,3,semi-furnished,4.07,True,False
4935,l00135,5,3,0,31,2018,True,0,furnished,6.72,False,False
4937,l00137,4,4,9,15,1999,False,0,semi-furnished,5.79,False,True
4938,l00138,2,2,21,29,2021,False,0,semi-furnished,1.49,True,False
4939,l00139,1,2,19,28,2013,False,0,furnished,7.24,True,True
4940,l00140,1,3,7,40,2011,False,0,furnished,6.46,True,True
4941,l00141,5,4,9,28,2017,True,1,semi-furnished,2.15,True,False
4942,l00142,4,3,3,22,1999,False,0,semi-furnished,3.34,True,False
4944,l00144,4,3,7,14,2021,True,2,furnished,2.66,False,True
4945,l00145,1,1,25,29,2004,True,1,semi-furnished,1.79,False,True
4946,l00146,2,2,5,33,2005,True,2,semi-furnished,0.39,False,True
4947,l00147,4,1,17,20,2009,False,0,semi-furnished,0.9,False,True
4948,l00148,1,2,15,35,2008,False,0,semi-furnished,1.82,False,True
4949,l00149,3,2,8,20,1997,True,0,furnished,7.45,False,True
4950,l00150,4,3,6,35,2013,True,4,furnished,2.7,False,True
4951,l00151,1,1,20,23,2017,True,1,unfurnished,7.62,False,True
4952,l00152,2,1,13,39,2001,True,4,furnished,3.99,True,False
4953,l00153,4,1,9,28,1995,True,2,furnished,1.03,False,False
4954,l00154,3,4,10,10,1999,False,0,unfurnished,3.68,False,True
4955,l00155,5,1,16,18,1996,True,4,semi-furnished,3.58,False,False
4957,l00157,3,2,19,25,2008,True,1,semi-furnished,5.8,False,True
4958,l00158,1,2,8,29,2023,False,0,semi-furnished,5.94,True,True
4959,l00159,4,4,1,7,2018,True,3,furnished,4.62,False,True
4962,l00162,2,3,10,13,2006,False,0,semi-furnished,4.96,True,True
4963,l00163,4,2,8,12,1998,True,3,furnished,5.82,True,False
4964,l00164,1,4,12,23,2015,True,3,furnished,6.24,False,True
4965,l00165,3,3,3,32,2023,False,0,unfurnished,3.8,False,False
4967,l00167,4,1,2,10,2023,False,0,unfurnished,0.95,True,False
4969,l00169,5,2,13,25,1996,True,0,furnished,1.59,True,False
4970,l00170,4,2,18,23,1996,True,2,unfurnished,7.05,True,False
4972,l00172,2,1,10,32,2021,False,0,semi-furnished,3.42,True,True
4973,l00173,2,3,25,27,2019,True,1,unfurnished,5.72,True,False
4974,l00174,2,1,10,20,2009,True,4,unfurnished,4.42,True,False
4975,l00175,2,3,4,36,2005,False,0,unfurnished,2.82,False,True
4976,l00176,3,1,23,38,2003,False,0,unfurnished,6.84,False,False
4977,l00177,3,4,7,19,2022,False,0,semi-furnished,1.82,False,False
4978,l00178,2,2,6,19,2017,False,0,furnished,5.98,False,True
4979,l00179,1,3,11,34,2005,True,3,unfurnished,7.91,False,False
4980,l00180,5,4,19,32,1996,False,0,furnished,5.33,False,False
4981,l00181,3,3,0,28,2019,False,0,semi-furnished,4.88,False,False
4982,l00182,4,2,21,21,1998,True,4,furnished,7.44,True,True
4983,l00183,4,2,8,20,1999,True,0,furnished,4.14,True,True
4985,l00185,1,1,16,25,2020,True,2,furnished,3.92,False,False
4987,l00187,1,4,25,39,2019,False,0,furnished,6.95,False,False
4988,l00188,2,4,3,16,2003,True,3,furnished,3.5,True,False
4989,l00189,3,3,21,29,2002,True,0,furnished,6.57,False,False
4991,l00191,5,4,4,10,2009,False,0,unfurnished,4.03,True,True
4992,l00192,5,4,16,32,2007,True,2,semi-furnished,2.08,True,True
4993,l00193,2,1,0,17,1996,False,0,furnished,5.71,True,True
4994,l00194,4,3,24,33,2002,False,0,unfurnished,4.82,False,False
4995,l00195,5,4,8,24,2008,False,0,unfurnished,7.88,False,False
4997,l00197,4,4,6,6,2001,False,0,semi-furnished,5.24,True,False
4998,l00198,1,4,24,24,1998,False,0,furnished,5.49,True,True
4999,l00199,3,2,20,29,2005,True,2,furnished,1.29,True,True
5000,l00200,4,2,25,32,2012,True,4,unfurnished,7.22,True,False
5002,l00202,1,1,9,15,2013,False,0,furnished,7.79,False,True
5003,l00203,5,4,23,30,2014,False,0,semi-furnished,6.07,True,False
5004,l00204,5,4,8,18,2005,False,0,furnished,7.71,True,True
5005,l00205,1,1,14,15,2017,True,2,furnished,3.77,True,False
5007,l00207,3,1,0,9,2009,True,3,unfurnished,6.27,False,True
5009,l00209,4,1,8,30,2019,True,1,furnished,4.04,False,True
5010,l00210,2,2,1,32,2001,False,0,furnished,2.78,True,False
5011,l00211,4,2,0,12,1996,False,0,semi-furnished,5.96,False,False
5012,l00212,1,1,11,20,2009,True,0,semi-furnished,7.59,False,True
5013,l00213,1,3,6,24,2005,False,0,unfurnished,4.93,True,True
5014,l00214,4,2,3,24,2006,True,3,unfurnished,3.03,False,False
5017,l00217,1,1,15,32,2005,False,0,furnished,0.78,False,True
5019,l00219,1,3,12,22,2016,True,4,unfurnished,7.53,False,False
5020,l00220,5,2,4,7,2002,True,1,semi-furnished,6.27,False,False
5023,l00223,3,3,25,26,2016,False,0,semi-furnished,2.85,False,True
5024,l00224,5,2,3,31,2015,True,2,furnished,1.97,False,True
5025,l00225,5,4,2,12,2017,True,2,unfurnished,4.92,True,False
5026,l00226,3,2,22,25,2023,False,0,semi-furnished,0.66,False,True
5027,l00227,5,1,3,7,2018,True,0,unfurnished,0.84,True,False
5028,l00228,1,3,10,23,2013,True,0,furnished,4.9,False,True
5029,l00229,1,4,9,26,1998,True,1,unfurnished,2.16,False,True
5032,l00232,1,1,1,30,2011,True,0,semi-furnished,7.09,True,False
5034,l00234,1,2,2,9,2019,False,0,semi-furnished,6.73,False,False
5035,l00235,4,2,21,34,2011,False,0,unfurnished,1.82,True,True
5036,l00236,5,1,0,30,2009,True,3,semi-furnished,5.74,False,False
5037,l00237,1,2,15,37,2022,False,0,semi-furnished,5.18,True,True
5039,l00239,5,3,8,13,1995,True,0,furnished,5.34,True,True
5040,l00240,1,4,21,29,2015,True,4,furnished,2.62,False,True
5041,l00241,5,2,14,27,2019,True,2,furnished,2.08,True,True
5042,l00242,4,3,4,17,1995,False,0,unfurnished,7.52,False,False
5043,l00243,3,3,2,13,2022,True,1,unfurnished,6.5,False,False
5044,l00244,3,3,18,31,2001,False,0,semi-furnished,3.6,False,True
5045,l00245,4,1,17,27,2015,True,4,unfurnished,4.48,False,True
5047,l00247,3,2,22,24,2002,False,0,semi-furnished,7.41,False,True
5049,l00249,4,3,0,20,2000,False,0,furnished,7.85,True,False
5051,l00251,3,3,22,35,1995,True,0,unfurnished,0.45,False,False
5052,l00252,2,4,20,24,2008,True,4,furnished,0.97,True,False
5053,l00253,4,3,25,26,2009,True,1,furnished,4.74,False,False
5055,l00255,1,2,19,32,2001,False,0,unfurnished,2.93,True,False
5057,l00257,3,1,14,27,2004,False,0,furnished,3.06,False,True
5058,l00258,3,4,9,28,2003,False,0,unfurnished,2.99,False,False
5059,l00259,3,2,1,23,2020,True,0,unfurnished,7.24,True,True
5061,l00261,5,4,20,36,1998,False,0,semi-furnished,6.2,False,False
5063,l00263,1,1,8,22,2007,True,1,furnished,1.6,True,True
5064,l00264,5,2,4,36,2008,True,3,unfurnished,6.81,True,False
5065,l00265,5,2,3,38,2020,True,3,furnished,3.59,False,True
5067,l00267,2,1,16,31,2003,True,3,furnished,3.92,False,False
5069,l00269,3,3,6,18,2017,True,0,semi-furnished,2.03,False,True
5071,l00271,4,4,22,30,1996,True,0,semi-furnished,7.83,True,False
5072,l00272,1,1,2,32,2014,True,0,unfurnished,1.75,False,True
5073,l00273,3,4,17,24,2022,False,0,semi-furnished,0.82,False,True
5074,l00274,3,1,22,34,2012,False,0,furnished,0.96,False,True
5075,l00275,5,3,10,25,2013,False,0,semi-furnished,3.55,True,False
5077,l00277,4,4,23,31,2005,True,1,furnished,0.3,False,True
5078,l00278,2,3,13,16,2005,True,0,semi-furnished,3.46,True,True
5079,l00279,2,3,25,32,2007,True,3,semi-furnished,6.29,True,True
5080,l00280,3,1,17,22,2011,False,0,furnished,2.44,True,False
5081,l00281,1,2,4,20,2010,False,0,semi-furnished,7.26,True,False
5082,l00282,4,2,8,16,2023,True,4,furnished,2.68,False,True
5085,l00285,3,3,17,27,2000,True,4,furnished,5.31,False,True
5086,l00286,2,3,1,25,2007,False,0,unfurnished,6.8,True,True
5087,l00287,3,2,0,5,2008,True,0,semi-furnished,2.82,True,True
5088,l00288,4,3,0,17,1997,True,4,semi-furnished,1.73,True,False
5090,l00290,4,2,2,17,1996,False,0,semi-furnished,3.06,False,True
5091,l00291,1,2,11,28,2022,True,2,unfurnished,4.39,True,True
5093,l00293,3,1,3,5,2009,True,0,semi-furnished,6.74,True,False
5094,l00294,2,1,14,23,2005,True,4,unfurnished,3.32,False,False
5095,l00295,5,1,17,32,2002,False,0,furnished,6.23,True,False
5096,l00296,4,1,7,26,2023,False,0,furnished,7.43,False,False
5097,l00297,2,1,10,22,2011,False,0,furnished,1.03,True,False
5099,l00299,1,1,8,40,2008,True,3,furnished,4.0,True,True
5100,l00300,1,4,8,37,1997,True,2,semi-furnished,2.06,False,False
5101,l00301,3,3,6,13,2009,True,3,furnished,3.21,True,True
5103,l00303,4,3,16,20,2021,True,4,furnished,6.46,True,False
5104,l00304,3,4,23,34,1997,True,0,semi-furnished,1.15,False,False
5105,l00305,5,1,7,20,2022,False,0,unfurnished,2.91,False,False
5106,l00306,1,2,25,26,2019,True,0,unfurnished,4.26,True,True
5108,l00308,3,1,10,27,2017,True,1,unfurnished,5.13,False,False
5110,l00310,1,1,9,38,2000,False,0,semi-furnished,5.36,True,True
5111,l00311,3,4,11,14,1998,False,0,unfurnished,6.21,False,False
5113,l00313,3,1,23,33,2014,False,0,semi-furnished,6.01,True,False
5114,l00314,3,2,15,18,1998,False,0,unfurnished,2.24,False,True
5115,l00315,2,3,3,14,2023,False,0,furnished,5.97,False,True
5116,l00316,2,4,3,33,2000,False,0,furnished,6.1,True,True
5117,l00317,1,3,7,16,2015,False,0,semi-furnished,5.83,True,False
5118,l00318,4,2,3,39,2021,False,0,semi-furnished,4.59,True,False
5119,l00319,1,3,11,28,2018,True,3,unfurnished,6.77,True,True
5120,l00320,2,1,24,33,1996,False,0,semi-furnished,1.0,True,False
5121,l00321,4,1,14,22,2000,False,0,unfurnished,7.69,True,False
5122,l00322,4,3,23,27,1995,True,1,furnished,6.42,False,False
5124,l00324,4,2,10,27,2022,False,0,semi-furnished,1.12,False,False
5126,l00326,3,3,11,31,2013,True,3,unfurnished,2.35,False,False
5127,l00327,1,4,3,18,2002,True,2,unfurnished,6.21,True,False
5128,l00328,5,4,6,29,2009,True,4,unfurnished,6.15,True,True
5130,l00330,5,1,21,40,2009,False,0,furnished,2.19,False,True
5132,l00332,3,3,21,38,2007,True,4,semi-furnished,3.3,True,True
5134,l00334,3,2,7,29,2007,False,0,furnished,5.88,False,False
5136,l00336,4,3,4,11,1998,True,2,furnished,1.04,True,False
5139,l00339,2,2,21,35,2007,False,0,unfurnished,2.06,True,False
5141,l00341,3,4,13,28,2017,False,0,furnished,3.29,True,False
5142,l00342,4,3,4,6,1998,False,0,furnished,4.96,True,True
5143,l00343,2,4,22,36,2013,True,3,unfurnished,1.08,True,True
5145,l00345,3,1,12,25,1998,False,0,unfurnished,1.08,True,False
5146,l00346,1,4,6,36,2021,False,0,unfurnished,4.05,False,True
5147,l00347,4,3,18,19,1995,False,0,furnished,1.53,False,False
5149,l00349,5,4,10,23,1999,True,0,unfurnished,5.67,False,False
5150,l00350,1,4,19,34,2003,True,3,semi-furnished,1.39,False,True
5151,l00351,5,3,11,24,1999,False,0,furnished,3.89,True,True
5152,l00352,1,1,22,34,2008,True,4,semi-furnished,1.39,False,False
5153,l00353,5,2,2,24,1999,False,0,unfurnished,6.58,True,False
5155,l00355,2,2,10,40,2000,True,1,semi-furnished,7.64,False,True
5156,l00356,5,4,9,35,2009,False,0,unfurnished,0.51,False,False
5157,l00357,1,1,12,23,2007,True,1,unfurnished,7.17,True,True
5158,l00358,4,4,12,23,2004,True,3,unfurnished,0.83,True,False
5159,l00359,3,4,9,37,1995,False,0,furnished,1.47,False,False
5161,l00361,4,1,22,29,1999,True,0,furnished,7.71,True,False
5163,l00363,4,2,0,5,1999,True,4,furnished,5.96,False,True
5165,l00365,5,3,5,40,2020,True,3,furnished,7.86,True,False
5166,l00366,2,2,23,30,2007,True,0,furnished,1.8,False,False
5167,l00367,1,3,25,28,2010,False,0,semi-furnished,1.99,True,False
5168,l00368,1,1,4,12,1999,False,0,unfurnished,0.88,False,True
5169,l00369,2,2,13,36,2021,False,0,unfurnished,0.77,False,False
5170,l00370,1,2,16,34,2016,True,0,semi-furnished,3.18,False,False
5171,l00371,4,1,9,19,2006,True,1,furnished,1.63,False,True
5173,l00373,3,2,4,36,2001,False,0,semi-furnished,5.6,False,True
5174,l00374,4,4,1,9,2008,False,0,unfurnished,1.47,True,True
5175,l00375,5,1,9,26,2000,False,0,semi-furnished,2.81,True,False
5176,l00376,1,1,5,14,2009,False,0,semi-furnished,2.89,True,True
5178,l00378,1,1,14,29,2018,False,0,unfurnished,3.28,False,True
5180,l00380,2,3,11,27,1999,True,2,semi-furnished,4.26,True,True
5183,l00383,3,3,16,23,2022,True,0,furnished,2.38,True,False
5185,l00385,3,3,8,29,1996,False,0,semi-furnished,4.05,False,False
5187,l00387,3,1,2,18,2007,True,3,unfurnished,1.36,True,True
5189,l00389,2,4,18,29,2014,True,4,furnished,3.84,True,True
5191,l00391,5,3,4,34,2000,False,0,semi-furnished,5.15,False,False
5192,l00392,2,2,0,13,2002,False,0,semi-furnished,6.94,False,True
5193,l00393,3,1,3,37,1996,True,0,furnished,7.78,False,True
5195,l00395,5,3,1,15,2010,False,0,unfurnished,5.83,True,True
5196,l00396,5,1,18,30,2014,True,4,unfurnished,1.95,False,True
5197,l00397,2,4,1,10,1999,False,0,furnished,3.79,False,False
5198,l00398,2,2,0,24,2005,True,0,furnished,3.31,True,True
5199,l00399,5,4,16,37,2001,False,0,furnished,6.04,False,True
5201,l00401,5,1,1,13,2011,True,3,furnished,7.36,False,True
5202,l00402,2,2,4,28,2016,True,2,furnished,4.14,False,False
5203,l00403,4,3,20,38,1996,True,1,semi-furnished,4.0,True,False
5205,l00405,4,2,3,35,2004,True,0,unfurnished,2.91,False,False
5206,l00406,4,3,21,25,2005,False,0,semi-furnished,7.39,False,True
5207,l00407,3,3,16,23,2000,True,3,furnished,1.49,True,False
5208,l00408,3,3,2,8,2013,True,1,furnished,7.68,True,True
5209,l00409,1,1,18,18,1997,False,0,unfurnished,7.98,False,True
5212,l00412,5,3,24,36,2005,False,0,unfurnished,3.17,True,True
5213,l00413,2,3,0,34,2020,False,0,unfurnished,1.14,True,False
5214,l00414,4,4,12,37,1998,True,0,furnished,6.6,True,False
5216,l00416,2,3,25,36,2003,False,0,furnished,3.33,False,True
5217,l00417,1,2,16,36,2017,True,3,semi-furnished,6.46,True,True
5218,l00418,1,4,3,24,2011,True,2,furnished,3.52,False,False
5219,l00419,4,3,8,36,1998,True,3,semi-furnished,6.81,False,False
5220,l00420,1,3,17,27,2011,True,3,semi-furnished,2.14,True,True
5221,l00421,4,1,1,22,2001,True,3,furnished,1.35,True,False
5222,l00422,4,1,12,36,2004,True,1,semi-furnished,6.04,True,False
5223,l00423,5,1,1,22,2006,True,4,furnished,2.69,False,False
5225,l00425,4,1,7,12,1995,False,0,semi-furnished,6.44,True,True
5226,l00426,4,1,18,20,2010,False,0,unfurnished,0.77,False,True
5228,l00428,4,4,2,31,2008,False,0,furnished,6.04,False,True
5229,l00429,3,1,1,9,2009,False,0,semi-furnished,5.0,True,True
5231,l00431,2,4,7,9,2002,True,3,unfurnished,1.32,False,False
5232,l00432,1,2,15,23,2012,False,0,unfurnished,2.74,False,True
5233,l00433,2,3,13,29,1999,False,0,furnished,0.51,True,False
5234,l00434,3,3,9,9,2014,True,3,semi-furnished,5.6,True,True
5235,l00435,2,4,1,19,2020,True,2,unfurnished,5.65,True,False
5237,l00437,2,1,9,36,2014,True,3,furnished,2.26,False,True
5239,l00439,3,1,25,40,2015,True,4,unfurnished,6.02,True,True
5240,l00440,1,4,16,34,2012,False,0,semi-furnished,7.8,True,False
5242,l00442,4,4,12,28,2015,False,0,unfurnished,2.8,True,True
5245,l00445,3,3,11,14,1999,True,2,furnished,6.28,False,False
5246,l00446,2,4,15,23,2023,True,3,unfurnished,0.78,True,False
5247,l00447,5,1,0,38,2023,False,0,unfurnished,7.03,False,True
5248,l00448,4,3,1,16,1996,False,0,unfurnished,2.02,True,True
5249,l00449,4,2,24,38,2001,True,1,furnished,5.66,False,True
5250,l00450,3,1,20,22,2021,True,0,unfurnished,5.68,False,False
5251,l00451,1,2,6,35,2016,False,0,furnished,4.57,False,False
5252,l00452,4,1,2,17,2023,True,1,unfurnished,6.12,False,True
5253,l00453,3,1,14,14,1998,False,0,furnished,1.81,True,False
5254,l00454,1,1,11,33,2007,True,2,semi-furnished,4.22,False,False
5257,l00457,2,2,12,13,2013,True,1,unfurnished,1.92,True,False
5258,l00458,5,3,17,24,1998,False,0,semi-furnished,3.45,False,False
5259,l00459,5,2,7,26,2014,False,0,furnished,1.98,False,True
5262,l00462,2,2,18,23,1997,True,0,furnished,6.56,True,True
5264,l00464,1,1,17,36,2004,True,1,unfurnished,1.38,True,False
5265,l00465,2,1,13,38,1999,False,0,furnished,0.86,True,False
5268,l00468,4,2,21,23,2022,True,0,unfurnished,5.87,True,False
5269,l00469,5,1,16,37,2004,True,2,semi-furnished,1.09,False,True
5270,l00470,1,3,0,36,2022,True,3,unfurnished,4.5,True,False
5271,l00471,1,1,19,32,2004,True,1,furnished,7.46,True,True
5273,l00473,5,3,15,34,2007,False,0,furnished,4.31,True,True
5274,l00474,5,2,17,20,1997,True,1,furnished,4.07,False,True
5276,l00476,1,1,8,13,2021,False,0,furnished,5.73,False,True
5279,l00479,3,4,9,38,2004,False,0,furnished,2.92,True,False
5280,l00480,2,3,2,10,2012,False,0,semi-furnished,2.28,True,True
5281,l00481,3,1,7,14,2001,False,0,semi-furnished,6.07,True,True
5282,l00482,3,2,9,9,2002,False,0,unfurnished,7.25,True,True
5283,l00483,1,2,23,40,2021,True,3,semi-furnished,6.83,True,False
5284,l00484,4,2,7,14,1998,False,0,semi-furnished,1.24,True,True
5286,l00486,5,2,18,20,2015,False,0,furnished,2.14,False,True
5288,l00488,2,1,0,30,1996,False,0,semi-furnished,6.62,False,True
5289,l00489,2,4,17,33,2000,True,1,furnished,0.68,False,False
5290,l00490,1,4,18,34,2017,False,0,semi-furnished,5.58,False,False
5291,l00491,5,2,14,30,2022,True,3,semi-furnished,4.55,False,True
5292,l00492,3,4,9,37,2008,False,0,unfurnished,3.38,True,False
5293,l00493,3,1,11,27,2018,False,0,semi-furnished,6.2,False,False
5294,l00494,1,4,9,24,2015,True,1,unfurnished,4.48,True,True
5295,l00495,1,2,0,12,2002,False,0,semi-furnished,4.08,True,False
5296,l00496,4,4,15,26,2017,True,2,unfurnished,2.16,False,False
5297,l00497,2,2,0,38,2019,True,3,furnished,2.35,False,True
5298,l00498,5,1,6,8,2013,False,0,unfurnished,4.31,True,False
5304,l00504,1,1,10,34,2021,False,0,unfurnished,7.88,False,True
5305,l00505,1,3,22,35,2001,True,0,furnished,4.44,True,True
5306,l00506,2,4,11,21,2014,False,0,furnished,4.18,True,True
5307,l00507,2,4,18,32,2001,False,0,semi-furnished,7.42,False,False
5309,l00509,5,4,0,37,2018,False,0,semi-furnished,6.55,False,True
5310,l00510,3,2,8,13,2022,False,0,furnished,1.22,True,True
5311,l00511,3,3,12,24,2014,False,0,furnished,6.92,False,True
5312,l00512,1,4,15,36,2019,False,0,semi-furnished,2.82,True,False
5315,l00515,5,2,16,22,2004,False,0,unfurnished,6.82,True,False
5316,l00516,3,1,6,37,2017,False,0,furnished,3.3,False,True
5319,l00519,1,2,13,15,2008,False,0,unfurnished,0.96,True,False
5320,l00520,5,1,8,14,2011,True,1,unfurnished,0.51,False,False
5321,l00521,1,3,5,9,2001,True,2,furnished,3.99,False,True
5322,l00522,3,1,4,7,2022,True,3,furnished,0.76,True,True
5323,l00523,2,2,22,28,2022,True,2,unfurnished,7.47,False,False
5325,l00525,3,3,1,25,2013,True,3,unfurnished,3.16,False,False
5326,l00526,1,4,15,25,2008,False,0,unfurnished,7.98,False,False
5327,l00527,5,4,21,29,2010,False,0,furnished,1.61,True,True
5328,l00528,2,2,11,13,2004,True,0,furnished,4.43,True,False
5330,l00530,2,1,12,40,2021,True,2,furnished,5.89,False,True
5332,l00532,2,1,20,30,2005,True,1,unfurnished,2.5,False,True
5333,l00533,3,3,4,19,2013,True,0,furnished,5.07,False,True
5334,l00534,2,4,13,20,2023,True,4,semi-furnished,7.63,True,False
5335,l00535,5,1,23,30,2005,True,1,semi-furnished,5.21,False,True
5336,l00536,2,3,6,33,1997,False,0,semi-furnished,1.31,False,False
5339,l00539,4,3,15,29,2012,True,0,furnished,7.04,False,True
5340,l00540,4,4,0,28,2006,False,0,semi-furnished,1.11,False,False
5341,l00541,1,1,11,23,2000,False,0,semi-furnished,6.13,True,False
5342,l00542,1,3,0,29,2000,False,0,furnished,7.25,False,False
5343,l00543,2,3,18,35,2011,False,0,unfurnished,4.27,True,True
5345,l00545,1,4,4,13,2022,False,0,furnished,2.96,True,False
5346,l00546,2,1,7,30,2022,True,2,furnished,0.32,False,False
5347,l00547,1,1,0,19,2013,True,2,unfurnished,6.01,False,True
5348,l00548,4,2,24,35,2019,False,0,furnished,6.96,False,False
5349,l00549,2,3,15,37,2022,False,0,furnished,3.38,False,True
5350,l00550,5,2,4,6,2006,False,0,semi-furnished,5.68,True,False
5351,l00551,5,2,9,23,2013,False,0,semi-furnished,3.1,True,True
5352,l00552,5,1,11,23,2011,True,1,semi-furnished,1.09,True,False
5355,l00555,1,1,7,10,2023,False,0,furnished,3.29,True,False
5356,l00556,3,1,4,39,2022,True,1,semi-furnished,3.68,False,False
5357,l00557,5,4,17,18,2015,False,0,semi-furnished,2.9,False,True
5358,l00558,3,3,12,20,2022,False,0,furnished,5.26,True,False
5359,l00559,4,1,0,32,2016,True,0,furnished,4.65,True,True
5360,l00560,3,1,9,12,2019,False,0,furnished,6.92,True,True
5361,l00561,4,3,16,22,2000,True,4,unfurnished,7.69,False,True
5362,l00562,2,3,7,7,1996,False,0,semi-furnished,4.29,False,False
5364,l00564,3,1,12,33,1999,False,0,furnished,4.6,True,True
5365,l00565,2,2,9,19,2018,True,3,unfurnished,4.25,True,False
5366,l00566,4,1,0,20,2020,True,0,furnished,1.42,False,False
5367,l00567,2,1,1,31,2005,True,1,furnished,6.66,False,False
5369,l00569,2,2,6,27,2022,True,3,unfurnished,2.89,True,True
5370,l00570,1,2,9,25,2014,True,1,semi-furnished,2.47,False,False
5371,l00571,3,1,8,11,2017,False,0,unfurnished,2.26,True,True
5372,l00572,1,1,3,9,2003,False,0,semi-furnished,5.02,False,True
5373,l00573,3,2,7,25,2007,False,0,unfurnished,6.55,True,True
5374,l00574,1,2,5,29,2009,True,0,semi-furnished,4.25,True,False
5377,l00577,3,4,2,28,2004,True,3,furnished,7.18,False,False
5378,l00578,5,2,12,13,2016,False,0,unfurnished,3.26,True,True
5379,l00579,5,3,6,21,2005,False,0,semi-furnished,3.71,True,True
5380,l00580,2,1,10,23,2013,True,4,unfurnished,7.79,True,True
5381,l00581,1,2,15,24,2020,False,0,furnished,7.87,True,False
5382,l00582,5,1,22,27,2019,False,0,unfurnished,5.96,False,True
5384,l00584,2,4,19,25,1996,True,0,semi-furnished,7.29,True,False
5385,l00585,5,3,21,37,2011,False,0,unfurnished,7.47,False,True
5386,l00586,2,4,8,20,2021,False,0,furnished,6.19,True,False
5387,l00587,3,1,7,35,2012,False,0,unfurnished,4.31,True,True
5388,l00588,3,4,9,20,2014,False,0,unfurnished,3.77,False,True
5390,l00590,3,1,0,18,2021,True,2,furnished,2.5,True,True
5391,l00591,4,1,14,26,2019,True,2,semi-furnished,7.03,True,False
5392,l00592,3,4,16,31,2019,False,0,furnished,4.11,False,True
5393,l00593,4,1,14,22,2017,False,0,furnished,7.2,False,True
5394,l00594,5,2,5,40,2019,True,0,unfurnished,6.18,False,False
5395,l00595,4,2,22,38,2010,True,2,semi-furnished,4.43,False,False
5397,l00597,4,3,2,34,2019,False,0,furnished,5.39,True,True
5398,l00598,4,4,14,30,2016,False,0,semi-furnished,4.32,True,False
5399,l00599,2,3,8,18,2017,True,1,unfurnished,2.48,False,False
5402,l00602,3,2,9,27,2018,False,0,semi-furnished,0.35,False,True
5403,l00603,5,3,23,31,2000,False,0,furnished,6.33,True,True
5404,l00604,4,3,9,22,2005,False,0,furnished,4.74,True,True
5405,l00605,4,3,0,8,1997,False,0,semi-furnished,4.1,True,True
5406,l00606,2,2,18,28,2004,False,0,unfurnished,6.23,False,True
5407,l00607,1,3,0,34,1999,False,0,furnished,3.37,True,True
5408,l00608,4,4,21,28,2022,True,2,unfurnished,6.25,True,True
5409,l00609,4,1,24,35,2015,True,4,unfurnished,6.43,False,True
5410,l00610,1,2,13,14,2004,True,2,furnished,0.94,True,True
5411,l00611,1,3,8,16,1999,True,3,semi-furnished,5.57,False,False
5412,l00612,1,2,21,27,2019,False,0,furnished,1.98,True,False
5414,l00614,1,4,1,12,2004,True,4,unfurnished,2.61,False,True
5415,l00615,3,3,8,40,2003,False,0,unfurnished,6.04,True,True
5416,l00616,3,4,3,6,2022,False,0,unfurnished,5.78,False,True
5417,l00617,5,4,24,32,2018,True,2,unfurnished,1.18,False,False
5418,l00618,1,2,16,37,2020,True,1,semi-furnished,7.08,False,True
5419,l00619,4,1,1,39,2013,True,0,unfurnished,7.48,False,True
5420,l00620,1,3,5,35,2013,True,4,semi-furnished,3.83,True,False
5423,l00623,4,1,5,15,2021,True,0,furnished,5.18,True,False
5424,l00624,1,4,21,23,2016,True,4,furnished,1.38,False,True
5425,l00625,4,4,11,17,2000,True,0,unfurnished,2.61,False,True
5426,l00626,4,2,0,7,2000,True,2,semi-furnished,4.57,False,True
5427,l00627,1,4,15,35,1999,True,2,unfurnished,2.83,False,False
5428,l00628,1,2,5,29,2001,False,0,semi-furnished,0.56,False,True
5429,l00629,1,3,14,34,2002,False,0,semi-furnished,0.55,False,True
5430,l00630,3,4,2,14,2017,False,0,furnished,0.51,False,True
5431,l00631,1,1,20,27,2008,True,0,unfurnished,1.19,True,False
5432,l00632,2,2,8,33,2002,False,0,furnished,4.67,True,False
5433,l00633,2,3,11,32,2008,False,0,unfurnished,4.1,False,False
5435,l00635,3,1,11,22,1998,True,2,semi-furnished,7.32,False,True
5437,l00637,5,4,19,39,2004,True,0,semi-furnished,2.17,True,False
5438,l00638,4,1,25,26,2012,True,3,furnished,5.01,False,False
5439,l00639,3,3,9,12,2021,False,0,unfurnished,0.48,True,True
5440,l00640,2,4,14,18,2021,False,0,furnished,4.42,True,True
5442,l00642,2,3,22,37,2006,False,0,unfurnished,4.21,True,True
5444,l00644,5,1,1,15,1996,True,2,unfurnished,6.97,False,False
5445,l00645,5,4,25,31,2013,False,0,semi-furnished,3.38,True,True
5446,l00646,5,2,9,27,2012,False,0,semi-furnished,6.3,True,False
5448,l00648,3,1,8,9,2000,False,0,furnished,4.95,True,False
5449,l00649,5,1,1,17,1999,True,4,furnished,1.05,False,False
5451,l00651,2,2,14,21,1999,True,2,unfurnished,1.91,False,True
5452,l00652,2,4,6,14,2005,True,0,semi-furnished,5.2,True,False
5453,l00653,1,2,5,37,2003,False,0,semi-furnished,7.88,False,False
5454,l00654,1,3,10,28,2000,False,0,semi-furnished,1.58,False,False
5457,l00657,1,4,24,35,1999,True,3,furnished,7.02,False,True
5458,l00658,5,1,24,33,2011,True,3,semi-furnished,1.59,False,False
5459,l00659,2,2,6,11,2006,True,4,furnished,5.07,True,True
5460,l00660,2,3,15,38,2006,True,2,semi-furnished,5.9,True,False
5461,l00661,5,3,16,36,2022,True,3,furnished,4.74,False,True
5463,l00663,1,2,12,13,2023,True,1,unfurnished,7.33,False,True
5464,l00664,5,4,10,28,1999,False,0,furnished,2.27,True,False
5465,l00665,3,3,0,17,2007,False,0,semi-furnished,2.1,True,False
5466,l00666,5,1,4,20,1996,False,0,furnished,6.1,False,False
5467,l00667,3,1,1,12,2001,False,0,semi-furnished,2.38,True,True
5468,l00668,5,4,20,34,2019,True,4,unfurnished,4.57,False,False
5469,l00669,1,3,6,19,2023,True,3,semi-furnished,2.16,False,True
5471,l00671,3,2,2,24,2020,False,0,unfurnished,7.17,False,False
5472,l00672,1,1,0,19,2022,True,4,semi-furnished,1.82,True,False
5473,l00673,3,2,21,30,2022,True,3,furnished,5.46,True,False
5474,l00674,3,3,13,23,2016,True,1,semi-furnished,3.79,True,True
5475,l00675,2,2,1,26,2008,True,1,semi-furnished,5.87,False,False
5476,l00676,2,2,3,15,1997,False,0,furnished,7.22,False,False
5477,l00677,1,2,11,21,1998,True,3,semi-furnished,4.01,False,True
5480,l00680,5,3,17,29,1997,True,3,furnished,3.25,False,False
5481,l00681,5,3,4,40,2019,False,0,unfurnished,7.63,False,True
5482,l00682,3,3,3,22,1997,True,0,semi-furnished,7.62,False,True
5484,l00684,5,4,5,11,2000,True,4,furnished,0.4,True,False
5486,l00686,2,1,3,8,2006,False,0,unfurnished,6.81,True,False
5487,l00687,3,2,14,19,2018,True,1,unfurnished,1.75,False,True
5489,l00689,2,2,25,36,2006,True,4,furnished,7.17,False,True
5490,l00690,3,1,9,17,2010,True,1,semi-furnished,5.2,True,True
5491,l00691,2,3,12,16,2002,True,0,unfurnished,6.35,False,False
5492,l00692,2,2,3,27,2017,False,0,furnished,4.31,True,True
5493,l00693,4,3,0,40,2008,True,4,unfurnished,0.85,True,False
5496,l00696,3,3,9,24,1995,True,1,semi-furnished,1.64,True,False
5497,l00697,5,2,2,9,2006,False,0,furnished,1.46,True,True
5498,l00698,4,1,25,25,2006,True,1,semi-furnished,5.8,False,False
5499,l00699,1,2,20,39,2010,True,3,furnished,4.75,True,False
5500,l00700,2,2,3,14,2016,False,0,semi-furnished,1.81,False,True
5501,l00701,4,1,12,37,1997,True,1,furnished,6.21,True,True
5502,l00702,5,1,2,12,1999,True,0,semi-furnished,7.03,True,False
5503,l00703,5,2,14,14,1999,True,0,semi-furnished,5.38,True,True
5504,l00704,5,4,18,28,1995,False,0,unfurnished,1.17,True,False
5505,l00705,1,4,10,19,2010,False,0,furnished,0.55,False,False
5506,l00706,4,4,14,29,2018,False,0,furnished,2.93,False,True
5507,l00707,3,3,6,26,2006,False,0,semi-furnished,7.84,False,False
5508,l00708,5,4,17,26,2014,False,0,semi-furnished,3.82,False,True
5509,l00709,5,2,11,15,2002,True,1,furnished,5.94,False,False
5511,l00711,1,1,16,37,2011,True,1,unfurnished,0.97,False,False
5512,l00712,2,4,23,26,2002,False,0,semi-furnished,4.73,False,False
5513,l00713,2,3,24,28,2002,True,1,furnished,6.13,False,True
5515,l00715,3,3,25,32,1998,True,0,unfurnished,4.3,True,True
5516,l00716,3,1,25,26,2003,False,0,unfurnished,5.95,False,False
5517,l00717,4,1,6,22,2009,False,0,semi-furnished,6.09,False,False
5518,l00718,2,4,14,36,2006,False,0,furnished,3.94,True,True
5519,l00719,2,1,20,30,2023,False,0,furnished,3.96,True,False
5520,l00720,5,2,20,32,2001,False,0,semi-furnished,7.12,True,False
5521,l00721,5,3,2,26,2014,True,2,furnished,5.49,False,True
5522,l00722,3,2,0,36,2009,False,0,unfurnished,4.35,False,False
5523,l00723,4,3,24,40,1995,True,3,semi-furnished,6.43,True,False
5525,l00725,4,2,25,28,2018,False,0,unfurnished,1.57,True,False
5527,l00727,5,4,3,22,2017,False,0,furnished,3.99,True,False
5528,l00728,1,3,8,10,2002,False,0,furnished,4.47,True,False
5530,l00730,1,2,5,15,2003,True,4,unfurnished,7.09,True,False
5531,l00731,1,1,0,35,2013,False,0,furnished,1.95,False,True
5533,l00733,2,3,4,13,1999,False,0,furnished,3.04,True,True
5534,l00734,4,4,0,26,2005,True,4,semi-furnished,3.47,True,True
5535,l00735,3,3,14,23,2009,False,0,furnished,1.76,False,True
5536,l00736,1,2,14,24,2011,False,0,semi-furnished,3.94,True,False
5537,l00737,4,3,11,20,2010,True,4,furnished,7.76,True,False
5539,l00739,1,4,3,31,2006,False,0,unfurnished,3.0,True,False
5540,l00740,3,1,22,32,2004,True,1,unfurnished,4.97,False,False
5542,l00742,2,3,0,5,2007,False,0,furnished,4.4,False,False
5543,l00743,1,3,21,22,2003,False,0,unfurnished,3.4,True,False
5544,l00744,4,2,14,28,2021,True,1,semi-furnished,3.98,True,False
5546,l00746,3,4,5,29,2019,True,2,unfurnished,3.79,False,False
5547,l00747,1,2,4,13,2009,False,0,semi-furnished,3.15,True,True
5548,l00748,3,3,25,40,2004,False,0,furnished,1.9,True,False
5550,l00750,2,4,3,19,2007,True,2,furnished,3.93,False,True
5551,l00751,3,1,17,26,2012,False,0,furnished,6.86,True,False
5552,l00752,5,3,7,40,2012,True,0,semi-furnished,5.09,True,True
5553,l00753,3,2,7,13,2009,False,0,unfurnished,4.72,True,False
5554,l00754,1,4,14,38,2001,True,0,semi-furnished,2.59,True,False
5555,l00755,2,1,20,24,2008,True,3,furnished,2.23,False,True
5556,l00756,1,2,8,11,1999,True,2,semi-furnished,7.89,False,True
5557,l00757,2,1,18,37,2004,False,0,furnished,0.38,False,False
5558,l00758,2,2,10,15,2012,False,0,semi-furnished,3.63,False,True
5560,l00760,4,4,0,40,2016,False,0,semi-furnished,6.04,False,False
5561,l00761,4,2,20,24,2003,True,0,furnished,3.47,True,False
5563,l00763,5,1,4,35,2012,False,0,unfurnished,4.61,True,True
5564,l00764,2,1,9,13,2019,True,1,unfurnished,4.6,False,False
5565,l00765,5,1,4,8,2011,False,0,furnished,1.53,False,False
5566,l00766,2,2,3,21,1997,True,0,furnished,0.24,False,False
5567,l00767,3,3,10,20,1998,False,0,semi-furnished,7.08,True,False
5569,l00769,1,4,3,21,1996,True,1,semi-furnished,5.4,False,False
5570,l00770,3,4,19,36,2002,True,3,unfurnished,2.74,False,False
5571,l00771,3,1,5,18,2011,True,3,semi-furnished,4.57,False,True
5572,l00772,1,2,13,39,2013,False,0,furnished,6.04,False,True
5575,l00775,5,3,8,32,1995,False,0,unfurnished,7.67,True,True
5576,l00776,2,1,25,35,2022,True,4,furnished,6.42,False,False
5577,l00777,2,4,9,12,2011,False,0,unfurnished,7.15,False,True
5578,l00778,3,1,4,17,2019,False,0,semi-furnished,7.09,False,False
5579,l00779,5,1,18,20,2018,True,3,furnished,7.21,False,False
5580,l00780,2,1,14,16,2004,True,4,semi-furnished,3.49,True,True
5582,l00782,5,3,10,34,2018,False,0,semi-furnished,2.89,False,True
5585,l00785,5,4,19,30,2018,True,2,unfurnished,5.9,False,True
5586,l00786,4,1,4,25,2002,True,1,furnished,2.7,True,True
5587,l00787,3,3,4,7,2001,False,0,unfurnished,1.21,False,False
5588,l00788,1,1,0,40,2015,False,0,unfurnished,2.58,True,True
5589,l00789,1,1,2,25,1998,True,3,semi-furnished,6.12,True,True
5591,l00791,5,1,13,28,1999,True,1,unfurnished,1.59,True,False
5592,l00792,1,4,11,11,1997,True,0,semi-furnished,2.69,True,True
5593,l00793,1,2,18,37,2008,True,4,furnished,3.02,False,True
5594,l00794,5,2,4,36,2001,False,0,unfurnished,0.46,True,True
5596,l00796,4,1,10,11,2001,False,0,furnished,1.54,False,True
5597,l00797,4,3,19,33,1996,True,4,furnished,5.07,True,True
5598,l00798,1,3,19,39,2018,True,3,furnished,2.2,True,False
5599,l00799,5,4,1,9,2005,True,3,furnished,6.64,False,False
5600,l00800,2,2,5,32,2000,True,2,unfurnished,1.77,False,False
5601,l00801,2,1,18,25,1997,True,0,semi-furnished,2.78,True,True
5602,l00802,2,4,15,37,2000,True,4,furnished,1.55,False,False
5603,l00803,3,3,21,26,2008,False,0,furnished,3.91,False,False
5604,l00804,2,4,10,38,1995,True,2,unfurnished,7.06,False,False
5605,l00805,4,3,22,22,2007,False,0,unfurnished,4.46,False,True
5606,l00806,4,3,21,36,2003,True,4,unfurnished,5.17,True,False
5607,l00807,3,2,6,25,2006,False,0,furnished,3.0,True,True
5608,l00808,1,1,13,20,2013,True,4,semi-furnished,7.21,True,False
5609,l00809,1,4,9,11,2006,True,2,furnished,3.23,True,False
5610,l00810,2,3,4,21,2019,True,4,unfurnished,0.96,False,True
5611,l00811,5,2,16,19,2014,False,0,unfurnished,1.8,False,False
5612,l00812,2,2,1,38,2009,True,3,furnished,2.81,True,False
5613,l00813,4,1,2,10,2008,False,0,unfurnished,4.58,True,False
5614,l00814,2,3,8,23,2000,True,4,furnished,0.68,False,False
5615,l00815,3,4,22,27,2014,False,0,unfurnished,0.53,True,False
5616,l00816,4,2,6,36,2013,False,0,semi-furnished,0.44,False,True
5617,l00817,1,2,16,18,2001,False,0,furnished,7.33,True,False
5619,l00819,4,4,13,38,2006,False,0,unfurnished,0.84,True,True
5620,l00820,2,2,6,28,2021,True,1,unfurnished,1.78,False,False
5621,l00821,4,4,16,25,2022,True,4,unfurnished,7.45,True,True
5622,l00822,5,3,4,40,2021,True,3,furnished,5.72,False,True
5623,l00823,4,1,8,15,2007,False,0,unfurnished,5.92,True,False
5624,l00824,3,1,6,7,2004,True,3,semi-furnished,5.07,False,False
5625,l00825,3,1,3,22,2018,True,2,furnished,6.0,False,True
5627,l00827,1,2,17,17,1999,True,2,unfurnished,3.28,False,False
5628,l00828,4,3,14,27,2010,True,3,unfurnished,0.65,False,False
5629,l00829,1,3,3,13,2001,True,4,furnished,4.0,False,True
5631,l00831,4,2,17,28,2012,False,0,unfurnished,0.57,True,False
5632,l00832,1,2,23,39,2008,True,4,semi-furnished,2.58,True,False
5633,l00833,4,2,23,38,2003,False,0,unfurnished,8.0,False,False
5635,l00835,2,3,3,24,2014,False,0,unfurnished,5.08,True,True
5637,l00837,1,3,25,40,2004,False,0,furnished,2.82,True,True
5638,l00838,5,2,14,17,2018,True,1,unfurnished,1.76,False,False
5639,l00839,4,1,12,27,2022,True,2,unfurnished,2.72,False,False
5640,l00840,1,4,19,27,2010,True,3,unfurnished,2.59,False,True
5641,l00841,1,3,12,28,2008,True,1,furnished,0.26,True,True
5642,l00842,5,3,6,18,2014,False,0,unfurnished,5.59,True,True
5643,l00843,4,4,2,40,2018,True,2,semi-furnished,5.66,False,False
5645,l00845,4,3,9,33,2000,False,0,furnished,6.32,False,True
5648,l00848,4,1,3,19,1995,True,1,semi-furnished,6.12,False,True
5649,l00849,5,2,4,36,2009,True,1,furnished,2.05,False,False
5650,l00850,3,2,18,19,2014,False,0,unfurnished,5.21,True,False
5651,l00851,1,1,0,6,2019,True,1,semi-furnished,3.07,True,False
5652,l00852,3,4,18,29,2008,False,0,furnished,6.36,False,True
5656,l00856,3,3,2,22,2017,True,2,unfurnished,3.13,False,False
5657,l00857,5,3,24,33,2011,True,3,semi-furnished,2.75,False,True
5660,l00860,4,2,11,27,2003,True,0,furnished,2.52,True,True
5661,l00861,5,1,25,27,2007,True,2,unfurnished,6.8,True,False
5662,l00862,3,4,20,27,2008,False,0,unfurnished,4.35,True,False
5663,l00863,3,1,21,39,1996,False,0,furnished,4.67,True,False
5664,l00864,2,1,4,11,1996,True,4,semi-furnished,3.21,False,False
5665,l00865,5,1,5,20,2023,False,0,unfurnished,2.02,False,True
5666,l00866,1,1,1,31,2004,False,0,furnished,0.37,False,False
5668,l00868,3,4,3,15,2023,True,1,semi-furnished,5.87,False,True
5669,l00869,1,1,1,5,2001,False,0,semi-furnished,6.48,True,False
5670,l00870,1,3,2,23,2014,False,0,unfurnished,7.76,True,False
5671,l00871,5,4,14,33,2014,False,0,unfurnished,2.66,False,True
5672,l00872,2,2,9,39,2019,False,0,furnished,7.38,False,True
5675,l00875,2,4,1,30,2016,False,0,furnished,5.05,False,True
5676,l00876,3,3,15,30,1996,False,0,semi-furnished,5.36,False,False
5677,l00877,1,2,24,32,2017,True,1,semi-furnished,6.09,True,False
5678,l00878,1,2,1,34,2007,False,0,furnished,2.31,True,False
5680,l00880,1,2,0,8,2004,True,1,furnished,2.42,False,False
5682,l00882,5,4,21,21,2004,True,1,furnished,7.49,True,True
5683,l00883,5,2,7,34,2014,False,0,semi-furnished,6.09,False,True
5684,l00884,3,4,24,36,2015,False,0,furnished,1.81,True,True
5685,l00885,4,2,10,24,2013,False,0,semi-furnished,3.14,False,False
5686,l00886,2,3,5,12,2003,False,0,furnished,2.55,True,False
5687,l00887,4,3,7,12,2003,True,0,unfurnished,7.35,True,False
5688,l00888,3,3,14,20,1997,True,2,furnished,0.97,False,True
5689,l00889,4,2,4,37,2009,True,0,furnished,0.75,True,False
5690,l00890,3,4,1,27,2019,False,0,unfurnished,2.79,True,False
5691,l00891,1,2,9,34,2003,False,0,furnished,6.87,True,True
5692,l00892,3,1,13,23,2002,True,2,furnished,7.0,True,False
5693,l00893,4,1,16,39,2015,True,0,semi-furnished,5.76,False,False
5694,l00894,2,1,0,16,1996,False,0,semi-furnished,7.87,True,False
5695,l00895,2,3,9,38,2008,True,0,furnished,0.5,False,False
5696,l00896,1,1,8,15,2014,False,0,furnished,1.04,True,False
5698,l00898,5,1,19,30,2001,False,0,furnished,1.02,True,False
5699,l00899,4,4,7,36,2014,False,0,unfurnished,2.59,False,False
5700,l00900,3,2,11,29,1998,True,4,semi-furnished,3.45,False,False
5701,l00901,5,1,1,40,2005,True,3,semi-furnished,1.07,True,True
5703,l00903,2,3,5,32,2010,True,1,semi-furnished,1.24,True,False
5704,l00904,4,4,5,7,1996,True,2,furnished,7.54,False,True
5706,l00906,3,3,16,16,2016,False,0,unfurnished,1.22,True,False
5707,l00907,3,1,25,25,2008,True,3,unfurnished,1.32,False,False
5708,l00908,2,1,10,19,2003,True,1,furnished,2.48,False,False
5709,l00909,2,3,1,9,2005,True,3,unfurnished,3.83,True,False
5710,l00910,4,3,0,9,2006,False,0,semi-furnished,2.68,False,True
5711,l00911,1,3,15,27,1997,False,0,semi-furnished,4.34,False,True
5712,l00912,4,3,20,35,2019,True,4,furnished,7.12,False,True
5713,l00913,1,4,13,30,2009,False,0,unfurnished,0.87,True,False
5714,l00914,4,2,22,33,2022,True,1,unfurnished,2.67,True,False
5715,l00915,4,3,12,16,2001,False,0,furnished,6.39,True,True
5717,l00917,4,2,10,26,2007,True,0,semi-furnished,4.99,False,False
5718,l00918,1,2,14,26,2004,False,0,semi-furnished,1.51,True,True
5719,l00919,2,3,23,25,2017,True,1,unfurnished,6.78,False,True
5720,l00920,1,4,0,38,2021,True,2,semi-furnished,2.23,True,True
5723,l00923,4,4,6,26,2013,True,4,unfurnished,0.28,False,False
5724,l00924,4,4,16,37,2022,True,0,semi-furnished,5.85,True,True
5725,l00925,1,2,2,10,2005,False,0,furnished,7.72,False,False
5726,l00926,3,2,18,25,2014,True,3,unfurnished,2.81,False,True
5727,l00927,1,4,1,23,2001,False,0,furnished,2.39,True,True
5729,l00929,4,2,9,33,1999,False,0,semi-furnished,5.24,False,False
5730,l00930,2,2,10,40,1999,True,4,furnished,6.64,False,True
5731,l00931,5,3,1,14,2011,False,0,semi-furnished,3.09,False,False
5732,l00932,1,2,23,23,2011,True,4,furnished,7.65,True,False
5733,l00933,5,1,5,35,2021,False,0,semi-furnished,5.1,False,False
5735,l00935,5,2,0,9,1999,True,0,semi-furnished,6.06,False,False
5736,l00936,4,1,1,30,2015,False,0,unfurnished,0.97,False,False
5737,l00937,5,2,6,24,2006,False,0,furnished,1.74,True,True
5738,l00938,5,4,4,37,2011,False,0,unfurnished,1.92,False,False
5740,l00940,2,3,6,15,1999,False,0,semi-furnished,5.66,False,False
5741,l00941,5,4,0,29,2005,False,0,semi-furnished,0.3,True,False
5742,l00942,1,3,8,26,2017,False,0,semi-furnished,3.7,False,True
5743,l00943,1,1,22,30,2016,False,0,furnished,1.22,True,False
5744,l00944,1,1,9,22,2018,False,0,semi-furnished,7.53,True,False
5745,l00945,1,3,14,18,2020,True,0,semi-furnished,4.9,True,True
5746,l00946,5,3,16,26,1995,False,0,unfurnished,6.42,True,True
5748,l00948,3,4,6,30,1998,True,2,furnished,6.12,False,True
5749,l00949,4,3,2,24,2007,True,4,furnished,4.04,False,True
5750,l00950,3,2,13,18,2000,False,0,furnished,6.03,False,True
5752,l00952,1,3,20,21,2015,False,0,unfurnished,0.92,True,False
5753,l00953,1,4,0,25,2003,False,0,furnished,6.1,False,True
5754,l00954,5,2,1,7,2011,False,0,unfurnished,1.21,False,True
5755,l00955,4,1,5,29,1997,True,3,semi-furnished,1.04,False,True
5756,l00956,1,3,0,9,2015,True,4,unfurnished,3.71,False,True
5757,l00957,5,1,2,14,2007,True,2,semi-furnished,6.71,True,False
5758,l00958,5,3,0,23,2021,False,0,unfurnished,2.93,False,False
5760,l00960,5,4,17,21,2012,False,0,furnished,3.56,True,False
5761,l00961,3,1,11,26,1999,True,1,unfurnished,6.48,False,False
5762,l00962,2,2,10,10,2002,True,0,unfurnished,4.31,True,False
5763,l00963,2,4,1,9,1995,True,1,unfurnished,6.83,True,True
5764,l00964,1,1,1,36,2002,True,2,semi-furnished,3.72,False,False
5765,l00965,4,3,3,9,2023,True,1,furnished,0.68,False,False
5767,l00967,1,4,6,38,2015,True,3,semi-furnished,0.21,False,True
5768,l00968,3,4,21,34,2004,False,0,semi-furnished,3.61,True,True
5769,l00969,5,1,6,33,2008,False,0,unfurnished,3.43,True,True
5770,l00970,1,3,5,18,2018,False,0,unfurnished,6.03,True,True
5771,l00971,1,4,17,21,2023,False,0,unfurnished,1.48,True,False
5772,l00972,1,2,0,20,2004,True,2,furnished,7.43,False,True
5773,l00973,4,3,18,25,2014,True,4,furnished,2.87,False,True
5774,l00974,5,2,5,35,2016,True,2,semi-furnished,6.9,True,True
5775,l00975,4,1,16,18,2003,False,0,semi-furnished,5.0,True,True
5776,l00976,3,1,17,23,1998,True,4,semi-furnished,2.33,True,True
5777,l00977,2,4,3,28,2012,True,2,semi-furnished,0.56,False,True
5778,l00978,2,3,5,28,2019,False,0,semi-furnished,0.6,False,True
5780,l00980,2,2,16,21,2008,True,2,furnished,7.31,False,False
5781,l00981,1,4,19,21,2020,True,4,unfurnished,0.21,True,True
5784,l00984,5,3,6,34,2018,True,3,semi-furnished,7.39,False,True
5785,l00985,5,3,2,29,2021,True,1,unfurnished,7.16,False,True
5786,l00986,3,3,24,37,1998,True,3,unfurnished,6.81,True,True
5788,l00988,5,4,4,8,2017,False,0,unfurnished,4.55,True,False
5790,l00990,3,3,5,28,2021,False,0,semi-furnished,2.96,True,True
5791,l00991,5,3,23,24,2019,True,0,furnished,6.1,True,False
5793,l00993,4,1,9,14,2016,False,0,semi-furnished,3.27,True,True
5794,l00994,1,1,8,38,2004,True,4,furnished,3.09,False,True
5795,l00995,5,4,0,31,2016,False,0,semi-furnished,6.96,True,False
5798,l00998,4,2,2,25,1999,True,0,semi-furnished,7.77,True,True
5800,l01000,4,4,15,39,2006,False,0,furnished,7.27,True,False
5801,l01001,4,1,10,29,2002,True,0,unfurnished,0.2,True,True
5802,l01002,5,4,24,39,2013,False,0,unfurnished,6.61,False,False
5803,l01003,3,2,15,36,2001,True,3,furnished,3.9,False,True
5804,l01004,5,1,4,28,2004,False,0,semi-furnished,2.36,True,False
5806,l01006,1,3,18,28,2002,False,0,semi-furnished,7.35,True,False
5807,l01007,1,4,11,12,2009,False,0,semi-furnished,1.22,True,True
5808,l01008,1,1,12,13,2002,False,0,semi-furnished,2.2,True,True
5809,l01009,1,4,5,11,2002,False,0,furnished,7.27,True,True
5812,l01012,4,2,16,36,2023,True,1,semi-furnished,5.6,False,False
5813,l01013,3,4,9,38,2006,True,0,unfurnished,6.14,False,False
5815,l01015,5,2,9,15,2016,True,1,furnished,3.71,True,True
5816,l01016,3,3,2,14,2005,False,0,semi-furnished,4.65,True,True
5817,l01017,3,2,19,37,2011,False,0,furnished,4.33,True,True
5818,l01018,1,3,7,33,1999,True,2,unfurnished,1.38,False,False
5819,l01019,4,2,17,32,2002,True,3,semi-furnished,3.11,False,False
5820,l01020,3,3,2,8,2002,False,0,unfurnished,7.19,False,False
5821,l01021,5,1,13,33,1995,False,0,unfurnished,6.77,True,True
5824,l01024,2,1,20,33,2000,False,0,unfurnished,6.13,False,True
5826,l01026,2,1,11,23,2007,False,0,furnished,6.46,False,False
5827,l01027,2,2,22,40,2004,True,1,unfurnished,2.2,False,True
5829,l01029,2,2,14,30,1996,True,0,semi-furnished,3.98,True,False
5830,l01030,4,1,0,37,2017,False,0,unfurnished,6.01,False,False
5831,l01031,1,4,19,19,2008,False,0,unfurnished,2.81,True,False
5832,l01032,1,2,16,17,2022,False,0,semi-furnished,8.0,True,True
5833,l01033,3,3,12,24,2019,True,2,furnished,7.61,False,True
5834,l01034,5,2,4,21,2005,False,0,furnished,3.27,False,False
5835,l01035,2,1,5,22,2018,True,1,semi-furnished,0.32,True,False
5837,l01037,3,1,4,18,2003,False,0,furnished,3.84,True,False
5838,l01038,3,3,4,35,2010,True,3,unfurnished,7.38,False,True
5839,l01039,4,2,1,20,2000,False,0,furnished,3.26,False,True
5840,l01040,3,1,17,30,2018,False,0,unfurnished,6.8,False,False
5841,l01041,2,1,17,18,2005,True,1,semi-furnished,2.72,False,False
5842,l01042,5,1,15,29,2019,True,1,furnished,4.72,False,False
5843,l01043,1,3,19,38,2016,False,0,semi-furnished,7.16,False,False
5844,l01044,3,1,15,36,2009,True,2,unfurnished,3.28,False,False
5845,l01045,3,2,15,40,2021,False,0,unfurnished,5.53,True,True
5848,l01048,4,1,2,14,2011,False,0,semi-furnished,4.72,False,True
5849,l01049,3,3,11,39,2004,True,2,semi-furnished,7.47,True,True
5850,l01050,4,1,10,34,1997,True,1,furnished,0.9,False,False
5851,l01051,4,2,25,32,2015,True,3,unfurnished,4.7,True,False
5852,l01052,1,3,12,17,2013,True,2,unfurnished,4.82,False,True
5853,l01053,5,2,7,12,2011,True,2,furnished,1.73,True,True
5854,l01054,4,2,3,30,2015,True,4,unfurnished,1.31,True,False
5855,l01055,1,4,22,38,2006,True,2,unfurnished,2.23,True,False
5856,l01056,2,2,13,18,2017,True,1,semi-furnished,2.57,False,False
5857,l01057,5,3,19,22,2000,False,0,furnished,3.2,True,False
5858,l01058,5,1,5,27,2018,True,3,semi-furnished,1.27,False,False
5861,l01061,2,4,12,13,2018,False,0,semi-furnished,6.71,True,False
5862,l01062,3,2,5,33,1996,False,0,unfurnished,3.04,True,False
5863,l01063,2,2,24,34,2021,True,0,furnished,7.81,True,True
5865,l01065,2,1,3,34,1996,False,0,unfurnished,3.57,True,False
5866,l01066,1,4,2,29,2001,False,0,unfurnished,6.95,True,True
5869,l01069,3,1,9,37,2018,True,0,semi-furnished,4.29,False,False
5871,l01071,3,3,16,21,2012,True,1,furnished,4.73,True,False
5872,l01072,4,3,7,9,2002,False,0,unfurnished,1.72,True,False
5874,l01074,5,2,10,12,2013,True,3,semi-furnished,0.21,True,False
5875,l01075,1,3,8,27,2003,False,0,unfurnished,4.72,False,True
5876,l01076,5,4,6,36,2011,False,0,semi-furnished,4.65,True,False
5877,l01077,1,1,14,40,2004,False,0,furnished,6.64,True,False
5878,l01078,3,1,15,32,2008,False,0,unfurnished,7.4,False,True
5880,l01080,1,4,22,37,2014,False,0,unfurnished,4.38,False,True
5881,l01081,2,3,4,11,2014,True,1,furnished,6.31,True,False
5882,l01082,4,3,0,9,2018,False,0,furnished,7.81,True,True
5884,l01084,4,2,11,32,2004,True,1,semi-furnished,1.46,True,True
5885,l01085,3,3,7,22,2001,False,0,semi-furnished,0.49,False,True
5886,l01086,3,2,6,9,2018,False,0,furnished,2.08,True,False
5887,l01087,3,3,7,31,2001,True,0,furnished,5.18,False,True
5888,l01088,1,2,23,34,2021,False,0,semi-furnished,3.75,True,True
5889,l01089,5,3,5,39,2007,False,0,furnished,7.89,True,False
5892,l01092,1,1,15,22,2023,True,2,semi-furnished,7.56,True,True
5893,l01093,5,3,3,17,1995,False,0,unfurnished,3.82,False,False
5894,l01094,5,1,12,14,2006,True,0,furnished,1.04,True,True
5896,l01096,2,1,5,25,2003,True,1,semi-furnished,1.13,True,True
5897,l01097,5,4,2,29,2002,True,4,semi-furnished,4.75,False,False
5898,l01098,5,4,2,35,2021,True,4,unfurnished,4.75,True,True
5900,l01100,2,4,7,11,2023,False,0,furnished,5.78,True,False
5901,l01101,2,2,3,24,2021,True,1,semi-furnished,6.28,False,False
5902,l01102,2,1,24,33,2018,False,0,semi-furnished,2.01,False,False
5904,l01104,2,2,16,32,2002,True,3,semi-furnished,5.05,False,False
5905,l01105,2,1,24,26,1998,False,0,furnished,1.84,False,False
5906,l01106,3,3,6,25,2018,False,0,semi-furnished,0.61,True,False
5907,l01107,2,1,0,19,2008,False,0,furnished,6.01,True,True
5908,l01108,2,1,24,26,2000,False,0,furnished,7.81,False,False
5909,l01109,5,2,9,17,2006,True,4,unfurnished,7.05,False,False
5910,l01110,5,4,9,15,2012,False,0,furnished,7.17,True,False
5911,l01111,1,3,24,30,2013,True,2,unfurnished,4.71,False,True
5912,l01112,5,4,4,21,2008,False,0,semi-furnished,7.0,False,False
5913,l01113,2,4,17,17,2005,False,0,semi-furnished,4.95,True,False
5914,l01114,2,1,2,34,2007,True,2,unfurnished,5.37,True,True
5915,l01115,4,2,0,10,2011,False,0,semi-furnished,7.48,False,True
5916,l01116,5,2,1,37,2006,False,0,unfurnished,4.46,True,True
5918,l01118,2,4,25,30,1998,True,3,semi-furnished,5.77,True,True
5919,l01119,5,4,9,24,2019,False,0,furnished,4.82,True,False
5920,l01120,4,3,8,9,2003,False,0,unfurnished,0.81,False,False
5921,l01121,1,2,13,15,1998,True,4,semi-furnished,6.32,True,True
5924,l01124,5,3,17,22,2014,False,0,unfurnished,0.92,True,False
5925,l01125,4,1,0,13,2007,False,0,furnished,2.5,True,True
5926,l01126,5,2,10,17,1999,True,2,furnished,2.19,False,True
5927,l01127,2,4,3,18,2010,False,0,furnished,4.22,True,False
5928,l01128,4,4,5,27,2000,False,0,furnished,2.68,True,True
5929,l01129,1,2,10,25,2003,True,4,unfurnished,3.71,True,False
5930,l01130,5,4,17,19,1996,False,0,unfurnished,1.23,False,True
5931,l01131,1,3,11,31,2003,False,0,furnished,0.68,True,False
5932,l01132,5,4,15,16,2018,True,2,semi-furnished,0.47,False,True
5933,l01133,4,1,6,28,1998,True,1,unfurnished,7.06,False,False
5936,l01136,5,4,3,39,2013,True,4,semi-furnished,0.8,False,True
5937,l01137,5,1,24,34,2004,False,0,semi-furnished,5.76,True,True
5940,l01140,2,1,13,17,2004,True,3,semi-furnished,4.9,True,True
5942,l01142,3,3,20,23,1998,False,0,furnished,6.99,True,False
5943,l01143,3,4,2,9,2008,False,0,unfurnished,1.55,False,False
5944,l01144,2,2,10,32,2018,True,2,unfurnished,3.02,False,True
5946,l01146,3,1,4,8,2022,False,0,semi-furnished,1.65,False,True
5949,l01149,1,4,24,38,2004,True,0,semi-furnished,1.06,True,True
5950,l01150,1,2,25,31,2001,True,4,semi-furnished,0.62,True,True
5951,l01151,5,3,20,31,1995,True,3,semi-furnished,5.2,False,False
5954,l01154,5,3,10,33,2001,False,0,unfurnished,3.16,True,True
5955,l01155,2,3,3,38,2017,False,0,furnished,3.17,False,False
5956,l01156,4,1,20,38,2010,False,0,semi-furnished,5.72,True,True
5960,l01160,1,4,5,22,2014,True,0,furnished,3.36,True,True
5961,l01161,5,4,22,35,2009,True,4,unfurnished,7.41,True,True
5962,l01162,1,1,23,35,2018,True,0,semi-furnished,0.3,False,False
5963,l01163,5,1,5,26,2012,True,3,unfurnished,3.28,True,False
5964,l01164,5,1,3,32,2005,False,0,unfurnished,6.0,False,True
5965,l01165,4,4,13,29,2002,False,0,furnished,2.25,True,False
5966,l01166,2,2,14,16,2006,False,0,unfurnished,4.97,True,False
5967,l01167,5,3,22,37,2015,False,0,unfurnished,2.78,True,True
5968,l01168,2,2,2,23,2021,True,4,unfurnished,0.39,True,True
5969,l01169,5,3,8,14,2016,False,0,semi-furnished,0.48,True,False
5972,l01172,4,3,12,33,1996,True,2,semi-furnished,4.3,True,False
5973,l01173,1,4,24,24,2006,True,2,furnished,2.09,False,True
5974,l01174,5,2,3,32,2004,False,0,unfurnished,4.36,False,False
5976,l01176,5,1,18,25,2018,True,4,furnished,2.46,True,True
5978,l01178,5,1,6,27,2017,True,2,semi-furnished,7.99,False,False
5979,l01179,4,4,20,21,2006,True,2,semi-furnished,6.88,True,True
5981,l01181,4,4,3,18,2012,True,2,unfurnished,3.02,True,True
5983,l01183,5,1,7,38,2022,True,1,semi-furnished,1.27,False,False
5984,l01184,5,3,8,18,1998,True,0,unfurnished,1.93,False,True
5985,l01185,2,1,3,39,2002,False,0,unfurnished,1.06,False,True
5987,l01187,3,2,19,40,2015,True,0,semi-furnished,1.01,False,True
5990,l01190,5,3,7,14,2004,True,2,unfurnished,1.68,False,False
5991,l01191,4,1,14,39,2023,True,3,semi-furnished,7.98,True,True
5992,l01192,3,3,5,19,2003,True,1,furnished,4.51,False,False
5993,l01193,3,2,14,16,2009,False,0,semi-furnished,1.07,True,False
5996,l01196,4,3,21,27,2015,True,3,semi-furnished,2.94,True,False
5997,l01197,1,4,1,20,2001,False,0,furnished,5.47,True,False
5998,l01198,4,4,22,36,2016,False,0,unfurnished,4.95,False,False
6000,l01200,5,1,4,27,2015,True,1,unfurnished,5.43,False,True
6001,l00001,1,1,2,33,2015,False,0,unfurnished,4.74,True,False
6002,l00002,5,2,4,36,2006,True,1,unfurnished,0.3,True,False
6003,l00003,3,1,1,19,2008,True,2,semi-furnished,4.6,False,False
6004,l00004,1,2,2,9,1998,True,3,semi-furnished,0.96,True,False
6005,l00005,5,3,11,22,2017,False,0,semi-furnished,3.23,False,False
6006,l00006,3,2,13,14,1997,False,0,unfurnished,1.67,True,True
6007,l00007,1,4,8,8,2001,False,0,unfurnished,3.06,False,True
6008,l00008,1,2,6,12,2022,False,0,furnished,7.86,False,True
6009,l00009,2,2,15,23,2016,True,1,furnished,3.89,False,True
6010,l00010,4,4,0,16,2023,True,1,furnished,6.42,True,True
6011,l00011,5,2,13,22,2015,False,0,unfurnished,7.5,False,False
6012,l00012,5,2,14,14,1998,False,0,furnished,6.87,True,False
6013,l00013,3,3,24,34,2017,True,2,semi-furnished,4.0,True,True
6015,l00015,4,1,8,19,1998,True,1,unfurnished,3.39,True,True
6016,l00016,5,2,0,31,2000,False,0,unfurnished,6.97,True,False
6019,l00019,1,4,9,32,2023,False,0,semi-furnished,5.6,False,False
6020,l00020,5,1,21,35,1998,False,0,semi-furnished,7.45,True,False
6021,l00021,5,2,8,21,2003,True,3,semi-furnished,2.79,True,True
6023,l00023,4,3,18,39,2001,False,0,unfurnished,0.84,False,False
6024,l00024,2,1,8,27,2008,True,2,semi-furnished,6.3,False,False
6025,l00025,1,1,16,25,2010,False,0,furnished,1.15,True,True
6026,l00026,3,1,13,19,2015,True,4,semi-furnished,6.38,True,False
6027,l00027,5,4,18,19,2008,True,3,unfurnished,1.44,True,False
6028,l00028,2,3,11,25,2008,True,4,furnished,6.57,False,False
6030,l00030,2,4,3,5,2016,False,0,furnished,2.11,False,True
6031,l00031,4,4,15,36,1996,True,2,semi-furnished,7.95,False,True
6032,l00032,3,3,4,36,2011,True,3,furnished,2.86,False,False
6033,l00033,1,1,13,30,2017,True,2,unfurnished,4.19,True,True
6034,l00034,1,2,10,39,2022,True,3,furnished,1.85,False,True
6035,l00035,1,3,2,10,2014,True,3,semi-furnished,4.83,False,False
6036,l00036,4,1,2,34,2011,False,0,unfurnished,3.81,True,False
6037,l00037,3,2,11,32,2005,True,4,unfurnished,7.3,True,False
6038,l00038,4,2,5,14,2007,False,0,unfurnished,7.68,False,False
6039,l00039,3,2,13,15,1998,False,0,unfurnished,5.29,False,True
6040,l00040,5,4,4,36,2002,False,0,furnished,2.49,False,True
6041,l00041,4,1,9,12,2015,False,0,unfurnished,5.89,True,False
6042,l00042,4,3,9,23,2001,False,0,unfurnished,4.59,False,True
6043,l00043,1,3,0,33,2009,False,0,unfurnished,3.09,True,True
6044,l00044,3,1,2,36,1998,True,4,furnished,5.05,True,False
6045,l00045,1,4,6,30,2023,True,1,furnished,4.51,False,False
6048,l00048,4,2,22,27,2001,False,0,semi-furnished,3.69,True,True
6050,l00050,2,4,9,10,2010,True,3,furnished,5.47,False,False
6051,l00051,2,1,2,31,2014,False,0,unfurnished,2.9,True,True
6052,l00052,4,2,1,40,2013,False,0,semi-furnished,4.06,False,True
6053,l00053,4,3,19,38,2000,True,4,unfurnished,5.5,True,False
6054,l00054,1,1,21,29,2010,True,0,semi-furnished,7.97,True,False
6055,l00055,5,1,9,29,2017,False,0,unfurnished,4.15,False,False
6056,l00056,1,2,6,17,2023,True,3,furnished,7.07,True,True
6058,l00058,5,3,0,16,2020,True,3,semi-furnished,1.76,False,False
6059,l00059,3,4,7,33,2014,False,0,furnished,7.06,False,True
6060,l00060,2,1,5,39,2004,True,2,semi-furnished,4.25,True,True
6061,l00061,2,1,20,35,1997,True,3,furnished,4.0,False,False
6062,l00062,5,1,6,18,2002,False,0,furnished,4.26,True,True
6063,l00063,5,3,10,14,2007,True,2,unfurnished,0.8,True,False
6064,l00064,3,3,16,40,2007,False,0,furnished,1.16,False,True
6065,l00065,3,2,14,27,2001,False,0,semi-furnished,6.5,False,True
6066,l00066,3,2,4,19,2021,True,2,semi-furnished,2.01,False,True
6067,l00067,4,4,2,26,2017,True,4,unfurnished,4.4,True,True
6068,l00068,3,1,10,33,2004,True,0,semi-furnished,4.59,False,False
6069,l00069,4,3,9,19,2003,True,2,semi-furnished,1.06,False,False
6070,l00070,1,4,4,26,2007,True,4,furnished,7.76,False,False
6071,l00071,4,4,3,12,2005,True,0,semi-furnished,7.42,False,True
6072,l00072,4,3,14,29,1999,False,0,furnished,4.77,True,False
6073,l00073,4,3,11,24,2005,False,0,furnished,5.24,True,True
6074,l00074,1,4,8,31,2006,True,1,furnished,0.71,False,True
6075,l00075,2,1,7,13,2017,False,0,furnished,7.74,False,False
6076,l00076,2,3,17,19,2016,False,0,furnished,2.33,False,True
6077,l00077,1,1,4,10,2011,True,1,semi-furnished,5.28,False,False
6079,l00079,4,4,22,25,1998,False,0,semi-furnished,5.72,True,True
6080,l00080,1,3,3,21,2002,False,0,semi-furnished,0.54,False,True
6081,l00081,5,1,8,20,1997,False,0,semi-furnished,6.82,False,True
6082,l00082,5,3,24,30,2000,True,4,unfurnished,5.61,True,False
6083,l00083,5,4,1,36,2006,True,0,semi-furnished,6.65,True,True
6084,l00084,3,2,4,31,2003,True,0,unfurnished,0.86,True,True
6085,l00085,5,1,24,33,2012,True,3,semi-furnished,4.12,False,True
6086,l00086,3,4,9,12,2021,True,0,semi-furnished,2.97,False,False
6087,l00087,2,1,5,12,2002,False,0,unfurnished,4.76,False,True
6090,l00090,3,3,8,35,2011,False,0,semi-furnished,1.24,True,True
6092,l00092,4,3,16,23,2013,False,0,furnished,2.51,True,True
6095,l00095,1,2,23,34,2008,False,0,furnished,5.04,False,False
6097,l00097,5,4,21,23,2008,True,3,semi-furnished,1.73,True,False
6098,l00098,2,3,16,38,2023,True,3,semi-furnished,5.65,False,True
6099,l00099,5,2,24,34,2007,False,0,semi-furnished,6.71,False,True
6100,l00100,1,4,2,20,2007,True,4,semi-furnished,2.99,True,True
6101,l00101,4,1,7,14,1996,True,1,furnished,5.81,True,False
6102,l00102,5,2,13,40,2002,True,3,furnished,6.93,False,False
6104,l00104,1,2,5,12,2021,False,0,semi-furnished,2.27,True,True
6106,l00106,5,1,8,17,2004,True,3,unfurnished,3.07,False,True
6107,l00107,5,2,19,37,2004,False,0,furnished,2.83,True,False
6108,l00108,4,4,11,31,2006,False,0,semi-furnished,4.1,False,True
6109,l00109,2,1,6,16,2014,False,0,unfurnished,3.51,False,False
6110,l00110,4,2,23,38,1995,False,0,furnished,5.22,True,True
6111,l00111,1,4,12,35,2010,True,0,furnished,7.58,False,False
6113,l00113,4,1,19,19,2015,True,3,furnished,3.58,True,True
6116,l00116,5,4,22,40,2015,False,0,unfurnished,3.2,False,False
6117,l00117,2,2,7,40,2021,True,3,unfurnished,0.91,True,False
6119,l00119,4,4,23,36,2010,False,0,semi-furnished,7.58,False,True
6120,l00120,5,3,3,10,2017,False,0,furnished,3.7,True,True
6122,l00122,3,3,25,34,2016,False,0,semi-furnished,2.56,False,True
6126,l00126,4,4,6,14,2004,False,0,furnished,2.68,True,False
6128,l00128,1,3,2,14,2013,False,0,semi-furnished,7.39,True,True
6130,l00130,4,3,19,31,1995,True,0,furnished,1.03,True,True
6131,l00131,2,1,14,38,2015,True,4,unfurnished,6.01,False,True
6132,l00132,4,3,24,30,2005,True,1,unfurnished,5.93,True,False
6133,l00133,5,2,18,38,2008,True,2,furnished,4.65,True,False
6138,l00138,3,2,18,35,1998,False,0,furnished,6.35,True,False
6139,l00139,3,2,13,23,2014,True,3,furnished,6.83,True,False
6140,l00140,3,2,24,29,2003,True,0,furnished,4.9,True,True
6141,l00141,5,4,13,37,2010,False,0,unfurnished,0.3,False,True
6142,l00142,2,4,1,28,1996,True,3,furnished,2.86,True,False
6143,l00143,1,1,8,18,2010,True,4,semi-furnished,7.64,False,False
6144,l00144,5,3,13,35,2020,False,0,furnished,4.9,True,True
6145,l00145,4,3,19,21,2017,True,1,unfurnished,2.29,False,True
6146,l00146,5,3,17,34,2004,False,0,semi-furnished,1.2,True,False
6148,l00148,2,3,7,13,2013,False,0,unfurnished,4.97,True,True
6149,l00149,2,2,21,33,2003,True,0,unfurnished,3.56,True,False
6150,l00150,1,2,11,16,1998,False,0,unfurnished,2.04,False,False
6151,l00151,5,4,7,22,2016,False,0,furnished,5.94,True,False
6152,l00152,1,1,5,39,2005,True,1,unfurnished,0.42,True,True
6154,l00154,5,3,8,16,1999,True,3,semi-furnished,5.79,False,True
6157,l00157,4,3,7,21,2006,False,0,semi-furnished,4.29,False,True
6159,l00159,2,3,17,22,1997,False,0,furnished,6.01,True,True
6161,l00161,3,1,0,8,2006,True,2,furnished,5.2,True,False
6162,l00162,3,3,2,12,1998,False,0,furnished,2.67,True,False
6163,l00163,2,3,2,33,2020,True,2,semi-furnished,5.07,True,True
6164,l00164,2,1,21,37,2014,True,0,furnished,0.62,True,True
6165,l00165,2,1,4,6,2001,False,0,semi-furnished,4.94,True,False
6166,l00166,1,2,4,18,1995,True,2,unfurnished,2.48,False,False
6168,l00168,5,1,25,26,2010,True,2,furnished,5.7,False,False
6169,l00169,3,3,6,36,2006,False,0,unfurnished,2.03,False,False
6171,l00171,2,4,20,21,2013,True,0,semi-furnished,4.35,False,False
6172,l00172,4,3,12,12,2016,True,1,semi-furnished,2.05,False,True
6173,l00173,2,2,2,21,2008,False,0,furnished,7.79,False,False
6174,l00174,3,2,23,36,2021,True,1,unfurnished,1.9,False,False
6175,l00175,1,1,20,31,2014,False,0,furnished,6.33,True,True
6176,l00176,4,4,17,19,2000,True,1,unfurnished,4.22,True,True
6178,l00178,4,2,3,38,2011,True,1,furnished,2.05,False,False
6179,l00179,2,1,10,31,2000,True,3,semi-furnished,2.47,True,False
6180,l00180,3,2,5,31,2009,True,0,semi-furnished,0.43,False,False
6181,l00181,4,4,19,36,2022,False,0,semi-furnished,3.88,False,True
6182,l00182,4,3,16,24,2014,True,3,furnished,1.82,True,True
6183,l00183,1,1,24,37,2018,True,0,unfurnished,2.53,False,True
6184,l00184,1,2,8,37,2023,True,4,furnished,7.41,False,False
6186,l00186,4,2,8,12,1999,False,0,unfurnished,5.58,False,False
6187,l00187,1,2,20,28,2012,True,1,semi-furnished,4.89,False,True
6188,l00188,2,2,7,28,2011,False,0,semi-furnished,0.31,True,True
6191,l00191,3,4,10,12,2008,True,3,unfurnished,5.52,True,False
6194,l00194,5,2,10,19,1996,False,0,furnished,2.07,True,True
6195,l00195,3,3,9,25,2009,True,3,furnished,6.6,False,True
6196,l00196,4,1,18,31,2017,True,1,unfurnished,2.43,False,True
6197,l00197,1,2,25,35,2020,True,3,semi-furnished,4.97,True,True
6198,l00198,2,2,7,17,1998,False,0,unfurnished,0.84,False,True
6201,l00201,5,3,3,11,2003,False,0,unfurnished,4.75,True,True
6202,l00202,2,2,11,34,2007,False,0,semi-furnished,3.48,False,True
6206,l00206,2,4,5,37,1998,True,0,unfurnished,4.35,True,True
6207,l00207,3,4,21,23,2002,False,0,semi-furnished,2.31,False,False
6208,l00208,3,4,11,29,2022,False,0,furnished,4.57,True,True
6209,l00209,3,4,21,38,2003,True,1,furnished,1.83,False,False
6210,l00210,3,3,22,30,2001,False,0,unfurnished,2.98,True,False
6213,l00213,1,3,19,29,1995,False,0,furnished,2.23,True,True
6214,l00214,4,4,6,11,2022,True,3,semi-furnished,1.45,True,False
6215,l00215,4,2,15,22,2021,False,0,furnished,5.73,True,True
6216,l00216,2,2,3,8,2007,True,4,semi-furnished,1.92,False,False
6217,l00217,1,4,7,30,2022,True,0,semi-furnished,4.86,True,True
6218,l00218,1,1,7,39,2007,True,1,unfurnished,5.08,True,True
6220,l00220,2,3,5,23,2023,True,2,unfurnished,4.1,False,True
6221,l00221,2,2,11,37,2002,False,0,semi-furnished,5.48,True,False
6222,l00222,2,3,6,12,2010,True,3,furnished,0.47,False,False
6223,l00223,1,4,1,11,1995,False,0,unfurnished,2.68,False,False
6224,l00224,2,3,7,15,2011,False,0,semi-furnished,6.95,False,False
6225,l00225,1,2,1,22,1996,True,0,unfurnished,2.36,True,True
6226,l00226,2,1,2,21,2023,False,0,semi-furnished,6.55,False,True
6228,l00228,3,1,3,18,2015,False,0,semi-furnished,4.77,False,False
6229,l00229,1,1,4,35,1995,False,0,furnished,6.89,True,True
6230,l00230,5,1,11,24,2016,False,0,unfurnished,3.26,False,True
6231,l00231,1,3,5,20,2008,True,1,unfurnished,4.38,False,True
6232,l00232,3,2,21,30,2005,False,0,unfurnished,2.87,False,False
6233,l00233,2,2,15,19,2013,False,0,unfurnished,4.9,False,True
6234,l00234,4,4,12,40,2011,False,0,semi-furnished,1.55,True,False
6235,l00235,1,3,24,39,2008,False,0,furnished,7.96,False,True
6236,l00236,4,3,2,25,2009,True,2,semi-furnished,7.97,False,True
6237,l00237,2,2,13,27,2005,True,1,semi-furnished,2.77,True,True
6238,l00238,4,4,15,31,2006,True,1,furnished,6.3,True,True
6239,l00239,2,4,0,22,2002,True,1,furnished,4.68,False,True
6240,l00240,3,2,7,39,1996,True,1,semi-furnished,2.62,False,False
6242,l00242,4,4,0,13,2006,True,4,unfurnished,1.28,False,True
6243,l00243,3,1,5,22,2008,False,0,semi-furnished,2.03,True,True
6244,l00244,3,4,18,40,2000,True,2,furnished,3.28,True,True
6245,l00245,4,1,19,22,2019,False,0,unfurnished,1.59,True,True
6246,l00246,4,1,19,29,2005,True,0,unfurnished,5.6,False,False
6247,l00247,2,1,3,15,1998,False,0,furnished,7.88,False,True
6248,l00248,4,4,24,28,2005,False,0,unfurnished,3.51,True,True
6250,l00250,2,1,7,14,2005,True,3,semi-furnished,7.47,True,True
6251,l00251,3,3,19,33,2022,False,0,unfurnished,0.54,False,True
6252,l00252,4,4,25,32,2020,True,0,unfurnished,5.09,True,True
6254,l00254,4,1,23,37,2022,True,1,furnished,1.53,False,False
6255,l00255,1,4,9,28,2017,False,0,furnished,2.38,True,True
6256,l00256,2,2,15,22,2003,False,0,unfurnished,4.42,True,True
6257,l00257,2,3,3,19,2004,False,0,semi-furnished,3.68,False,True
6259,l00259,5,2,16,38,2010,False,0,semi-furnished,1.68,True,True
6260,l00260,4,2,13,36,2019,False,0,furnished,2.95,False,False
6261,l00261,5,3,7,37,2013,True,1,furnished,4.58,False,False
6262,l00262,5,1,11,30,2008,True,2,furnished,1.71,True,False
6265,l00265,3,3,1,25,2023,True,4,furnished,1.45,True,False
6266,l00266,2,1,19,19,2018,False,0,semi-furnished,2.98,False,True
6268,l00268,4,1,19,38,1995,False,0,furnished,7.22,False,False
6269,l00269,5,1,14,21,2017,False,0,furnished,0.56,True,True
6272,l00272,3,4,14,21,2000,True,4,unfurnished,5.65,True,False
6273,l00273,3,3,5,15,2008,True,3,furnished,4.98,True,False
6275,l00275,1,3,22,31,1999,False,0,furnished,0.57,False,False
6276,l00276,4,2,18,26,2001,False,0,furnished,6.42,False,True
6277,l00277,5,3,10,26,2001,True,1,semi-furnished,4.79,True,False
6279,l00279,2,4,1,35,2016,False,0,unfurnished,0.84,False,False
6280,l00280,1,2,23,27,2014,False,0,semi-furnished,2.32,False,True
6281,l00281,1,3,6,31,2005,True,1,semi-furnished,1.25,False,True
6282,l00282,3,2,4,18,2003,True,3,furnished,6.11,False,True
6284,l00284,1,2,12,13,1995,True,0,unfurnished,2.13,False,False
6285,l00285,5,2,10,25,2011,False,0,semi-furnished,1.91,True,False
6286,l00286,4,4,1,7,1999,True,1,unfurnished,1.1,False,True
6288,l00288,2,2,6,25,2008,False,0,unfurnished,4.32,False,False
6289,l00289,1,3,7,15,2014,False,0,semi-furnished,7.98,True,False
6290,l00290,1,4,16,34,2000,True,1,semi-furnished,4.28,True,True
6291,l00291,5,4,16,26,2008,True,2,unfurnished,1.84,False,True
6292,l00292,5,3,5,33,2001,False,0,semi-furnished,7.08,True,False
6293,l00293,4,4,2,13,2018,False,0,semi-furnished,0.87,False,False
6294,l00294,2,2,2,20,1996,True,3,semi-furnished,4.07,False,True
6295,l00295,2,2,11,11,2013,True,4,semi-furnished,6.07,True,False
6297,l00297,5,2,8,40,2002,False,0,furnished,5.83,False,True
6298,l00298,5,3,11,39,2013,False,0,semi-furnished,3.21,True,False
6300,l00300,5,4,3,38,2009,False,0,furnished,0.45,False,False
6301,l00301,5,2,6,13,2020,False,0,unfurnished,3.04,True,False
6302,l00302,4,4,17,27,2021,True,0,furnished,2.07,False,True
6303,l00303,4,3,10,26,2019,False,0,semi-furnished,0.26,False,False
6304,l00304,1,1,19,31,2020,False,0,furnished,6.42,False,True
6306,l00306,1,1,15,34,2016,False,0,unfurnished,3.19,True,True
6307,l00307,5,1,12,25,2015,True,4,semi-furnished,7.38,True,True
6309,l00309,5,2,7,27,2000,False,0,unfurnished,4.09,True,False
6310,l00310,5,1,22,25,2013,False,0,unfurnished,0.59,True,False
6311,l00311,5,2,5,34,2011,False,0,furnished,2.68,False,False
6312,l00312,4,2,11,39,2014,True,4,semi-furnished,5.38,False,True
6313,l00313,3,2,9,9,2021,True,2,furnished,6.27,True,False
6315,l00315,4,2,4,8,2020,True,4,furnished,1.02,True,True
6318,l00318,2,3,17,33,2001,True,1,unfurnished,3.17,False,False
6319,l00319,1,3,1,33,1999,False,0,unfurnished,2.6,True,True
6320,l00320,5,2,15,19,2000,True,3,furnished,3.16,False,True
6321,l00321,1,4,3,23,2014,False,0,unfurnished,6.61,True,False
6322,l00322,2,3,7,35,2007,False,0,unfurnished,7.6,True,True
6323,l00323,5,3,4,21,2021,True,4,unfurnished,2.76,False,False
6324,l00324,2,4,7,9,2017,True,0,semi-furnished,3.93,True,True
6325,l00325,5,2,16,30,1996,True,3,furnished,3.87,False,True
6326,l00326,4,1,7,21,2002,True,4,semi-furnished,4.96,True,False
6327,l00327,2,3,1,38,2021,True,1,semi-furnished,5.39,False,False
6329,l00329,4,3,1,35,2001,False,0,furnished,0.79,False,True
6330,l00330,2,4,22,29,2003,True,4,furnished,5.01,True,True
6332,l00332,1,1,2,35,2010,False,0,furnished,3.95,False,True
6333,l00333,5,3,21,40,1999,False,0,semi-furnished,4.1,True,False
6334,l00334,4,4,4,12,1997,False,0,semi-furnished,1.91,True,False
6335,l00335,1,2,17,32,2018,True,2,semi-furnished,6.23,True,False
6336,l00336,3,3,11,16,2022,True,4,furnished,0.59,False,False
6337,l00337,2,3,12,31,2006,False,0,unfurnished,0.54,True,True
6338,l00338,1,2,7,13,2020,True,2,semi-furnished,4.0,True,False
6340,l00340,4,4,17,34,2006,True,4,unfurnished,5.44,True,True
6341,l00341,1,4,21,35,2011,True,0,furnished,1.68,True,True
6342,l00342,5,1,2,25,2023,False,0,furnished,6.0,True,True
6343,l00343,2,1,15,30,2009,False,0,furnished,5.15,False,True
6345,l00345,3,4,3,31,2017,False,0,furnished,5.15,False,True
6346,l00346,3,4,14,20,2014,True,4,unfurnished,5.04,True,False
6347,l00347,3,1,15,34,2017,True,1,furnished,5.17,False,True
6348,l00348,4,2,1,37,2021,False,0,unfurnished,6.48,True,False
6350,l00350,3,2,20,28,2019,True,1,furnished,6.98,True,True
6351,l00351,2,2,18,30,2021,True,4,unfurnished,1.31,False,False
6352,l00352,5,2,8,31,2022,True,4,unfurnished,4.69,False,False
6357,l00357,1,1,12,33,2010,True,2,furnished,2.34,False,True
6358,l00358,5,1,1,17,2021,True,0,semi-furnished,4.05,True,True
6363,l00363,4,3,6,28,2017,False,0,furnished,0.91,True,True
6364,l00364,2,3,13,37,1995,False,0,unfurnished,6.05,False,False
6365,l00365,3,2,9,23,2005,False,0,furnished,3.58,False,False
6366,l00366,5,3,9,9,1998,True,3,furnished,6.54,True,True
6370,l00370,1,2,0,9,2009,True,3,unfurnished,4.48,False,True
6371,l00371,3,1,20,30,2010,True,2,unfurnished,6.36,True,False
6372,l00372,4,2,0,22,1997,False,0,furnished,6.9,True,False
6373,l00373,2,3,22,36,1998,True,4,furnished,7.95,False,False
6375,l00375,4,1,6,9,2022,True,3,furnished,0.3,True,False
6376,l00376,3,1,5,29,2016,False,0,unfurnished,7.99,False,False
6377,l00377,2,4,14,38,2017,False,0,semi-furnished,2.26,False,False
6378,l00378,3,2,4,31,1998,False,0,furnished,4.77,True,False
6379,l00379,1,1,2,30,2020,False,0,semi-furnished,3.55,True,False
6380,l00380,5,3,2,26,1997,True,4,unfurnished,2.34,True,True
6383,l00383,3,4,0,18,2003,False,0,furnished,1.29,False,True
6385,l00385,5,3,5,12,2003,False,0,furnished,0.78,True,True
6386,l00386,2,2,14,26,1999,False,0,furnished,3.74,False,True
6388,l00388,3,2,9,10,2007,False,0,semi-furnished,0.83,True,True
6389,l00389,5,4,18,32,2022,False,0,unfurnished,5.16,False,True
6390,l00390,1,1,0,10,1998,True,0,semi-furnished,0.74,False,False
6391,l00391,5,2,5,33,2020,True,0,furnished,7.72,True,True
6393,l00393,5,4,2,39,2011,False,0,unfurnished,7.14,True,True
6394,l00394,5,2,8,8,2008,False,0,semi-furnished,4.57,False,False
6395,l00395,5,2,3,38,1995,True,1,furnished,3.88,True,False
6396,l00396,4,1,1,31,2007,False,0,semi-furnished,1.29,True,True
6397,l00397,2,1,16,17,2020,True,3,semi-furnished,1.97,True,True
6398,l00398,2,4,13,40,2004,True,0,semi-furnished,2.0,False,False
6399,l00399,5,3,6,21,2019,False,0,unfurnished,6.68,False,True
6400,l00400,4,2,14,32,1999,False,0,semi-furnished,5.64,True,True
6401,l00401,4,3,17,29,2017,True,3,furnished,4.44,False,True
6402,l00402,5,3,0,14,2022,False,0,unfurnished,4.76,False,True
6403,l00403,5,1,3,12,2017,False,0,semi-furnished,4.32,True,False
6405,l00405,3,3,5,39,2006,False,0,semi-furnished,6.07,False,True
6406,l00406,2,2,3,24,2007,True,3,unfurnished,2.14,False,False
6407,l00407,5,1,10,16,2009,True,1,semi-furnished,1.5,False,False
6408,l00408,4,1,8,10,2010,False,0,semi-furnished,1.27,True,True
6409,l00409,5,2,24,33,2019,False,0,semi-furnished,3.06,False,True
6410,l00410,4,3,11,38,2016,True,4,semi-furnished,7.75,True,False
6411,l00411,3,4,11,19,2012,True,2,semi-furnished,0.74,False,False
6412,l00412,1,3,14,22,2022,False,0,furnished,1.4,False,False
6413,l00413,2,4,8,25,2014,True,0,semi-furnished,5.32,False,False
6414,l00414,4,3,19,24,2004,True,1,semi-furnished,5.4,True,True
6416,l00416,5,2,4,39,2022,False,0,semi-furnished,6.99,False,True
6417,l00417,4,4,6,34,2009,True,2,unfurnished,6.59,False,True
6418,l00418,3,4,13,27,2023,True,2,unfurnished,1.84,False,False
6419,l00419,2,4,4,13,2023,False,0,unfurnished,4.69,False,True
6421,l00421,5,3,4,7,2020,True,3,unfurnished,0.76,True,True
6422,l00422,4,3,6,40,2006,False,0,semi-furnished,0.76,True,False
6423,l00423,5,2,4,37,2023,False,0,unfurnished,4.65,True,True
6424,l00424,1,2,5,26,1998,False,0,unfurnished,0.92,True,True
6425,l00425,4,3,10,35,1997,True,2,unfurnished,7.56,True,True
6427,l00427,4,4,10,40,1996,True,2,semi-furnished,7.38,True,False
6428,l00428,3,3,3,36,2022,True,1,unfurnished,1.51,False,False
6429,l00429,2,3,4,9,2012,True,0,unfurnished,7.03,True,True
6431,l00431,3,3,19,37,2006,True,2,semi-furnished,2.24,False,True
6432,l00432,2,4,5,26,2021,False,0,unfurnished,0.44,False,True
6433,l00433,5,2,10,20,2017,True,4,furnished,6.08,True,True
6434,l00434,4,2,4,13,2013,False,0,unfurnished,5.18,True,False
6435,l00435,2,2,12,38,2007,False,0,furnished,7.17,True,True
6436,l00436,2,1,10,34,2022,True,4,furnished,6.46,True,False
6437,l00437,1,1,2,18,2011,False,0,unfurnished,3.24,True,True
6438,l00438,4,4,22,32,2010,False,0,unfurnished,6.79,True,False
6439,l00439,2,4,2,5,2020,True,1,furnished,6.32,True,False
6440,l00440,4,3,17,40,1997,True,2,furnished,7.35,True,False
6441,l00441,4,4,15,20,2011,True,4,furnished,4.99,True,True
6442,l00442,5,1,12,16,2015,True,3,unfurnished,7.38,False,True
6443,l00443,5,4,16,29,2004,True,4,semi-furnished,2.33,False,True
6444,l00444,2,3,7,28,2009,False,0,furnished,4.97,False,True
6446,l00446,4,2,10,28,1998,False,0,furnished,2.17,False,False
6447,l00447,3,3,3,20,2005,True,1,semi-furnished,1.89,False,False
6448,l00448,2,4,15,36,2008,False,0,unfurnished,0.71,True,True
6449,l00449,5,2,16,31,2014,False,0,unfurnished,6.86,True,True
6450,l00450,2,2,6,20,2019,True,3,unfurnished,1.57,False,False
6451,l00451,5,3,18,23,2013,True,2,furnished,1.75,True,True
6452,l00452,1,2,9,36,2013,True,3,semi-furnished,3.24,False,True
6454,l00454,4,3,13,14,2016,True,4,semi-furnished,5.34,False,False
6456,l00456,3,1,3,37,1995,True,0,furnished,3.7,True,False
6457,l00457,5,1,18,33,2014,False,0,unfurnished,4.37,True,False
6458,l00458,1,4,8,11,2008,False,0,semi-furnished,0.79,True,True
6459,l00459,3,3,1,26,1997,True,3,furnished,4.96,False,True
6460,l00460,2,3,13,17,2019,True,4,unfurnished,7.87,False,False
6463,l00463,3,4,2,23,2018,False,0,furnished,6.96,True,True
6464,l00464,5,2,10,27,2023,False,0,furnished,4.06,False,False
6465,l00465,2,1,4,22,2023,True,1,semi-furnished,7.25,True,True
6468,l00468,3,4,14,36,2002,False,0,semi-furnished,2.36,True,True
6469,l00469,5,4,1,12,1999,True,0,unfurnished,3.27,False,False
6471,l00471,1,2,11,20,2003,True,0,semi-furnished,6.83,False,False
6473,l00473,3,3,15,36,2018,True,2,unfurnished,4.62,True,False
6474,l00474,2,2,8,26,2011,True,4,semi-furnished,0.48,False,False
6475,l00475,4,1,14,21,2019,False,0,furnished,5.85,True,True
6476,l00476,3,4,13,36,2016,True,4,semi-furnished,3.25,True,False
6477,l00477,5,3,20,20,2018,True,3,unfurnished,0.37,True,False
6478,l00478,4,1,8,21,2004,True,4,unfurnished,4.05,True,False
6479,l00479,3,2,4,12,2012,True,2,semi-furnished,4.79,False,False
6480,l00480,1,3,4,16,2008,True,3,furnished,6.69,True,False
6481,l00481,4,4,4,10,2017,False,0,unfurnished,1.04,False,True
6482,l00482,1,1,1,34,2000,True,0,unfurnished,6.09,False,True
6483,l00483,2,1,16,27,1996,False,0,semi-furnished,4.11,True,False
6484,l00484,4,1,21,23,1997,True,0,unfurnished,5.12,False,True
6485,l00485,3,2,25,39,2016,False,0,unfurnished,5.23,True,True
6486,l00486,3,1,4,7,1999,True,0,furnished,1.78,False,False
6487,l00487,1,3,7,38,2009,False,0,unfurnished,1.23,True,False
6489,l00489,5,3,9,12,2023,False,0,furnished,7.49,True,False
6491,l00491,1,2,0,39,2014,False,0,semi-furnished,0.5,True,False
6493,l00493,5,4,8,36,2007,True,2,unfurnished,5.73,True,True
6494,l00494,1,4,9,14,2019,False,0,unfurnished,3.35,False,False
6495,l00495,3,3,11,35,2003,False,0,unfurnished,4.22,True,True
6496,l00496,1,2,16,24,1996,True,3,unfurnished,7.24,True,True
6497,l00497,2,1,1,5,2018,False,0,semi-furnished,2.36,True,False
6498,l00498,2,2,20,21,2022,True,2,unfurnished,3.82,True,True
6499,l00499,3,1,12,12,2018,True,0,unfurnished,7.92,True,True
6500,l00500,1,1,2,16,2005,True,3,furnished,2.96,True,True
6502,l00502,5,4,20,33,2009,False,0,furnished,7.59,True,False
6503,l00503,2,4,23,37,2006,True,4,semi-furnished,2.4,False,True
6504,l00504,2,3,4,22,2006,True,4,unfurnished,6.64,False,False
6505,l00505,3,1,0,13,2004,True,3,furnished,0.27,True,True
6507,l00507,1,3,19,38,2017,True,2,furnished,0.59,True,True
6508,l00508,2,2,11,27,1999,True,2,semi-furnished,6.17,True,True
6510,l00510,5,4,19,30,2015,False,0,furnished,6.5,True,True
6511,l00511,5,3,7,33,2014,False,0,unfurnished,7.03,False,False
6512,l00512,1,3,4,15,1995,False,0,semi-furnished,3.59,True,True
6513,l00513,3,2,3,40,1997,True,0,unfurnished,4.78,True,False
6514,l00514,3,3,10,25,2023,False,0,unfurnished,1.1,False,False
6515,l00515,2,1,17,34,2016,False,0,unfurnished,5.66,False,False
6516,l00516,2,3,16,31,2007,False,0,unfurnished,1.82,False,False
6517,l00517,4,1,4,15,2006,False,0,unfurnished,7.6,True,False
6518,l00518,3,2,9,36,2023,True,3,furnished,2.22,True,False
6519,l00519,4,3,15,34,2011,True,0,unfurnished,6.99,True,True
6520,l00520,3,1,3,28,2019,True,2,furnished,2.07,True,True
6521,l00521,1,1,22,24,2013,True,1,semi-furnished,3.38,False,False
6522,l00522,1,4,13,28,2014,True,3,semi-furnished,1.25,False,False
6523,l00523,5,1,7,7,2003,False,0,furnished,0.57,False,False
6525,l00525,3,2,11,40,2019,False,0,furnished,4.57,False,False
6527,l00527,4,2,13,34,2023,True,1,unfurnished,1.95,False,False
6528,l00528,5,4,5,39,2000,True,4,furnished,1.05,True,True
6530,l00530,3,4,23,36,2003,False,0,semi-furnished,5.6,True,False
6531,l00531,2,2,17,39,2006,False,0,semi-furnished,1.25,False,False
6532,l00532,2,2,18,22,2012,True,4,furnished,7.8,False,True
6533,l00533,3,1,9,22,2001,True,4,semi-furnished,2.98,True,False
6534,l00534,2,1,14,40,1998,True,2,unfurnished,5.86,True,True
6535,l00535,4,2,10,22,2005,False,0,semi-furnished,3.39,True,True
6536,l00536,5,4,22,23,2018,True,2,unfurnished,0.82,False,True
6537,l00537,1,1,22,32,2012,False,0,unfurnished,5.77,True,True
6538,l00538,3,2,23,32,2005,True,1,semi-furnished,2.32,False,False
6539,l00539,5,1,21,27,2010,True,2,furnished,0.82,True,False
6540,l00540,4,4,6,13,2000,True,1,semi-furnished,4.76,False,True
6541,l00541,2,1,4,25,2000,True,2,furnished,0.52,True,True
6544,l00544,2,2,4,22,2015,True,1,unfurnished,4.77,True,False
6545,l00545,4,1,9,34,2011,False,0,semi-furnished,6.33,True,True
6546,l00546,2,2,6,18,2011,True,2,furnished,1.76,True,False
6547,l00547,1,2,19,40,2018,False,0,semi-furnished,6.73,False,True
6548,l00548,4,4,11,34,2012,False,0,unfurnished,4.45,False,True
6549,l00549,4,3,2,9,2004,False,0,unfurnished,6.29,True,True
6550,l00550,2,2,13,14,2013,True,4,semi-furnished,4.88,False,False
6551,l00551,2,3,6,25,2023,False,0,semi-furnished,2.99,False,True
6552,l00552,2,2,0,13,2000,False,0,unfurnished,6.04,False,True
6553,l00553,5,4,6,23,2003,True,1,unfurnished,7.63,False,False
6554,l00554,4,4,11,14,1999,False,0,furnished,5.81,True,True
6555,l00555,4,2,0,34,2001,True,0,unfurnished,5.82,True,True
6556,l00556,5,3,7,30,1995,False,0,semi-furnished,0.48,False,False
6558,l00558,5,1,17,23,2006,False,0,unfurnished,4.21,False,True
6559,l00559,5,1,5,16,2007,True,0,semi-furnished,6.7,True,True
6560,l00560,3,4,9,35,2017,False,0,furnished,6.16,True,True
6561,l00561,1,3,13,31,1997,False,0,semi-furnished,1.97,True,False
6562,l00562,4,3,14,16,2023,True,2,unfurnished,5.92,False,True
6563,l00563,5,4,17,32,1996,True,0,furnished,2.42,False,True
6564,l00564,2,4,12,17,2011,False,0,semi-furnished,0.94,True,True
6565,l00565,5,1,17,19,2019,False,0,unfurnished,4.2,False,True
6566,l00566,3,3,22,28,2015,False,0,unfurnished,3.16,False,False
6567,l00567,3,3,6,19,2015,False,0,unfurnished,6.01,False,True
6568,l00568,4,2,24,32,2019,True,4,semi-furnished,0.82,True,False
6569,l00569,3,3,2,35,2021,False,0,unfurnished,6.53,True,False
6570,l00570,1,1,1,14,2018,True,3,semi-furnished,7.25,True,False
6571,l00571,2,3,3,29,2000,True,4,semi-furnished,3.65,True,False
6572,l00572,3,1,1,15,2009,False,0,unfurnished,4.2,False,True
6573,l00573,5,3,1,36,2012,False,0,semi-furnished,6.63,False,False
6574,l00574,5,2,2,10,2022,False,0,furnished,1.27,False,False
6575,l00575,3,2,8,16,2005,False,0,furnished,3.32,True,False
6576,l00576,3,1,23,40,2004,True,1,unfurnished,4.29,False,False
6577,l00577,3,3,13,27,1997,False,0,unfurnished,6.42,False,False
6578,l00578,4,2,9,33,1996,True,2,furnished,6.52,False,False
6579,l00579,1,2,4,6,2023,False,0,furnished,4.43,True,False
6580,l00580,4,2,20,27,1998,True,4,semi-furnished,5.86,True,False
6581,l00581,2,4,19,21,2014,True,4,semi-furnished,7.99,False,True
6582,l00582,1,4,23,30,2016,True,3,semi-furnished,6.3,True,True
6583,l00583,1,3,21,39,1996,False,0,semi-furnished,2.42,True,True
6584,l00584,1,1,8,16,2012,False,0,unfurnished,0.26,False,False
6585,l00585,1,1,17,19,2017,True,3,unfurnished,4.56,False,True
6587,l00587,5,3,8,26,2014,False,0,furnished,3.32,False,True
6588,l00588,4,4,2,8,2007,False,0,semi-furnished,4.23,False,True
6589,l00589,3,4,9,10,2002,True,3,unfurnished,7.44,True,True
6590,l00590,3,1,7,20,2007,False,0,unfurnished,3.0,False,False
6591,l00591,5,3,11,31,2002,False,0,furnished,1.88,True,False
6592,l00592,4,4,1,7,1998,False,0,furnished,5.87,True,False
6593,l00593,1,3,15,39,2020,True,2,furnished,3.53,False,False
6594,l00594,1,4,11,18,2001,True,4,semi-furnished,6.88,False,True
6595,l00595,1,3,10,25,2009,True,1,unfurnished,6.94,True,True
6596,l00596,5,1,17,22,2010,True,3,unfurnished,1.59,True,True
6597,l00597,2,3,21,24,2004,True,0,unfurnished,7.45,True,True
6599,l00599,5,1,19,38,2012,True,0,unfurnished,0.4,False,False
6600,l00600,3,3,6,10,2008,True,3,furnished,2.44,True,True
6602,l00602,4,4,19,32,2018,False,0,furnished,7.72,False,True
6603,l00603,1,3,0,29,1996,True,1,furnished,1.5,False,True
6605,l00605,4,2,6,34,2015,True,4,furnished,7.92,False,False
6606,l00606,2,4,19,20,2014,False,0,semi-furnished,6.6,True,True
6607,l00607,3,3,15,21,2010,True,1,unfurnished,1.76,True,False
6608,l00608,2,1,16,20,2014,False,0,unfurnished,6.63,True,True
6609,l00609,4,4,4,31,2015,False,0,semi-furnished,4.12,True,False
6611,l00611,2,4,3,26,2016,False,0,unfurnished,5.77,False,True
6612,l00612,5,4,15,29,2002,True,1,furnished,7.38,False,True
6614,l00614,2,3,0,22,2001,False,0,furnished,5.57,True,False
6615,l00615,3,2,19,21,2002,True,4,semi-furnished,7.64,False,False
6616,l00616,2,1,9,26,2003,True,4,furnished,4.14,False,False
6617,l00617,1,1,8,19,1999,False,0,unfurnished,5.73,False,False
6618,l00618,5,3,16,20,2019,False,0,unfurnished,2.04,False,True
6619,l00619,3,3,21,37,1998,False,0,furnished,6.34,False,False
6620,l00620,2,2,9,17,2002,True,2,semi-furnished,0.37,True,False
6622,l00622,2,4,20,33,2006,False,0,furnished,7.96,True,True
6623,l00623,1,3,6,36,1997,False,0,furnished,7.14,False,False
6624,l00624,1,4,3,19,2001,True,3,unfurnished,2.72,True,False
6625,l00625,4,2,21,33,2006,False,0,unfurnished,1.55,True,True
6627,l00627,5,1,22,27,2011,False,0,semi-furnished,3.53,False,False
6630,l00630,5,3,10,24,2009,True,2,furnished,7.26,False,True
6631,l00631,5,3,17,17,2012,False,0,furnished,3.64,False,True
6632,l00632,3,3,22,40,1999,False,0,semi-furnished,1.87,True,False
6633,l00633,5,3,23,31,2001,True,0,unfurnished,6.76,False,True
6634,l00634,4,1,14,16,2005,True,1,unfurnished,2.2,False,True
6635,l00635,1,4,15,20,2012,True,2,furnished,7.89,True,True
6638,l00638,1,1,23,39,2011,False,0,semi-furnished,7.66,False,True
6639,l00639,3,4,4,17,2022,False,0,semi-furnished,7.27,False,True
6641,l00641,3,4,2,39,1998,False,0,furnished,5.13,True,True
6642,l00642,5,3,0,34,1998,False,0,furnished,5.71,False,True
6643,l00643,1,1,16,22,1998,False,0,furnished,0.86,False,False
6644,l00644,2,2,21,39,2003,True,3,unfurnished,4.07,False,True
6645,l00645,3,2,1,8,2007,False,0,semi-furnished,5.75,True,False
6647,l00647,5,3,4,37,2016,False,0,furnished,1.78,False,True
6648,l00648,1,2,10,22,2016,True,1,semi-furnished,3.97,False,True
6649,l00649,2,1,14,27,1999,True,1,unfurnished,0.97,False,False
6650,l00650,3,4,16,40,2001,False,0,furnished,3.9,True,False
6651,l00651,1,2,22,25,2021,False,0,unfurnished,0.74,True,True
6652,l00652,2,1,14,24,2021,False,0,furnished,4.53,True,False
6653,l00653,4,2,4,9,2011,True,2,furnished,6.67,False,False
6654,l00654,3,1,16,40,2021,True,4,unfurnished,7.46,False,False
6656,l00656,5,4,24,31,2009,False,0,unfurnished,7.49,False,True
6657,l00657,4,2,4,32,2022,True,1,unfurnished,3.74,False,False
6658,l00658,2,1,15,39,2005,True,0,furnished,2.18,True,False
6659,l00659,5,1,12,14,2003,True,1,unfurnished,3.14,False,False
6661,l00661,2,4,5,28,2012,True,1,unfurnished,5.27,False,True
6662,l00662,1,1,21,38,2021,True,1,semi-furnished,6.06,True,False
6663,l00663,3,2,8,31,2001,True,3,furnished,2.47,False,False
6664,l00664,3,1,5,20,1996,False,0,furnished,0.76,True,False
6665,l00665,2,3,21,38,2019,False,0,furnished,2.09,True,False
6666,l00666,5,3,0,25,2022,False,0,semi-furnished,5.1,False,False
6667,l00667,5,3,15,37,2018,False,0,semi-furnished,7.21,True,False
6668,l00668,5,4,5,13,1996,False,0,furnished,5.4,True,False
6669,l00669,1,1,16,26,2022,False,0,semi-furnished,5.31,False,False
6671,l00671,5,4,3,21,2000,True,2,furnished,3.84,True,False
6672,l00672,1,3,8,15,2004,False,0,unfurnished,3.44,True,False
6674,l00674,5,1,13,19,2001,True,4,unfurnished,3.47,True,True
6675,l00675,2,1,11,27,1995,True,3,furnished,5.25,True,True
6676,l00676,3,4,6,25,2020,True,1,furnished,6.83,True,True
6678,l00678,2,2,9,34,2010,True,3,unfurnished,1.76,True,True
6679,l00679,4,3,14,26,2008,True,0,unfurnished,7.85,False,False
6680,l00680,5,2,10,20,2020,False,0,furnished,6.78,False,False
6681,l00681,4,3,9,10,2000,False,0,furnished,2.21,False,True
6682,l00682,4,4,14,22,2002,False,0,furnished,1.63,False,False
6683,l00683,3,2,11,39,2015,True,1,furnished,1.0,True,True
6685,l00685,3,3,11,11,2003,False,0,furnished,0.6,True,False
6687,l00687,1,3,19,19,2003,False,0,furnished,2.37,True,False
6688,l00688,5,3,15,18,2023,False,0,unfurnished,3.6,True,False
6689,l00689,1,2,1,10,2004,True,4,semi-furnished,4.43,False,True
6690,l00690,1,3,13,31,2006,False,0,unfurnished,1.84,False,False
6691,l00691,4,4,8,23,2011,True,3,semi-furnished,5.64,False,True
6692,l00692,1,3,0,23,1999,False,0,furnished,1.94,True,False
6693,l00693,3,3,23,25,2000,True,2,semi-furnished,0.73,False,False
6694,l00694,4,4,13,28,1999,False,0,unfurnished,4.26,False,True
6695,l00695,2,3,0,10,2003,True,4,unfurnished,1.97,True,True
6696,l00696,5,1,3,17,2019,False,0,furnished,1.66,False,False
6698,l00698,4,4,3,32,2004,True,1,semi-furnished,3.31,True,False
6699,l00699,3,4,13,30,2018,True,4,unfurnished,4.14,False,True
6702,l00702,4,3,3,24,2023,True,1,unfurnished,2.74,True,True
6703,l00703,3,1,0,5,1995,True,0,semi-furnished,1.67,True,False
6705,l00705,3,3,4,35,1999,False,0,semi-furnished,1.64,False,False
6706,l00706,5,2,2,40,2013,True,2,unfurnished,3.51,False,False
6708,l00708,2,4,25,36,2002,True,2,furnished,2.48,False,True
6709,l00709,5,2,11,18,2011,True,0,unfurnished,3.65,False,True
6711,l00711,2,1,12,39,2014,False,0,furnished,0.85,True,True
6712,l00712,2,2,6,6,2005,False,0,furnished,6.91,False,False
6713,l00713,3,2,14,36,2016,False,0,furnished,5.48,True,False
6714,l00714,4,4,3,28,2013,False,0,unfurnished,0.5,False,False
6717,l00717,5,1,13,24,2012,True,4,semi-furnished,6.69,False,False
6718,l00718,3,3,21,32,1995,True,1,semi-furnished,5.88,False,True
6719,l00719,1,2,10,16,2002,False,0,unfurnished,7.78,True,True
6720,l00720,5,3,22,34,2006,True,0,furnished,2.65,False,False
6721,l00721,1,2,19,22,2022,True,4,unfurnished,5.54,True,False
6725,l00725,3,3,7,16,2003,True,0,semi-furnished,5.19,False,False
6726,l00726,2,3,6,37,2013,True,4,furnished,2.89,True,False
6727,l00727,3,2,3,26,2016,False,0,unfurnished,0.67,False,True
6728,l00728,3,4,7,20,1995,False,0,furnished,2.05,False,True
6729,l00729,2,3,16,40,2020,True,1,furnished,0.79,True,False
6730,l00730,4,2,11,28,2007,True,3,semi-furnished,6.73,False,True
6731,l00731,1,3,3,11,2016,False,0,unfurnished,2.33,True,False
6732,l00732,2,2,9,38,2009,True,1,unfurnished,4.57,True,False
6733,l00733,1,2,9,18,1999,True,0,unfurnished,7.19,True,True
6734,l00734,5,1,17,29,1995,True,1,semi-furnished,4.75,True,False
6736,l00736,2,1,3,33,2013,True,2,unfurnished,4.27,True,False
6737,l00737,1,3,3,14,2009,False,0,furnished,3.29,False,True
6738,l00738,4,1,5,36,2016,False,0,semi-furnished,7.27,False,True
6740,l00740,2,4,8,13,2005,False,0,unfurnished,6.5,False,False
6741,l00741,1,2,1,16,2020,True,1,furnished,5.15,True,True
6742,l00742,1,2,12,31,2020,True,0,furnished,1.74,False,True
6743,l00743,3,1,4,10,2021,True,0,semi-furnished,2.76,False,True
6744,l00744,5,2,3,25,2002,True,1,furnished,0.72,True,True
6746,l00746,1,1,14,28,2000,False,0,semi-furnished,2.64,True,True
6747,l00747,4,2,16,23,2011,False,0,unfurnished,0.2,True,False
6750,l00750,3,1,10,21,2015,False,0,unfurnished,5.47,False,True
6751,l00751,2,2,10,29,2008,True,0,furnished,4.98,False,False
6752,l00752,1,3,16,22,2022,False,0,semi-furnished,5.55,True,False
6754,l00754,5,1,8,11,2015,True,4,semi-furnished,5.06,True,True
6756,l00756,3,2,4,36,2003,True,0,semi-furnished,4.55,False,False
6757,l00757,3,4,14,34,1996,True,3,semi-furnished,7.67,True,True
6758,l00758,4,3,7,37,2000,False,0,semi-furnished,5.49,True,False
6759,l00759,4,4,11,37,2005,False,0,furnished,1.6,True,True
6760,l00760,5,1,17,37,2019,False,0,semi-furnished,4.59,True,False
6761,l00761,4,3,8,34,2003,False,0,furnished,1.58,True,True
6763,l00763,2,2,2,28,2010,True,3,semi-furnished,5.12,False,True
6766,l00766,3,4,2,10,2023,True,0,unfurnished,4.85,False,False
6768,l00768,4,1,22,34,1995,False,0,unfurnished,4.71,False,False
6769,l00769,2,3,18,25,2003,True,4,unfurnished,1.41,False,True
6770,l00770,4,2,17,30,1996,False,0,furnished,2.91,True,False
6771,l00771,5,2,2,15,2006,False,0,furnished,4.27,True,True
6772,l00772,1,4,11,12,2002,True,2,unfurnished,3.0,True,True
6773,l00773,3,3,7,13,2003,False,0,furnished,4.29,True,True
6774,l00774,4,4,22,24,1999,False,0,unfurnished,7.69,False,True
6775,l00775,1,3,12,24,2010,False,0,furnished,4.37,True,False
6776,l00776,4,4,5,12,2014,False,0,semi-furnished,6.21,True,True
6777,l00777,1,1,9,29,2022,False,0,furnished,4.25,True,False
6779,l00779,3,1,7,11,2003,True,4,furnished,6.72,True,False
6780,l00780,3,2,9,29,2017,True,1,unfurnished,4.46,True,True
6781,l00781,3,2,6,9,2008,False,0,unfurnished,5.74,False,False
6782,l00782,5,1,3,16,2023,True,0,furnished,7.99,False,False
6784,l00784,2,4,11,14,2003,False,0,semi-furnished,5.57,False,False
6785,l00785,5,2,6,11,1996,False,0,furnished,7.22,False,False
6786,l00786,2,2,21,26,2016,True,3,furnished,0.43,False,False
6787,l00787,3,2,4,19,2023,True,4,unfurnished,3.55,False,False
6788,l00788,1,3,7,11,2005,True,3,semi-furnished,1.06,False,False
6789,l00789,5,2,12,18,2022,False,0,furnished,0.68,True,False
6791,l00791,5,4,23,28,2002,False,0,unfurnished,1.57,False,False
6793,l00793,5,2,1,33,1999,False,0,unfurnished,5.4,False,True
6794,l00794,2,1,7,24,2018,True,4,furnished,7.19,True,False
6795,l00795,4,2,22,39,2013,False,0,furnished,6.72,False,False
6796,l00796,5,2,7,10,2012,False,0,semi-furnished,5.17,True,True
6797,l00797,5,2,19,39,2012,False,0,unfurnished,0.76,False,True
6798,l00798,2,4,9,15,2011,False,0,unfurnished,7.14,True,True
6800,l00800,3,3,9,17,2002,True,4,furnished,6.91,False,True
6801,l00801,4,4,11,20,1999,True,0,furnished,2.07,False,False
6802,l00802,1,1,6,16,2023,False,0,furnished,7.32,False,True
6803,l00803,5,3,4,21,2004,False,0,semi-furnished,5.21,False,False
6804,l00804,3,1,23,39,2018,False,0,unfurnished,2.45,True,True
6806,l00806,3,4,16,39,2015,True,4,unfurnished,7.09,True,True
6808,l00808,4,4,19,40,2015,True,1,furnished,2.46,False,True
6809,l00809,5,1,5,35,2006,True,4,furnished,1.35,False,True
6810,l00810,1,4,9,20,2008,False,0,semi-furnished,5.43,True,False
6813,l00813,1,4,0,9,2016,False,0,semi-furnished,5.42,False,True
6815,l00815,1,1,0,37,2000,False,0,semi-furnished,0.44,True,True
6817,l00817,4,1,6,35,2004,True,3,semi-furnished,7.56,True,False
6819,l00819,3,2,16,36,2011,True,0,unfurnished,3.91,True,False
6821,l00821,5,4,12,27,2019,True,3,furnished,6.79,True,False
6822,l00822,1,1,19,19,2003,False,0,unfurnished,3.42,True,False
6823,l00823,4,2,13,33,2019,True,2,furnished,6.78,False,True
6824,l00824,3,4,9,19,2020,True,1,unfurnished,4.56,False,False
6825,l00825,2,3,7,24,2019,True,1,furnished,1.46,True,True
6826,l00826,2,4,0,22,1997,False,0,semi-furnished,7.22,False,True
6827,l00827,3,2,17,32,2016,True,1,furnished,5.93,False,False
6828,l00828,5,3,6,6,2015,True,3,semi-furnished,1.44,True,False
6829,l00829,2,2,0,17,2014,False,0,furnished,6.84,True,False
6830,l00830,3,1,16,29,2014,False,0,unfurnished,3.02,False,False
6831,l00831,1,4,8,27,1998,False,0,furnished,5.71,True,True
6833,l00833,2,1,15,37,2015,True,4,unfurnished,2.0,True,False
6834,l00834,2,2,3,35,1995,True,2,furnished,6.47,True,True
6835,l00835,1,2,16,40,2013,False,0,semi-furnished,3.58,True,True
6836,l00836,1,4,21,22,2011,False,0,furnished,2.23,False,False
6838,l00838,4,4,25,34,2016,True,4,furnished,6.6,False,True
6840,l00840,4,3,12,26,2015,True,0,unfurnished,1.47,True,True
6841,l00841,2,3,12,33,2001,True,2,furnished,3.78,True,False
6842,l00842,1,4,5,9,2003,False,0,semi-furnished,7.89,True,True
6843,l00843,2,1,0,10,1996,False,0,furnished,1.48,False,False
6845,l00845,4,3,12,22,2004,True,3,unfurnished,3.51,True,True
6846,l00846,1,1,13,21,2006,True,2,semi-furnished,4.82,False,False
6847,l00847,2,1,0,7,1997,True,2,semi-furnished,5.76,True,True
6848,l00848,2,4,4,30,2000,True,0,furnished,5.94,False,False
6849,l00849,2,1,0,21,2021,True,4,unfurnished,5.39,False,True
6850,l00850,1,1,1,11,2002,False,0,semi-furnished,4.95,True,True
6852,l00852,5,2,9,39,2015,True,2,unfurnished,1.09,True,True
6854,l00854,3,1,2,19,2013,True,4,unfurnished,7.05,True,True
6858,l00858,4,2,11,31,2005,False,0,semi-furnished,3.2,False,True
6859,l00859,1,4,18,23,2006,False,0,semi-furnished,3.22,False,True
6861,l00861,2,2,8,19,2010,False,0,semi-furnished,7.15,True,False
6862,l00862,2,4,9,11,2021,False,0,furnished,2.59,False,True
6863,l00863,3,3,15,18,2011,False,0,unfurnished,1.25,False,True
6864,l00864,4,3,2,15,2007,False,0,unfurnished,2.77,True,True
6865,l00865,2,4,5,32,2005,True,3,furnished,5.94,True,True
6867,l00867,1,4,2,9,2000,True,3,furnished,5.27,True,False
6868,l00868,3,2,7,33,2006,True,3,unfurnished,3.25,True,True
6869,l00869,3,4,5,16,2008,True,2,unfurnished,3.39,False,True
6870,l00870,4,4,6,15,2005,True,4,semi-furnished,3.92,True,False
6871,l00871,3,2,14,30,2005,False,0,furnished,1.05,False,False
6872,l00872,4,4,22,25,1998,False,0,furnished,6.71,False,True
6873,l00873,5,3,20,39,2013,False,0,unfurnished,2.12,True,False
6874,l00874,1,1,14,17,2019,True,3,furnished,1.05,True,True
6875,l00875,1,3,23,27,2000,False,0,unfurnished,3.75,False,True
6876,l00876,1,2,5,38,2022,False,0,unfurnished,3.68,False,False
6877,l00877,1,4,19,21,2012,False,0,furnished,3.74,True,True
6878,l00878,2,3,11,35,2001,True,3,unfurnished,2.81,False,True
6879,l00879,5,4,24,40,2013,False,0,semi-furnished,2.68,False,False
6880,l00880,3,1,4,24,2012,True,1,unfurnished,6.1,True,False
6881,l00881,1,2,22,34,2018,False,0,unfurnished,0.2,False,False
6882,l00882,2,2,8,8,2008,False,0,unfurnished,5.77,True,True
6883,l00883,2,4,17,24,2014,True,0,furnished,5.51,True,True
6884,l00884,3,3,22,26,2016,False,0,semi-furnished,5.06,True,False
6885,l00885,4,3,7,38,2009,False,0,unfurnished,7.97,True,True
6887,l00887,5,4,8,23,2012,True,0,furnished,0.74,True,False
6888,l00888,2,4,8,23,2010,False,0,furnished,0.73,True,False
6890,l00890,5,2,15,23,2018,False,0,semi-furnished,6.71,True,True
6891,l00891,3,3,16,34,2023,True,1,furnished,4.22,False,True
6892,l00892,5,1,19,33,2020,False,0,furnished,4.54,False,False
6895,l00895,3,2,3,28,2001,False,0,unfurnished,7.59,False,True
6896,l00896,4,3,21,35,2012,True,4,semi-furnished,7.47,False,True
6897,l00897,4,2,8,13,2023,True,1,semi-furnished,0.49,True,False
6898,l00898,3,1,13,32,2007,True,4,semi-furnished,2.47,False,True
6899,l00899,3,2,1,34,2011,True,4,semi-furnished,4.66,False,True
6900,l00900,4,2,4,12,2015,False,0,furnished,6.36,False,False
6901,l00901,5,3,16,36,1997,True,0,furnished,0.53,False,True
6902,l00902,3,1,23,35,2020,True,4,unfurnished,5.1,False,False
6903,l00903,4,3,14,37,2002,False,0,semi-furnished,7.15,False,True
6905,l00905,5,1,13,20,2007,True,4,semi-furnished,5.59,True,True
6906,l00906,5,2,22,25,2023,True,2,furnished,7.69,False,False
6907,l00907,4,4,4,27,1996,True,0,unfurnished,0.58,False,True
6908,l00908,3,1,3,34,2019,True,2,semi-furnished,3.16,True,False
6909,l00909,3,3,13,25,2013,False,0,semi-furnished,5.33,False,False
6911,l00911,4,1,12,34,2006,False,0,unfurnished,4.79,True,False
6912,l00912,2,4,21,36,2021,True,0,unfurnished,1.52,False,True
6913,l00913,1,3,3,6,2006,False,0,furnished,5.15,False,True
6915,l00915,3,3,22,36,2015,False,0,unfurnished,2.29,True,False
6916,l00916,3,3,18,23,2009,False,0,unfurnished,2.84,True,False
6917,l00917,2,4,1,5,2008,False,0,unfurnished,6.9,True,True
6919,l00919,1,3,1,23,2021,False,0,furnished,1.66,False,False
6920,l00920,1,4,3,10,2017,True,1,furnished,2.69,True,True
6921,l00921,1,4,11,22,2007,True,2,semi-furnished,3.31,False,False
6923,l00923,5,1,10,25,2019,True,4,unfurnished,5.44,True,True
6925,l00925,3,3,7,18,2001,False,0,unfurnished,1.56,True,True
6926,l00926,4,1,0,40,2020,True,0,unfurnished,4.65,False,False
6927,l00927,3,2,11,22,2006,False,0,furnished,5.19,True,False
6928,l00928,1,3,1,15,2016,False,0,semi-furnished,5.72,False,False
6929,l00929,3,2,21,29,2020,False,0,furnished,5.81,False,True
6930,l00930,5,3,1,20,2020,False,0,unfurnished,6.2,True,True
6931,l00931,2,3,13,25,2005,False,0,unfurnished,4.02,True,True
6933,l00933,2,3,1,9,2019,True,2,furnished,4.6,True,True
6934,l00934,3,1,16,37,2001,True,4,furnished,2.52,False,False
6935,l00935,4,4,10,36,2019,False,0,unfurnished,3.78,False,False
6936,l00936,5,1,15,32,2020,True,0,semi-furnished,7.39,True,False
6937,l00937,1,3,22,34,2015,True,1,unfurnished,6.49,False,True
6938,l00938,1,2,0,40,2005,True,3,furnished,3.13,True,True
6939,l00939,5,1,2,23,2019,False,0,furnished,5.61,True,False
6940,l00940,3,4,11,31,2021,True,1,unfurnished,7.31,False,True
6942,l00942,5,1,11,27,2016,False,0,unfurnished,6.99,True,False
6943,l00943,5,4,20,40,2015,False,0,unfurnished,4.79,False,False
6944,l00944,1,2,19,19,2004,True,0,unfurnished,4.57,False,False
6945,l00945,5,3,4,6,2008,False,0,semi-furnished,3.88,False,False
6947,l00947,5,4,1,21,2009,True,2,unfurnished,2.53,False,True
6948,l00948,3,4,24,30,2006,False,0,unfurnished,0.32,False,False
6949,l00949,3,1,14,19,2011,False,0,semi-furnished,7.36,True,False
6952,l00952,4,3,6,12,2016,True,1,semi-furnished,3.8,False,True
6954,l00954,5,1,4,5,2005,True,1,semi-furnished,4.71,False,False
6956,l00956,1,1,17,33,1999,False,0,furnished,7.82,False,True
6957,l00957,5,4,11,20,2005,False,0,furnished,2.53,False,True
6958,l00958,2,3,25,26,1999,False,0,furnished,7.16,True,False
6960,l00960,1,1,10,10,2016,False,0,furnished,1.44,False,False
6961,l00961,1,2,0,7,2013,True,0,semi-furnished,3.97,False,True
6963,l00963,1,2,15,36,2023,True,4,unfurnished,1.74,True,False
6966,l00966,2,4,22,35,1995,True,3,furnished,2.2,False,False
6967,l00967,2,4,2,16,2000,True,1,furnished,4.8,True,False
6969,l00969,2,3,2,14,2013,True,4,furnished,5.73,True,False
6970,l00970,1,4,0,21,2009,False,0,semi-furnished,1.77,True,True
6972,l00972,1,2,6,33,2005,False,0,unfurnished,1.63,False,False
6973,l00973,1,4,7,21,2018,False,0,unfurnished,1.76,True,True
6975,l00975,5,2,20,38,2010,True,4,unfurnished,4.83,True,True
6976,l00976,1,1,12,32,2023,False,0,unfurnished,4.28,True,False
6977,l00977,3,4,16,28,2022,False,0,furnished,4.49,False,False
6978,l00978,4,3,0,18,2002,False,0,semi-furnished,3.46,True,False
6979,l00979,2,3,8,36,1999,False,0,semi-furnished,7.57,True,True
6980,l00980,3,2,11,18,2011,True,1,furnished,4.62,True,True
6981,l00981,4,3,6,33,2002,True,4,semi-furnished,2.25,False,True
6982,l00982,4,1,4,34,2020,True,2,unfurnished,2.67,False,False
6983,l00983,2,2,13,21,2021,False,0,semi-furnished,5.38,False,True
6984,l00984,1,1,25,30,2001,False,0,furnished,7.26,True,True
6985,l00985,3,1,4,12,1999,False,0,semi-furnished,2.17,True,False
6986,l00986,5,4,9,33,2020,True,0,unfurnished,6.61,True,False
6987,l00987,3,4,4,8,1995,True,3,semi-furnished,7.93,False,False
6988,l00988,3,3,4,33,1997,False,0,unfurnished,3.83,True,True
6989,l00989,4,3,1,21,1999,True,2,unfurnished,5.95,True,True
6990,l00990,2,3,5,37,2006,True,3,furnished,1.83,True,True
6991,l00991,3,2,13,16,2014,False,0,furnished,2.93,False,True
6992,l00992,3,3,10,26,2011,True,0,unfurnished,7.52,True,True
6993,l00993,3,3,5,34,2016,True,1,semi-furnished,6.69,True,False
6994,l00994,4,3,3,19,2000,False,0,semi-furnished,0.53,True,True
6995,l00995,1,4,3,12,2003,True,4,semi-furnished,0.7,True,False
6998,l00998,4,1,10,27,2003,True,2,furnished,7.66,True,True
6999,l00999,2,2,6,36,2009,False,0,furnished,4.06,True,False
7000,l01000,4,2,24,39,2021,True,3,semi-furnished,6.45,True,False
7001,l01001,5,3,8,25,2008,True,4,furnished,7.14,True,True
7002,l01002,5,2,25,30,2021,True,2,unfurnished,5.75,False,False
7003,l01003,3,3,5,39,1997,True,4,unfurnished,5.57,False,True
7004,l01004,1,1,24,31,2019,False,0,semi-furnished,5.12,True,True
7005,l01005,2,4,19,34,1998,False,0,furnished,5.02,False,False
7007,l01007,3,4,15,19,2022,True,4,furnished,5.34,False,True
7008,l01008,2,2,8,20,2023,False,0,unfurnished,6.41,False,True
7009,l01009,3,4,22,36,2023,False,0,unfurnished,0.77,True,False
7010,l01010,2,4,18,34,2003,True,3,furnished,1.26,True,False
7011,l01011,5,2,23,31,1997,False,0,furnished,0.5,False,True
7012,l01012,1,2,21,35,2021,False,0,furnished,3.19,False,True
7014,l01014,3,3,4,6,1995,False,0,semi-furnished,4.96,False,True
7015,l01015,4,3,12,28,2005,True,3,semi-furnished,6.9,True,True
7016,l01016,2,2,4,35,2018,False,0,semi-furnished,2.53,False,True
7018,l01018,1,4,6,26,1997,True,4,unfurnished,5.37,False,True
7019,l01019,4,2,6,19,2016,False,0,furnished,1.63,False,True
7020,l01020,2,1,7,16,2018,True,0,unfurnished,0.71,False,True
7021,l01021,3,3,3,14,2018,True,2,furnished,4.32,True,False
7023,l01023,1,1,3,33,2007,True,3,unfurnished,2.33,False,True
7024,l01024,5,4,11,33,2001,False,0,unfurnished,0.77,True,False
7025,l01025,3,3,12,34,1998,False,0,semi-furnished,1.68,False,True
7026,l01026,4,4,16,30,1997,True,4,unfurnished,3.04,True,False
7027,l01027,5,4,0,39,2008,False,0,furnished,0.36,False,False
7029,l01029,2,3,3,17,2005,True,2,unfurnished,1.09,False,True
7031,l01031,3,3,13,40,2008,True,3,unfurnished,7.69,False,True
7033,l01033,3,2,22,23,2020,False,0,furnished,1.98,False,True
7034,l01034,3,1,21,31,1997,False,0,semi-furnished,6.52,True,True
7035,l01035,4,4,0,14,2004,False,0,unfurnished,1.96,False,False
7036,l01036,1,2,0,14,2007,False,0,unfurnished,0.58,True,False
7037,l01037,2,2,0,10,2013,True,2,unfurnished,2.8,True,False
7038,l01038,5,1,8,22,2020,False,0,unfurnished,0.2,True,False
7039,l01039,5,1,8,11,1998,False,0,unfurnished,1.2,False,True
7040,l01040,1,4,3,12,1997,True,2,furnished,4.58,False,False
7041,l01041,5,3,1,30,2004,False,0,semi-furnished,1.14,False,True
7043,l01043,1,3,13,31,1996,True,4,furnished,1.13,True,True
7044,l01044,2,2,17,17,2006,False,0,semi-furnished,2.44,True,True
7045,l01045,2,3,5,13,1995,True,1,unfurnished,6.17,True,True
7048,l01048,1,1,24,36,2021,False,0,unfurnished,6.57,True,True
7049,l01049,5,1,2,32,2018,True,3,unfurnished,5.85,False,True
7050,l01050,4,2,7,16,2023,False,0,furnished,3.31,False,False
7052,l01052,1,3,10,24,2001,True,4,unfurnished,7.31,True,True
7053,l01053,1,3,20,32,1996,True,3,furnished,4.8,True,False
7054,l01054,1,2,5,17,2015,False,0,semi-furnished,4.65,True,True
7055,l01055,5,1,19,37,2005,True,1,furnished,5.91,False,False
7056,l01056,1,3,5,31,1999,True,0,furnished,3.38,False,False
7057,l01057,1,1,1,23,2013,False,0,furnished,5.2,False,False
7058,l01058,3,2,7,26,2000,False,0,semi-furnished,6.44,True,False
7059,l01059,1,2,20,21,1998,True,1,furnished,6.48,False,True
7060,l01060,3,4,10,15,2019,False,0,unfurnished,0.56,False,False
7061,l01061,1,2,3,30,2018,False,0,furnished,1.48,False,True
7062,l01062,5,2,11,21,2016,True,2,furnished,6.72,True,False
7063,l01063,3,1,6,38,2007,True,3,semi-furnished,0.5,True,True
7065,l01065,1,2,21,24,1995,False,0,unfurnished,6.97,True,True
7067,l01067,3,3,0,20,2018,False,0,unfurnished,1.55,False,True
7068,l01068,2,1,20,39,2001,False,0,unfurnished,5.02,True,False
7070,l01070,3,3,5,27,2006,True,2,unfurnished,3.13,False,False
7071,l01071,1,3,15,18,2002,False,0,unfurnished,3.8,False,False
7072,l01072,5,1,4,7,2023,False,0,semi-furnished,7.69,True,False
7075,l01075,1,3,20,38,2003,True,3,semi-furnished,7.99,False,True
7076,l01076,3,4,17,38,2014,True,2,unfurnished,6.45,False,False
7077,l01077,1,2,1,15,2005,True,4,unfurnished,2.41,False,False
7078,l01078,5,2,15,23,2012,False,0,semi-furnished,5.62,True,True
7079,l01079,3,2,21,33,1996,False,0,semi-furnished,3.83,False,True
7080,l01080,4,1,11,17,2016,True,3,unfurnished,4.2,False,False
7081,l01081,3,3,6,14,2005,False,0,unfurnished,6.66,True,False
7083,l01083,2,2,4,37,2023,False,0,semi-furnished,2.59,True,False
7084,l01084,2,2,3,12,2015,True,1,semi-furnished,6.37,False,False
7085,l01085,3,4,2,39,2019,True,2,unfurnished,2.46,False,True
7086,l01086,5,4,0,30,2001,False,0,furnished,4.18,True,False
7087,l01087,3,4,6,32,1995,False,0,semi-furnished,2.5,False,False
7088,l01088,4,4,11,12,2001,True,2,unfurnished,6.6,True,True
7089,l01089,2,4,12,19,2017,False,0,furnished,6.76,True,False
7090,l01090,5,3,21,34,2021,True,4,unfurnished,5.71,False,False
7091,l01091,4,3,17,26,2019,False,0,semi-furnished,7.85,False,True
7092,l01092,4,3,10,13,2013,True,3,semi-furnished,0.75,False,True
7094,l01094,4,4,24,33,2004,False,0,furnished,1.18,True,True
7095,l01095,5,2,5,39,2010,True,2,semi-furnished,2.21,False,False
7096,l01096,3,1,11,26,2007,True,4,semi-furnished,2.34,False,True
7099,l01099,3,2,6,18,2000,False,0,furnished,3.01,False,False
7100,l01100,3,1,2,16,2015,True,2,unfurnished,3.64,True,True
7101,l01101,1,1,16,37,2023,False,0,furnished,2.81,False,False
7102,l01102,3,4,0,21,2017,True,3,semi-furnished,2.64,False,True
7103,l01103,2,2,25,26,2019,True,4,semi-furnished,5.29,False,True
7104,l01104,2,4,4,22,1995,False,0,unfurnished,0.64,False,True
7107,l01107,3,4,14,25,2023,False,0,semi-furnished,2.16,True,False
7108,l01108,5,4,18,36,2008,False,0,furnished,7.39,False,True
7109,l01109,5,3,2,5,1997,True,2,furnished,7.82,True,True
7110,l01110,2,2,15,19,2017,True,3,semi-furnished,3.14,True,True
7113,l01113,4,4,11,19,2007,False,0,semi-furnished,2.95,False,True
7115,l01115,1,3,9,13,2002,False,0,unfurnished,7.33,False,False
7116,l01116,4,4,0,23,2023,True,3,semi-furnished,0.81,True,False
7117,l01117,2,2,18,34,1996,True,1,semi-furnished,1.94,True,False
7119,l01119,2,4,24,38,2005,False,0,semi-furnished,4.04,True,True
7120,l01120,3,4,4,13,2002,False,0,unfurnished,4.32,False,True
7121,l01121,4,4,25,25,2015,True,3,semi-furnished,6.66,True,True
7122,l01122,3,2,16,29,1997,False,0,unfurnished,5.18,True,True
7123,l01123,4,1,24,31,1998,False,0,furnished,2.68,True,False
7124,l01124,2,2,6,26,2001,False,0,furnished,7.82,True,True
7125,l01125,5,4,2,14,2012,False,0,unfurnished,3.2,False,True
7126,l01126,2,1,1,27,2008,True,3,furnished,2.0,False,True
7128,l01128,4,2,2,27,2010,True,0,furnished,5.24,True,False
7129,l01129,2,2,3,12,2019,False,0,furnished,7.54,True,True
7131,l01131,5,1,14,18,1997,True,3,furnished,0.49,False,False
7132,l01132,1,2,9,30,1999,True,4,semi-furnished,1.26,True,False
7133,l01133,2,1,5,37,2009,True,3,furnished,3.67,True,False
7134,l01134,3,3,4,28,2019,True,1,unfurnished,7.29,True,False
7135,l01135,4,2,15,25,2016,False,0,furnished,1.93,True,False
7136,l01136,2,2,1,32,2017,True,0,unfurnished,0.23,True,False
7137,l01137,2,4,11,29,1996,True,3,semi-furnished,4.34,False,True
7138,l01138,5,2,9,21,2013,True,1,unfurnished,0.38,True,False
7139,l01139,1,1,20,29,2023,False,0,semi-furnished,0.72,True,False
7140,l01140,5,3,11,11,2006,False,0,unfurnished,0.46,False,True
7141,l01141,5,1,1,12,2005,False,0,unfurnished,3.36,False,False
7142,l01142,3,2,11,33,2014,False,0,semi-furnished,6.49,False,True
7143,l01143,4,3,0,15,2001,True,4,furnished,1.79,True,True
7145,l01145,3,2,6,34,2003,True,1,furnished,1.75,True,True
7146,l01146,4,4,9,14,2016,False,0,furnished,2.77,False,False
7150,l01150,2,1,20,38,2019,False,0,furnished,5.22,True,False
7151,l01151,3,4,9,14,2016,True,4,semi-furnished,1.52,True,False
7152,l01152,2,4,25,34,2013,False,0,furnished,1.62,False,False
7154,l01154,4,3,14,37,2021,False,0,unfurnished,6.7,True,False
7156,l01156,3,4,4,31,2018,False,0,unfurnished,7.17,False,False
7157,l01157,3,4,5,35,2022,False,0,semi-furnished,6.57,False,False
7159,l01159,2,2,3,5,2010,False,0,unfurnished,2.37,True,True
7160,l01160,4,4,22,37,1999,False,0,furnished,6.98,True,False
7161,l01161,1,1,5,26,2013,False,0,furnished,4.7,True,True
7162,l01162,3,3,12,17,2017,True,1,semi-furnished,2.89,True,False
7163,l01163,5,2,10,15,2005,False,0,semi-furnished,1.03,False,False
7166,l01166,5,3,20,34,1995,True,3,unfurnished,7.98,False,False
7167,l01167,3,3,13,24,1999,True,3,unfurnished,2.14,True,False
7168,l01168,2,4,0,18,2009,False,0,furnished,0.38,False,False
7170,l01170,3,3,17,23,2010,False,0,semi-furnished,4.62,False,True
7171,l01171,4,1,7,27,2014,True,3,unfurnished,3.56,False,True
7172,l01172,1,2,3,10,1995,False,0,furnished,1.31,False,True
7173,l01173,2,2,24,29,2007,False,0,furnished,3.75,True,False
7174,l01174,4,4,23,30,2009,False,0,unfurnished,2.68,True,False
7175,l01175,1,1,8,24,2012,True,0,furnished,4.35,True,True
7176,l01176,3,1,2,9,2011,False,0,furnished,6.27,False,False
7177,l01177,4,4,22,29,1998,False,0,unfurnished,2.28,False,False
7178,l01178,5,1,23,30,2003,True,2,furnished,6.7,False,False
7179,l01179,3,3,20,26,1997,True,1,unfurnished,2.87,True,False
7181,l01181,1,3,23,35,2022,True,0,semi-furnished,5.56,False,True
7182,l01182,5,3,4,14,2009,True,1,furnished,2.16,False,False
7183,l01183,3,2,6,36,2007,False,0,semi-furnished,0.2,False,True
7185,l01185,1,4,19,31,1999,False,0,unfurnished,4.06,True,False
7188,l01188,2,3,2,28,2013,True,3,furnished,1.07,True,False
7189,l01189,2,3,13,23,2014,True,4,furnished,7.93,False,False
7190,l01190,3,1,3,18,2017,True,4,unfurnished,1.76,True,True
7191,l01191,4,1,9,40,1998,True,2,furnished,4.42,False,True
7192,l01192,5,4,5,28,2021,True,0,semi-furnished,7.56,True,True
7193,l01193,4,1,5,34,1996,True,2,unfurnished,0.99,True,True
7194,l01194,3,2,17,37,2001,True,1,unfurnished,7.36,False,False
7195,l01195,2,4,12,19,2018,True,2,semi-furnished,5.87,True,True
7197,l01197,3,1,7,30,1998,True,1,unfurnished,5.52,True,True
7198,l01198,3,3,19,40,2020,True,3,semi-furnished,2.38,True,True
7199,l01199,4,2,3,35,2001,False,0,furnished,1.58,True,False
7201,l00001,2,4,21,38,2018,False,0,furnished,4.37,False,False
7202,l00002,4,2,6,29,2023,False,0,furnished,1.06,True,True
7203,l00003,1,1,8,10,2021,False,0,unfurnished,3.75,False,False
7204,l00004,2,3,0,37,1999,False,0,semi-furnished,6.8,True,False
7205,l00005,2,3,16,21,1995,True,4,unfurnished,1.96,False,False
7206,l00006,2,4,10,32,2023,False,0,semi-furnished,7.88,False,False
7207,l00007,3,1,21,25,2017,False,0,furnished,1.25,True,False
7208,l00008,1,2,16,33,2001,False,0,furnished,7.4,True,True
7209,l00009,3,3,12,34,2017,False,0,semi-furnished,4.37,True,False
7210,l00010,5,1,25,28,2015,False,0,furnished,1.81,True,True
7211,l00011,3,4,2,6,2010,True,0,furnished,2.99,False,True
7212,l00012,5,2,8,8,1999,False,0,furnished,4.88,False,False
7214,l00014,4,2,0,29,2000,False,0,semi-furnished,0.23,True,True
7215,l00015,5,1,2,15,2021,False,0,unfurnished,2.82,False,True
7216,l00016,1,4,22,22,2022,True,1,unfurnished,5.52,False,False
7217,l00017,1,3,2,5,2009,False,0,furnished,6.08,False,False
7218,l00018,4,1,4,9,2009,False,0,unfurnished,7.8,True,False
7219,l00019,3,3,6,13,1997,False,0,semi-furnished,2.59,False,True
7220,l00020,5,4,5,18,2003,True,0,unfurnished,3.09,True,True
7221,l00021,4,4,1,17,2021,True,0,unfurnished,7.91,False,False
7222,l00022,3,2,5,40,2007,False,0,semi-furnished,3.89,False,False
7225,l00025,2,1,17,40,2004,False,0,semi-furnished,4.02,False,True
7226,l00026,4,4,3,22,2016,False,0,unfurnished,2.9,True,True
7227,l00027,4,2,22,35,1999,True,1,furnished,2.56,True,False
7228,l00028,2,2,0,8,2015,False,0,semi-furnished,6.62,False,True
7229,l00029,5,1,7,12,2013,True,0,semi-furnished,6.26,False,False
7230,l00030,1,3,23,38,2021,False,0,unfurnished,5.58,True,False
7232,l00032,4,4,12,24,2003,False,0,furnished,4.4,False,True
7233,l00033,1,1,3,33,2004,True,3,furnished,7.5,False,True
7236,l00036,1,2,10,34,2011,False,0,furnished,5.25,False,False
7237,l00037,3,3,20,25,2015,True,0,unfurnished,4.2,True,True
7238,l00038,1,3,8,33,2003,False,0,unfurnished,7.87,False,True
7240,l00040,4,1,15,16,1997,False,0,unfurnished,3.73,True,False
7241,l00041,1,3,16,33,2006,True,4,unfurnished,1.12,True,True
7242,l00042,5,4,17,33,2015,False,0,unfurnished,1.38,True,False
7244,l00044,2,1,11,25,2011,False,0,semi-furnished,0.97,False,True
7245,l00045,1,4,22,38,2003,True,1,furnished,2.87,True,False
7246,l00046,2,4,4,28,2009,False,0,furnished,6.8,False,True
7247,l00047,2,2,20,32,2019,True,3,furnished,3.94,False,True
7248,l00048,3,1,5,37,2003,False,0,furnished,7.44,True,True
7249,l00049,2,3,5,17,2023,True,2,semi-furnished,6.32,False,True
7251,l00051,2,2,9,22,1999,True,4,furnished,7.54,True,True
7252,l00052,5,2,10,36,2017,True,2,unfurnished,3.33,True,True
7253,l00053,2,3,23,25,1996,True,0,furnished,6.19,False,False
7255,l00055,3,3,17,25,1995,True,4,unfurnished,2.68,False,True
7256,l00056,4,4,8,36,2010,True,4,semi-furnished,4.62,True,False
7258,l00058,3,1,0,11,2015,True,4,unfurnished,0.62,True,False
7259,l00059,1,3,9,35,1999,True,1,semi-furnished,2.36,True,True
7260,l00060,3,4,12,29,2007,False,0,semi-furnished,7.16,False,False
7261,l00061,4,1,21,22,2017,True,0,unfurnished,0.56,False,False
7262,l00062,5,2,0,38,2022,False,0,semi-furnished,4.48,False,False
7263,l00063,2,3,6,12,2001,True,0,unfurnished,2.89,False,False
7264,l00064,1,4,10,24,2013,True,2,furnished,6.5,True,True
7265,l00065,2,4,3,39,2013,True,1,unfurnished,6.88,False,True
7266,l00066,2,2,13,17,1998,False,0,furnished,4.26,True,True
7267,l00067,4,3,19,34,2000,True,0,furnished,7.1,False,False
7268,l00068,1,4,8,13,2002,False,0,semi-furnished,4.9,True,False
7269,l00069,2,2,10,36,2002,True,0,unfurnished,7.98,True,False
7271,l00071,1,3,11,27,2000,True,1,furnished,7.82,False,True
7272,l00072,4,3,20,27,2003,True,0,unfurnished,5.67,True,False
7273,l00073,2,1,5,21,1998,True,2,semi-furnished,5.11,True,True
7275,l00075,1,2,12,15,2023,True,4,unfurnished,4.82,False,True
7279,l00079,4,4,15,32,2002,True,1,unfurnished,1.31,False,True
7280,l00080,4,4,2,22,1999,False,0,furnished,3.41,True,False
7281,l00081,5,3,0,37,2021,False,0,semi-furnished,6.42,False,False
7282,l00082,2,4,2,18,2004,False,0,semi-furnished,4.82,False,False
7284,l00084,5,3,19,39,2006,False,0,semi-furnished,6.96,False,True
7285,l00085,5,2,4,14,2008,False,0,unfurnished,5.69,True,True
7287,l00087,4,4,8,29,1997,True,4,furnished,3.33,True,True
7288,l00088,3,2,17,27,2006,False,0,unfurnished,2.09,False,False
7289,l00089,5,2,3,36,1998,True,2,unfurnished,0.77,True,False
7290,l00090,5,3,5,26,1995,True,3,furnished,5.15,False,False
7291,l00091,3,3,19,28,2015,True,3,furnished,4.8,False,True
7292,l00092,3,1,23,33,2004,False,0,semi-furnished,2.3,True,True
7293,l00093,5,2,3,32,2007,False,0,unfurnished,0.44,True,True
7296,l00096,2,2,2,31,2006,False,0,semi-furnished,5.26,False,True
7297,l00097,2,4,21,28,2002,False,0,unfurnished,7.43,False,True
7298,l00098,4,3,2,36,2017,False,0,furnished,2.23,True,True
7299,l00099,4,4,9,19,2006,False,0,unfurnished,4.8,False,True
7300,l00100,2,3,11,14,2000,True,4,unfurnished,1.45,True,False
7301,l00101,3,4,19,38,2019,True,0,semi-furnished,7.15,True,True
7302,l00102,4,3,14,30,2019,True,0,furnished,5.48,True,True
7303,l00103,3,2,12,39,2001,False,0,furnished,0.22,True,True
7304,l00104,5,3,7,21,2016,False,0,furnished,5.15,False,False
7306,l00106,1,3,13,30,2005,False,0,semi-furnished,2.48,False,True
7307,l00107,5,4,0,33,2012,False,0,semi-furnished,1.61,False,True
7308,l00108,4,4,11,21,1997,False,0,furnished,4.78,True,True
7309,l00109,2,1,1,38,2014,True,1,semi-furnished,2.82,True,False
7311,l00111,5,4,12,16,1996,True,1,semi-furnished,2.65,False,False
7312,l00112,1,2,10,37,2022,True,2,furnished,7.14,True,False
7313,l00113,3,4,12,20,2022,False,0,furnished,4.69,True,False
7314,l00114,3,1,10,26,2003,False,0,furnished,6.59,False,False
7316,l00116,1,4,18,26,2015,True,0,furnished,3.93,True,True
7317,l00117,2,1,1,6,2004,True,1,furnished,4.21,False,False
7319,l00119,3,1,6,29,2015,False,0,semi-furnished,2.7,True,True
7320,l00120,4,1,20,22,2018,False,0,semi-furnished,3.43,False,False
7322,l00122,5,2,0,13,2011,False,0,semi-furnished,7.85,False,False
7324,l00124,2,3,6,29,2006,True,4,furnished,7.26,False,True
7325,l00125,3,3,23,24,2014,False,0,semi-furnished,5.58,False,False
7326,l00126,3,3,2,35,2004,True,3,semi-furnished,2.87,True,False
7327,l00127,2,1,3,33,2020,False,0,semi-furnished,4.96,True,False
7328,l00128,5,1,10,34,2003,True,2,unfurnished,3.04,True,True
7329,l00129,5,2,11,34,2010,True,3,unfurnished,6.75,True,True
7331,l00131,3,2,15,37,1997,True,3,semi-furnished,1.0,True,True
7332,l00132,5,1,6,33,1996,True,4,semi-furnished,2.8,True,False
7333,l00133,4,1,11,38,2015,True,0,semi-furnished,5.2,False,False
7334,l00134,1,4,23,33,2020,True,2,unfurnished,1.76,False,False
7337,l00137,4,3,12,19,2023,False,0,semi-furnished,4.2,False,False
7338,l00138,5,2,8,21,1998,True,1,unfurnished,6.73,True,True
7339,l00139,4,4,14,16,2015,False,0,unfurnished,0.78,False,True
7342,l00142,3,3,20,30,2017,False,0,semi-furnished,1.64,True,False
7344,l00144,5,3,10,38,2015,True,0,semi-furnished,0.98,True,True
7346,l00146,5,4,16,21,1998,True,3,unfurnished,3.09,False,True
7349,l00149,5,3,14,18,2012,False,0,semi-furnished,1.05,True,False
7350,l00150,1,2,17,34,2003,False,0,semi-furnished,4.81,True,True
7351,l00151,4,1,5,17,2022,False,0,unfurnished,3.22,False,False
7352,l00152,4,3,4,36,2004,True,4,furnished,4.88,False,True
7354,l00154,3,2,2,10,1999,True,0,unfurnished,3.4,True,True
7355,l00155,2,1,12,34,2003,True,4,unfurnished,5.19,False,False
7356,l00156,5,1,5,12,2002,True,0,semi-furnished,6.96,False,False
7357,l00157,1,1,12,34,1996,True,2,furnished,1.3,False,True
7358,l00158,2,3,22,26,2020,True,0,unfurnished,4.12,True,False
7359,l00159,4,2,15,21,2009,False,0,furnished,6.84,False,True
7360,l00160,5,1,7,8,2003,False,0,unfurnished,4.8,True,False
7361,l00161,5,4,16,29,2014,False,0,semi-furnished,7.86,True,False
7362,l00162,1,3,2,38,1998,True,0,semi-furnished,3.98,True,True
7365,l00165,4,3,5,24,2011,False,0,furnished,0.83,False,True
7367,l00167,5,4,7,29,2013,False,0,semi-furnished,0.74,False,True
7369,l00169,5,3,17,36,2019,True,2,unfurnished,7.33,True,True
7370,l00170,3,4,6,35,2022,True,4,unfurnished,0.67,False,False
7371,l00171,3,3,1,7,2022,True,2,furnished,3.55,False,True
7372,l00172,2,4,0,18,1996,False,0,semi-furnished,5.12,False,True
7374,l00174,3,3,3,23,2000,False,0,furnished,5.46,True,False
7377,l00177,4,2,10,21,1997,True,3,unfurnished,0.72,True,False
7378,l00178,3,3,7,22,2001,False,0,furnished,7.76,False,False
7379,l00179,1,3,7,8,2006,True,1,furnished,6.57,False,True
7380,l00180,4,3,2,12,2004,False,0,unfurnished,0.53,False,True
7381,l00181,1,1,16,28,2019,False,0,furnished,6.26,True,False
7382,l00182,2,4,8,20,2021,True,4,unfurnished,3.99,True,True
7383,l00183,1,2,5,22,2010,True,4,unfurnished,3.41,False,False
7384,l00184,5,4,8,37,1998,True,2,semi-furnished,3.43,True,True
7385,l00185,3,4,20,34,2006,False,0,semi-furnished,0.36,False,False
7386,l00186,3,2,19,32,2003,True,1,unfurnished,3.09,False,False
7388,l00188,3,2,0,15,2014,False,0,semi-furnished,1.72,False,True
7389,l00189,3,1,8,24,2003,False,0,furnished,3.53,False,False
7390,l00190,2,4,13,14,2011,False,0,semi-furnished,4.5,False,False
7392,l00192,3,1,18,37,2005,True,2,semi-furnished,1.06,False,False
7393,l00193,4,1,0,24,2023,True,0,semi-furnished,2.37,True,True
7394,l00194,1,3,3,21,2021,True,0,semi-furnished,2.81,False,False
7395,l00195,2,4,8,23,2022,True,3,furnished,6.57,False,True
7396,l00196,4,2,1,36,1995,False,0,furnished,6.96,False,True
7397,l00197,1,4,15,34,1996,False,0,unfurnished,0.28,True,False
7398,l00198,5,2,6,7,2017,True,1,unfurnished,2.91,True,True
7399,l00199,4,4,11,39,2008,False,0,furnished,2.17,False,True
7400,l00200,1,1,11,30,2011,False,0,semi-furnished,3.52,True,False
7401,l00201,1,1,10,40,2019,True,0,furnished,7.28,False,False
7402,l00202,3,1,7,23,2004,False,0,semi-furnished,6.94,False,False
7403,l00203,2,3,3,15,2015,False,0,furnished,3.55,False,True
7404,l00204,2,2,8,13,2001,False,0,unfurnished,2.23,False,False
7405,l00205,2,3,6,37,2004,False,0,unfurnished,6.05,True,True
7406,l00206,3,3,13,16,2004,True,1,unfurnished,4.76,True,True
7407,l00207,3,1,7,15,2013,True,3,unfurnished,1.4,False,False
7408,l00208,1,1,12,16,2012,True,3,semi-furnished,6.83,False,True
7409,l00209,1,3,23,39,2021,True,2,furnished,2.72,True,True
7410,l00210,4,4,23,35,2009,False,0,furnished,2.98,True,False
7412,l00212,2,3,5,35,2020,False,0,semi-furnished,0.27,False,True
7413,l00213,3,1,2,20,2016,False,0,unfurnished,4.64,False,False
7414,l00214,5,3,3,12,2019,False,0,unfurnished,6.98,True,False
7415,l00215,4,4,19,34,2003,True,4,furnished,0.52,False,True
7416,l00216,2,3,18,22,2005,False,0,semi-furnished,4.71,True,True
7418,l00218,1,1,9,16,2003,True,3,unfurnished,6.4,True,False
7420,l00220,3,1,21,21,2015,False,0,unfurnished,7.08,True,False
7421,l00221,1,1,1,10,2020,True,0,semi-furnished,0.38,False,False
7422,l00222,3,4,5,28,1997,True,2,furnished,3.43,True,False
7423,l00223,1,4,13,14,1999,False,0,unfurnished,4.27,False,True
7424,l00224,1,4,8,10,2013,False,0,semi-furnished,0.98,True,False
7425,l00225,4,4,19,25,2005,False,0,semi-furnished,5.52,False,False
7426,l00226,4,1,8,20,1996,False,0,semi-furnished,5.08,False,True
7427,l00227,1,2,11,17,1996,False,0,semi-furnished,4.88,True,False
7429,l00229,1,2,13,17,2004,True,3,furnished,2.64,False,False
7430,l00230,5,2,1,36,2008,False,0,semi-furnished,7.14,True,False
7431,l00231,3,1,5,26,2018,False,0,furnished,5.51,False,False
7433,l00233,4,3,14,29,2005,True,4,unfurnished,3.72,False,True
7434,l00234,1,4,6,19,2014,True,1,semi-furnished,2.0,True,False
7435,l00235,1,1,0,13,2004,False,0,unfurnished,1.02,True,False
7436,l00236,3,2,3,17,2009,True,0,semi-furnished,7.64,False,True
7437,l00237,5,3,12,33,2015,True,0,unfurnished,7.51,False,False
7438,l00238,5,1,15,31,1997,True,4,unfurnished,6.12,True,False
7440,l00240,2,1,17,26,2000,False,0,furnished,4.54,False,False
7441,l00241,4,4,1,36,1998,True,3,furnished,5.86,False,False
7442,l00242,1,4,20,33,1995,False,0,semi-furnished,7.67,False,False
7443,l00243,3,2,6,22,2002,True,3,semi-furnished,4.17,True,True
7444,l00244,5,1,25,37,2017,True,3,semi-furnished,6.19,False,False
7446,l00246,1,2,9,24,2017,True,0,unfurnished,3.54,True,True
7448,l00248,3,2,13,26,2020,False,0,semi-furnished,2.39,False,False
7449,l00249,3,1,6,40,2000,False,0,furnished,4.35,False,False
7450,l00250,5,1,4,19,2000,True,4,unfurnished,1.67,True,True
7451,l00251,4,4,25,33,2017,False,0,unfurnished,7.97,False,True
7454,l00254,4,1,5,11,2010,False,0,furnished,1.17,True,False
7456,l00256,4,3,0,40,1995,False,0,furnished,1.45,False,False
7457,l00257,1,2,12,24,2011,True,3,furnished,2.63,False,True
7458,l00258,4,2,15,16,2006,False,0,furnished,1.98,True,True
7459,l00259,3,1,4,5,2008,True,0,unfurnished,7.37,False,True
7460,l00260,4,4,7,39,1999,True,4,semi-furnished,3.19,True,True
7461,l00261,2,1,24,35,2021,False,0,unfurnished,6.83,True,False
7462,l00262,1,1,6,28,2008,True,0,furnished,0.99,True,True
7463,l00263,1,1,9,33,1997,False,0,unfurnished,2.41,False,True
7466,l00266,1,4,11,35,1998,False,0,semi-furnished,3.39,False,False
7467,l00267,1,3,8,31,2002,True,3,unfurnished,5.24,False,True
7471,l00271,2,3,1,22,2008,False,0,semi-furnished,1.14,True,False
7472,l00272,1,3,11,20,1995,False,0,unfurnished,3.81,False,True
7473,l00273,4,3,19,30,2023,False,0,unfurnished,1.95,False,False
7474,l00274,1,1,4,37,2012,False,0,furnished,3.61,True,False
7475,l00275,1,2,9,21,2008,False,0,semi-furnished,1.46,True,False
7476,l00276,1,2,13,38,2003,True,3,semi-furnished,1.51,False,True
7478,l00278,3,3,4,28,1999,False,0,unfurnished,6.64,True,False
7479,l00279,2,4,18,27,2023,True,3,semi-furnished,7.58,False,True
7480,l00280,2,3,19,38,1998,False,0,furnished,6.23,False,False
7482,l00282,1,4,5,37,2013,True,2,unfurnished,5.15,True,False
7483,l00283,5,4,10,33,2014,False,0,unfurnished,6.64,True,True
7484,l00284,5,1,7,34,2015,True,4,furnished,7.01,False,True
7485,l00285,4,2,5,25,2022,False,0,furnished,4.38,False,False
7487,l00287,2,3,22,23,2018,False,0,furnished,2.11,True,True
7488,l00288,4,3,17,34,2012,True,2,furnished,1.87,False,False
7490,l00290,4,1,1,37,2023,False,0,furnished,6.34,True,False
7491,l00291,5,3,0,12,2016,True,2,furnished,2.42,False,True
7492,l00292,2,2,20,32,2011,True,2,furnished,1.85,False,True
7493,l00293,3,1,6,16,2008,False,0,furnished,6.6,True,True
7495,l00295,1,2,7,33,2023,True,3,semi-furnished,0.87,True,False
7496,l00296,5,4,10,27,2017,False,0,furnished,7.0,True,True
7497,l00297,1,2,9,28,2019,False,0,unfurnished,7.51,True,True
7498,l00298,3,3,14,28,2000,True,4,semi-furnished,0.22,False,False
7499,l00299,3,4,17,40,1999,True,1,unfurnished,7.59,True,True
7500,l00300,1,3,18,21,2013,True,1,semi-furnished,7.06,True,True
7501,l00301,1,4,2,20,2012,False,0,unfurnished,0.36,False,False
7502,l00302,1,3,6,26,2009,False,0,unfurnished,6.39,False,False
7503,l00303,1,3,4,35,2022,False,0,furnished,6.8,False,False
7505,l00305,3,4,24,27,1995,True,2,semi-furnished,7.63,False,False
7506,l00306,3,2,9,30,2014,False,0,semi-furnished,0.71,False,False
7507,l00307,3,3,6,9,2012,False,0,unfurnished,7.81,False,True
7510,l00310,2,1,23,31,1996,False,0,furnished,1.63,True,True
7511,l00311,3,2,2,23,1998,False,0,semi-furnished,0.99,False,True
7512,l00312,5,3,13,20,2020,False,0,unfurnished,1.39,True,True
7513,l00313,1,2,9,11,2019,False,0,semi-furnished,5.47,False,True
7514,l00314,1,2,9,15,2018,False,0,furnished,7.68,True,False
7515,l00315,5,2,17,18,2006,True,0,unfurnished,2.96,True,False
7516,l00316,4,3,1,38,2012,True,2,furnished,0.53,True,False
7517,l00317,2,2,4,24,2003,True,0,unfurnished,7.02,False,True
7518,l00318,2,3,23,31,2012,False,0,unfurnished,3.05,False,False
7519,l00319,2,1,24,28,2022,False,0,furnished,7.53,False,True
7520,l00320,2,4,4,6,2006,True,1,semi-furnished,0.55,True,False
7524,l00324,1,1,23,37,2017,False,0,furnished,4.85,True,False
7525,l00325,2,1,8,17,2013,False,0,semi-furnished,6.58,True,False
7526,l00326,2,3,13,39,2003,False,0,unfurnished,3.2,False,False
7527,l00327,2,3,11,32,2023,True,2,furnished,2.99,False,True
7528,l00328,3,2,5,27,1997,True,2,unfurnished,1.83,False,False
7529,l00329,5,1,1,15,2014,True,3,semi-furnished,0.99,False,False
7531,l00331,2,3,4,35,2008,False,0,furnished,3.3,True,False
7532,l00332,5,3,10,24,2014,True,0,semi-furnished,3.39,False,False
7533,l00333,5,2,14,38,2018,False,0,furnished,1.14,False,False
7536,l00336,5,3,0,7,2021,True,2,unfurnished,3.71,True,False
7537,l00337,3,4,2,38,2007,False,0,semi-furnished,1.29,True,True
7538,l00338,2,2,0,9,2022,True,3,semi-furnished,1.3,False,True
7539,l00339,1,1,11,27,2004,False,0,unfurnished,6.6,True,False
7540,l00340,5,2,24,37,2006,False,0,unfurnished,1.85,False,False
7542,l00342,5,2,17,28,2001,False,0,semi-furnished,3.77,True,False
7543,l00343,3,1,21,29,2014,False,0,furnished,4.97,False,True
7544,l00344,5,2,25,27,2019,True,3,furnished,5.7,False,False
7545,l00345,3,2,2,19,2022,True,0,semi-furnished,4.93,True,False
7546,l00346,5,1,13,34,1996,False,0,semi-furnished,0.93,False,False
7548,l00348,4,4,21,21,2022,False,0,furnished,0.9,False,True
7550,l00350,3,4,15,25,2000,True,3,unfurnished,2.25,True,True
7551,l00351,1,1,15,26,2001,True,3,semi-furnished,1.82,False,False
7552,l00352,1,2,15,30,2018,True,4,semi-furnished,0.84,False,False
7553,l00353,2,2,9,31,1997,True,3,semi-furnished,3.76,True,True
7554,l00354,4,2,9,12,2008,False,0,semi-furnished,4.76,True,True
7555,l00355,5,3,3,38,2003,True,4,semi-furnished,3.8,False,True
7556,l00356,4,2,25,39,2023,True,1,unfurnished,4.37,False,False
7557,l00357,3,2,15,19,2017,False,0,unfurnished,6.98,True,False
7558,l00358,3,1,13,34,2021,True,3,furnished,3.78,True,False
7559,l00359,2,1,14,27,1997,False,0,furnished,3.83,True,False
7560,l00360,1,3,6,28,2011,False,0,semi-furnished,1.61,True,False
7561,l00361,4,1,15,19,2003,False,0,furnished,0.92,False,True
7562,l00362,1,1,3,21,1997,True,1,semi-furnished,1.99,False,False
7563,l00363,3,4,13,37,2001,True,3,furnished,2.74,True,False
7564,l00364,4,2,20,40,2020,False,0,unfurnished,5.54,True,False
7565,l00365,2,3,0,38,2005,True,4,semi-furnished,2.93,False,False
7566,l00366,1,2,3,10,2018,False,0,semi-furnished,7.86,True,False
7567,l00367,4,4,5,15,2010,False,0,unfurnished,2.91,False,False
7568,l00368,1,2,10,20,2000,False,0,furnished,6.35,False,True
7569,l00369,1,3,18,32,2014,False,0,furnished,4.43,True,True
7570,l00370,5,2,25,30,2009,False,0,semi-furnished,3.01,False,False
7571,l00371,4,1,1,21,2005,False,0,unfurnished,4.63,False,True
7572,l00372,1,4,5,13,2005,True,3,furnished,0.9,False,True
7573,l00373,4,3,20,20,1999,False,0,semi-furnished,7.97,True,False
7576,l00376,4,2,14,37,2009,False,0,unfurnished,4.79,False,True
7577,l00377,5,4,22,34,2016,False,0,semi-furnished,4.02,False,False
7578,l00378,1,1,11,13,2009,False,0,unfurnished,7.51,True,True
7579,l00379,5,4,1,35,2011,True,1,furnished,1.57,False,True
7581,l00381,1,2,10,16,2009,True,3,unfurnished,0.58,False,True
7582,l00382,2,4,6,22,2004,False,0,unfurnished,4.19,False,True
7584,l00384,5,2,16,21,2015,False,0,furnished,7.81,False,True
7585,l00385,1,2,8,38,2009,False,0,unfurnished,4.6,True,True
7586,l00386,4,1,17,33,2001,True,1,furnished,7.58,True,False
7587,l00387,3,3,15,23,2017,False,0,unfurnished,0.94,True,True
7588,l00388,4,3,16,20,2020,True,4,furnished,3.1,False,False
7589,l00389,3,1,21,26,2021,True,2,semi-furnished,0.6,True,True
7590,l00390,5,4,16,20,2006,False,0,semi-furnished,3.36,True,True
7591,l00391,1,3,4,27,2018,False,0,unfurnished,3.46,False,False
7593,l00393,5,4,8,8,2007,True,4,unfurnished,0.91,False,True
7594,l00394,3,1,0,5,2002,False,0,furnished,0.64,False,False
7596,l00396,5,3,17,28,2014,False,0,unfurnished,7.13,True,False
7597,l00397,3,3,15,35,1999,True,3,semi-furnished,4.32,True,False
7598,l00398,3,1,5,13,2016,False,0,furnished,5.37,False,True
7599,l00399,5,2,0,13,1996,False,0,semi-furnished,5.73,False,True
7600,l00400,1,4,17,35,2002,True,2,furnished,6.33,True,True
7601,l00401,5,4,8,20,2014,True,3,furnished,3.93,True,True
7602,l00402,3,2,24,31,2011,False,0,semi-furnished,2.86,True,True
7603,l00403,1,2,16,34,2008,False,0,semi-furnished,7.65,False,True
7604,l00404,1,2,16,37,2003,True,3,unfurnished,5.4,True,False
7605,l00405,1,4,8,18,2005,True,2,unfurnished,3.34,False,False
7607,l00407,2,1,14,24,2021,True,0,unfurnished,0.55,False,True
7608,l00408,5,4,10,34,2010,True,2,unfurnished,0.6,True,False
7609,l00409,4,3,7,19,2018,True,4,unfurnished,3.93,False,False
7610,l00410,4,1,24,25,2003,True,4,semi-furnished,3.01,False,True
7611,l00411,3,4,12,40,2003,False,0,semi-furnished,4.75,False,False
7612,l00412,3,1,1,21,1996,False,0,furnished,7.77,False,True
7613,l00413,5,4,4,17,1999,False,0,furnished,6.59,True,True
7614,l00414,5,3,1,7,2019,True,0,furnished,1.25,True,False
7616,l00416,3,4,6,30,1997,True,1,unfurnished,0.53,True,False
7618,l00418,4,2,8,17,2008,True,2,furnished,4.53,False,True
7619,l00419,4,1,1,16,1998,False,0,furnished,0.52,False,True
7620,l00420,2,2,22,22,2002,False,0,furnished,7.66,True,True
7621,l00421,1,3,5,16,1996,False,0,semi-furnished,5.56,True,False
7622,l00422,1,4,7,35,2017,False,0,unfurnished,2.89,True,True
7624,l00424,1,1,16,33,2005,True,4,unfurnished,2.75,True,False
7625,l00425,3,3,4,8,2014,False,0,unfurnished,4.82,True,False
7626,l00426,3,3,4,16,2003,True,3,unfurnished,4.13,False,False
7627,l00427,5,4,13,24,2008,True,0,unfurnished,5.59,True,False
7628,l00428,1,1,6,22,1996,True,0,semi-furnished,1.37,True,False
7629,l00429,1,4,21,22,2006,True,2,semi-furnished,7.29,True,True
7630,l00430,4,3,7,8,2023,True,2,unfurnished,5.77,True,False
7631,l00431,2,4,2,30,2011,False,0,furnished,5.28,True,False
7632,l00432,5,4,6,14,2014,False,0,unfurnished,6.71,True,False
7635,l00435,4,1,12,21,2001,False,0,unfurnished,6.56,True,False
7636,l00436,2,1,0,39,2009,False,0,semi-furnished,5.99,True,False
7638,l00438,4,4,9,29,2013,True,0,unfurnished,4.64,True,False
7639,l00439,3,1,11,40,1998,False,0,semi-furnished,1.79,True,True
7642,l00442,4,4,18,37,2006,True,1,unfurnished,0.73,False,True
7645,l00445,2,3,1,23,2016,False,0,unfurnished,5.62,True,False
7646,l00446,5,4,4,7,2016,False,0,furnished,6.66,False,False
7647,l00447,3,3,9,20,1995,False,0,semi-furnished,4.17,True,False
7648,l00448,5,4,0,13,1999,False,0,furnished,6.78,True,True
7649,l00449,1,1,8,37,2017,True,1,unfurnished,0.9,False,False
7650,l00450,1,1,5,27,1999,False,0,semi-furnished,4.29,False,True
7651,l00451,2,2,8,22,2017,False,0,unfurnished,7.97,False,True
7652,l00452,5,4,18,32,2011,False,0,semi-furnished,3.84,False,True
7655,l00455,2,3,21,40,2013,True,2,unfurnished,2.28,True,True
7656,l00456,2,1,22,23,1996,True,3,unfurnished,6.39,False,True
7657,l00457,1,2,4,9,2000,False,0,semi-furnished,1.21,True,True
7660,l00460,1,4,15,26,1995,False,0,semi-furnished,4.52,False,False
7661,l00461,2,1,12,21,2020,False,0,unfurnished,4.01,True,False
7662,l00462,5,3,3,19,2023,False,0,semi-furnished,3.25,True,True
7664,l00464,5,3,19,31,2015,False,0,furnished,2.6,False,False
7665,l00465,3,4,12,12,2006,True,2,unfurnished,4.76,False,False
7666,l00466,5,1,15,30,2003,True,0,furnished,1.84,True,False
7667,l00467,4,2,18,22,2023,True,3,semi-furnished,7.34,False,False
7668,l00468,1,3,14,17,2005,False,0,unfurnished,2.53,False,False
7669,l00469,3,1,10,37,2008,False,0,unfurnished,6.31,False,True
7670,l00470,3,1,17,38,2014,False,0,semi-furnished,7.89,False,False
7671,l00471,2,3,9,20,2018,False,0,semi-furnished,2.09,False,True
7672,l00472,1,3,25,32,2017,False,0,unfurnished,3.77,True,False
7673,l00473,4,3,24,30,2019,False,0,unfurnished,2.06,False,True
7675,l00475,1,2,0,35,2009,False,0,semi-furnished,5.91,False,True
7676,l00476,4,3,7,34,2008,True,1,semi-furnished,6.81,False,True
7677,l00477,5,4,11,24,1996,True,4,unfurnished,7.36,False,False
7678,l00478,4,2,16,29,2018,False,0,furnished,3.49,True,False
7679,l00479,1,3,11,30,2021,True,4,unfurnished,5.25,False,False
7680,l00480,3,4,5,15,2001,True,2,semi-furnished,7.21,True,True
7681,l00481,2,3,2,14,2005,False,0,unfurnished,7.07,False,False
7683,l00483,2,3,12,25,1998,False,0,furnished,6.1,False,False
7684,l00484,4,3,16,33,2016,False,0,semi-furnished,4.52,False,False
7685,l00485,2,1,11,36,1996,False,0,furnished,4.76,False,False
7687,l00487,5,2,5,21,2017,True,0,semi-furnished,0.52,False,False
7688,l00488,5,2,6,20,2003,False,0,semi-furnished,5.13,False,False
7689,l00489,4,4,15,15,2000,True,2,furnished,4.02,True,False
7690,l00490,5,4,20,33,2004,False,0,furnished,1.7,False,True
7691,l00491,1,4,16,27,2002,True,2,unfurnished,4.14,True,True
7692,l00492,1,3,11,38,1996,False,0,semi-furnished,3.19,True,True
7693,l00493,5,1,11,40,2000,True,3,semi-furnished,0.66,False,True
7694,l00494,4,1,18,36,2020,False,0,unfurnished,3.4,True,False
7696,l00496,4,2,16,32,2021,False,0,unfurnished,7.24,False,True
7698,l00498,1,4,13,27,2023,False,0,semi-furnished,4.14,False,False
7699,l00499,5,4,14,19,2019,True,0,furnished,4.79,True,False
7700,l00500,5,3,11,22,2023,False,0,furnished,1.99,True,True
7701,l00501,1,3,8,30,2010,False,0,furnished,7.75,False,True
7702,l00502,1,3,12,14,2021,False,0,semi-furnished,7.11,False,False
7703,l00503,5,3,8,14,2005,False,0,semi-furnished,7.15,True,True
7704,l00504,3,1,22,34,2021,True,2,semi-furnished,7.62,False,True
7705,l00505,1,4,2,29,2016,True,2,unfurnished,7.51,True,True
7707,l00507,3,2,14,18,2010,True,1,furnished,4.73,False,True
7708,l00508,1,4,13,37,2014,False,0,unfurnished,6.32,True,True
7709,l00509,5,3,22,33,1998,True,3,semi-furnished,1.88,True,True
7710,l00510,1,2,0,6,2023,False,0,unfurnished,7.03,False,False
7711,l00511,5,3,14,20,2023,True,3,semi-furnished,6.87,True,True
7712,l00512,1,2,0,33,2016,False,0,semi-furnished,7.03,True,False
7714,l00514,1,2,17,30,2010,False,0,furnished,0.68,False,False
7715,l00515,2,1,15,32,2022,True,4,unfurnished,4.77,False,False
7717,l00517,3,2,16,28,1999,True,2,furnished,3.89,True,True
7719,l00519,4,3,24,36,1995,True,0,semi-furnished,7.7,True,True
7720,l00520,1,3,4,19,2013,True,2,semi-furnished,5.97,True,False
7722,l00522,4,4,9,12,2021,False,0,semi-furnished,3.17,False,False
7724,l00524,4,3,15,22,2014,False,0,unfurnished,5.71,False,False
7725,l00525,4,1,14,33,2010,True,2,furnished,1.4,False,False
7726,l00526,2,4,17,28,2019,False,0,furnished,5.88,False,True
7727,l00527,4,2,14,39,1996,False,0,semi-furnished,3.26,False,True
7728,l00528,5,1,15,21,2003,False,0,unfurnished,4.35,False,False
7729,l00529,1,4,17,29,1995,False,0,unfurnished,5.12,False,True
7730,l00530,5,3,22,32,2005,False,0,furnished,7.11,False,True
7731,l00531,4,2,0,32,1998,True,3,unfurnished,4.91,False,False
7733,l00533,4,4,1,6,1995,True,3,furnished,4.95,False,False
7734,l00534,4,1,1,8,2002,False,0,unfurnished,2.26,True,True
7735,l00535,3,3,9,24,2023,True,4,semi-furnished,1.42,False,True
7737,l00537,2,2,5,12,2021,True,3,semi-furnished,2.09,False,False
7741,l00541,2,4,6,28,1997,True,3,unfurnished,3.73,False,True
7743,l00543,5,1,0,20,2012,True,4,semi-furnished,6.87,False,False
7744,l00544,4,3,2,17,1995,True,0,furnished,2.74,False,False
7745,l00545,1,3,4,32,2012,False,0,furnished,1.58,True,False
7747,l00547,4,3,2,14,2008,True,2,unfurnished,5.22,True,True
7748,l00548,5,4,13,14,2006,False,0,unfurnished,3.26,False,False
7750,l00550,5,2,22,24,2017,False,0,unfurnished,5.24,True,False
7751,l00551,1,2,17,38,2016,True,1,furnished,5.8,True,False
7753,l00553,4,4,21,33,1998,True,4,unfurnished,2.79,True,True
7754,l00554,5,2,22,29,1996,False,0,furnished,1.63,True,False
7756,l00556,3,2,5,10,2003,True,3,furnished,4.06,True,False
7757,l00557,5,3,13,16,2019,False,0,unfurnished,6.7,False,True
7758,l00558,2,2,2,21,2020,True,0,furnished,5.04,False,True
7759,l00559,3,1,10,22,2007,False,0,furnished,7.21,True,True
7760,l00560,2,1,19,35,2001,False,0,furnished,6.69,False,False
7761,l00561,3,3,2,37,2013,False,0,unfurnished,7.09,True,False
7762,l00562,5,3,13,31,2004,False,0,semi-furnished,1.02,True,False
7763,l00563,2,2,1,10,2009,False,0,unfurnished,1.98,True,False
7765,l00565,4,3,9,18,1995,False,0,unfurnished,5.37,False,True
7766,l00566,5,2,1,13,1995,True,1,furnished,6.5,True,False
7767,l00567,5,1,4,39,2021,True,0,semi-furnished,2.24,False,False
7769,l00569,3,2,15,29,2021,True,3,unfurnished,5.37,True,False
7771,l00571,3,1,10,12,2005,True,2,unfurnished,2.58,True,True
7772,l00572,3,3,6,27,2023,True,2,furnished,1.35,True,True
7773,l00573,3,1,8,27,1995,False,0,semi-furnished,7.92,True,False
7774,l00574,4,1,19,19,2013,True,1,unfurnished,3.99,False,False
7775,l00575,2,4,13,28,2003,True,1,semi-furnished,2.16,False,True
7776,l00576,3,2,20,24,2019,True,3,furnished,1.8,False,False
7777,l00577,4,2,15,31,2002,True,2,furnished,3.1,False,True
7779,l00579,1,4,4,33,2018,False,0,furnished,7.68,False,True
7780,l00580,1,3,17,30,2007,False,0,semi-furnished,1.68,True,False
7781,l00581,1,3,6,30,1999,False,0,unfurnished,1.84,False,False
7782,l00582,2,4,7,24,1995,False,0,semi-furnished,7.06,False,True
7783,l00583,4,3,15,18,1998,False,0,unfurnished,1.13,False,True
7784,l00584,2,3,8,12,2003,True,1,furnished,5.36,False,False
7785,l00585,5,4,1,32,2004,True,4,unfurnished,2.55,False,True
7787,l00587,1,1,12,15,2014,False,0,furnished,1.09,False,False
7788,l00588,3,2,4,7,2015,True,1,semi-furnished,0.84,True,False
7790,l00590,1,4,8,35,2017,True,4,unfurnished,4.12,True,True
7791,l00591,3,4,18,32,2014,False,0,semi-furnished,3.65,True,True
7792,l00592,3,1,1,24,2011,False,0,unfurnished,1.04,True,True
7793,l00593,1,4,1,9,2016,True,1,unfurnished,6.91,False,True
7794,l00594,4,3,1,22,2007,False,0,furnished,3.14,False,False
7797,l00597,1,2,11,12,2009,True,1,semi-furnished,5.35,True,False
7798,l00598,3,1,15,25,2020,True,1,furnished,6.79,False,False
7799,l00599,5,3,3,14,1998,True,3,semi-furnished,4.87,True,False
7801,l00601,4,3,8,40,2018,True,1,semi-furnished,5.32,False,False
7802,l00602,5,4,18,35,2014,False,0,furnished,1.42,False,False
7803,l00603,1,2,11,19,2006,True,3,furnished,5.91,True,False
7805,l00605,3,1,1,37,2010,True,0,furnished,3.89,True,False
7806,l00606,5,4,19,25,2011,False,0,semi-furnished,6.76,True,True
7807,l00607,4,2,13,20,2008,False,0,furnished,6.33,True,False
7808,l00608,1,2,12,13,2017,True,3,unfurnished,6.12,True,False
7809,l00609,2,2,14,38,2019,False,0,unfurnished,4.26,True,True
7810,l00610,1,3,11,39,2022,False,0,semi-furnished,4.26,False,True
7812,l00612,2,2,13,38,2003,True,3,semi-furnished,4.66,False,False
7813,l00613,2,2,18,37,2019,True,0,furnished,0.58,True,False
7814,l00614,4,4,0,40,2017,False,0,furnished,2.11,False,True
7815,l00615,3,1,4,35,2009,True,4,semi-furnished,0.67,False,False
7816,l00616,3,4,22,23,2014,True,3,semi-furnished,3.79,False,False
7817,l00617,2,3,19,38,2022,True,0,furnished,1.4,True,False
7818,l00618,3,2,9,28,2003,False,0,furnished,7.16,True,False
7819,l00619,1,2,11,30,2016,False,0,furnished,1.76,False,False
7820,l00620,4,1,6,26,1997,True,0,furnished,5.6,True,False
7821,l00621,1,1,19,37,2005,False,0,semi-furnished,4.62,False,True
7822,l00622,5,1,0,20,2021,False,0,furnished,2.07,False,True
7823,l00623,5,3,16,33,2015,False,0,unfurnished,4.24,True,False
7824,l00624,4,4,3,31,2007,True,0,semi-furnished,5.3,False,True
7826,l00626,1,2,5,40,2003,True,0,furnished,1.6,True,False
7828,l00628,5,3,5,32,2019,True,4,unfurnished,1.52,False,True
7829,l00629,1,2,0,11,1995,False,0,unfurnished,0.78,True,True
7830,l00630,4,4,20,40,2003,True,0,semi-furnished,5.6,False,False
7831,l00631,4,3,9,17,1996,True,1,semi-furnished,1.76,False,True
7832,l00632,3,2,2,38,2018,False,0,furnished,5.2,False,True
7834,l00634,4,1,1,35,2006,True,4,unfurnished,4.06,False,False
7835,l00635,4,2,14,21,2017,False,0,semi-furnished,2.42,False,False
7836,l00636,5,3,12,40,1995,False,0,unfurnished,1.41,False,True
7837,l00637,1,4,4,21,1997,False,0,furnished,4.8,False,False
7838,l00638,3,3,5,21,2001,True,4,furnished,2.93,False,False
7839,l00639,1,2,21,39,2005,False,0,furnished,4.51,False,False
7840,l00640,5,1,4,23,2002,False,0,furnished,2.19,True,True
7841,l00641,3,2,10,20,2016,True,4,semi-furnished,1.18,False,False
7842,l00642,1,3,13,13,1996,False,0,furnished,3.13,False,True
7843,l00643,1,3,23,32,2004,False,0,furnished,0.65,True,True
7844,l00644,3,4,14,21,2009,True,2,unfurnished,4.86,True,False
7846,l00646,5,3,23,25,1997,False,0,semi-furnished,4.1,False,True
7848,l00648,1,4,15,31,2021,False,0,furnished,0.65,False,True
7849,l00649,2,2,0,21,2004,False,0,semi-furnished,3.36,True,False
7850,l00650,5,1,9,21,2022,False,0,unfurnished,0.62,True,False
7851,l00651,2,3,17,31,2018,False,0,furnished,4.17,False,True
7852,l00652,4,2,20,32,2008,False,0,semi-furnished,0.6,True,True
7854,l00654,2,1,11,14,2014,False,0,furnished,0.24,False,False
7858,l00658,3,3,8,12,2014,True,2,furnished,5.78,True,True
7859,l00659,4,1,13,20,2016,True,2,unfurnished,4.03,False,False
7860,l00660,5,4,1,30,2021,True,4,semi-furnished,4.66,True,True
7862,l00662,3,4,0,15,2001,True,4,unfurnished,6.66,False,False
7864,l00664,5,3,5,12,2009,True,1,semi-furnished,5.0,False,False
7865,l00665,5,4,2,33,2017,True,3,furnished,0.46,True,False
7866,l00666,1,1,24,29,2023,True,1,semi-furnished,1.21,False,True
7867,l00667,5,4,15,27,2011,True,0,unfurnished,1.46,False,True
7868,l00668,4,2,0,35,2004,True,3,furnished,5.96,False,False
7869,l00669,2,1,6,17,2009,True,0,unfurnished,4.41,False,True
7870,l00670,1,1,3,36,2009,False,0,furnished,0.22,False,True
7871,l00671,5,2,23,29,2012,True,2,semi-furnished,6.68,False,True
7872,l00672,5,1,19,29,2004,True,3,furnished,7.76,True,True
7875,l00675,3,1,17,30,2000,True,2,furnished,7.81,True,False
7879,l00679,4,2,24,27,1998,True,4,unfurnished,5.32,True,True
7880,l00680,1,2,22,40,2006,True,4,semi-furnished,7.08,True,True
7882,l00682,3,3,6,21,2011,True,2,semi-furnished,6.72,False,False
7883,l00683,5,4,22,30,2019,True,1,semi-furnished,2.72,False,False
7884,l00684,1,1,7,26,2018,False,0,unfurnished,3.95,False,True
7885,l00685,2,3,9,18,1999,False,0,unfurnished,0.28,True,True
7888,l00688,5,3,1,34,2007,True,2,semi-furnished,6.48,True,False
7889,l00689,2,3,24,27,2015,False,0,furnished,2.73,False,False
7890,l00690,1,1,0,35,1995,True,1,unfurnished,3.63,False,False
7891,l00691,1,1,0,33,2015,False,0,furnished,6.79,True,True
7893,l00693,5,2,14,21,2000,False,0,furnished,6.58,True,False
7894,l00694,2,4,9,35,2019,True,4,unfurnished,7.23,True,False
7895,l00695,2,2,18,32,2004,True,0,unfurnished,7.6,False,True
7896,l00696,1,1,1,14,2017,True,4,semi-furnished,1.65,False,False
7897,l00697,2,4,11,39,1999,False,0,unfurnished,0.6,False,False
7898,l00698,3,3,20,36,2011,False,0,furnished,7.29,True,True
7899,l00699,1,1,3,26,1996,False,0,furnished,4.63,True,True
7900,l00700,2,1,5,36,2012,True,3,furnished,6.97,False,True
7902,l00702,5,3,11,39,1996,False,0,unfurnished,2.82,False,False
7903,l00703,2,2,24,26,2013,True,2,semi-furnished,5.05,False,False
7904,l00704,2,3,2,26,2014,False,0,furnished,3.68,True,False
7905,l00705,1,3,13,40,2023,True,1,semi-furnished,0.92,False,False
7906,l00706,1,3,8,28,2007,True,4,unfurnished,1.19,True,False
7907,l00707,1,2,5,24,2002,False,0,semi-furnished,2.97,False,False
7909,l00709,4,4,19,37,2001,True,1,furnished,6.39,False,True
7912,l00712,3,4,23,29,2017,True,0,unfurnished,7.89,True,False
7913,l00713,1,3,11,22,2008,True,2,unfurnished,5.49,False,False
7914,l00714,1,4,24,33,2021,True,0,furnished,7.58,False,False
7915,l00715,5,4,16,32,1998,False,0,semi-furnished,6.2,False,False
7916,l00716,1,3,3,25,2004,True,4,unfurnished,4.32,True,True
7917,l00717,5,4,22,30,2001,True,0,semi-furnished,6.42,False,False
7918,l00718,4,4,14,39,1997,False,0,furnished,3.25,False,True
7919,l00719,5,1,5,26,2022,False,0,unfurnished,0.27,False,True
7920,l00720,4,4,17,27,2016,True,4,unfurnished,6.95,True,False
7921,l00721,2,1,9,27,2015,True,1,furnished,6.68,True,True
7922,l00722,4,1,16,25,2000,True,3,unfurnished,7.6,True,True
7927,l00727,2,3,3,35,2000,False,0,unfurnished,4.6,False,False
7929,l00729,2,2,0,14,2008,True,3,furnished,1.84,False,True
7930,l00730,3,2,19,20,2009,True,4,semi-furnished,1.42,False,True
7932,l00732,1,2,8,9,2012,False,0,furnished,3.89,True,False
7933,l00733,4,2,16,39,2006,False,0,semi-furnished,0.59,False,False
7934,l00734,1,1,25,40,2017,False,0,unfurnished,5.7,True,True
7935,l00735,3,2,2,32,2002,True,2,furnished,6.63,False,True
7937,l00737,1,4,4,12,2016,False,0,furnished,4.65,True,True
7938,l00738,4,3,19,29,2011,False,0,furnished,4.45,True,True
7941,l00741,3,4,8,30,2000,True,4,semi-furnished,7.74,False,False
7942,l00742,3,2,14,30,2013,False,0,unfurnished,7.14,True,True
7943,l00743,3,4,21,32,2009,True,1,unfurnished,0.69,True,True
7945,l00745,1,1,1,17,2002,True,1,furnished,2.56,False,False
7946,l00746,4,2,14,21,2019,True,3,unfurnished,2.11,False,True
7947,l00747,1,3,13,24,1998,True,0,furnished,4.07,False,True
7949,l00749,2,2,1,14,2019,False,0,unfurnished,3.33,True,False
7950,l00750,4,4,0,29,1998,True,3,unfurnished,4.68,True,True
7951,l00751,5,3,19,26,2005,True,0,semi-furnished,0.57,True,True
7952,l00752,5,3,1,20,1995,True,2,unfurnished,5.7,False,True
7953,l00753,4,1,21,34,2023,True,1,semi-furnished,1.35,True,False
7954,l00754,2,1,22,40,2011,False,0,unfurnished,7.34,False,False
7955,l00755,4,3,13,17,2011,False,0,semi-furnished,0.58,True,False
7956,l00756,4,3,3,32,2002,True,1,semi-furnished,2.06,False,False
7957,l00757,5,1,0,33,2005,True,3,semi-furnished,2.18,True,False
7958,l00758,1,3,23,32,2021,False,0,unfurnished,1.78,True,False
7959,l00759,5,4,13,33,2015,False,0,semi-furnished,1.03,True,True
7960,l00760,4,3,23,24,2003,True,0,semi-furnished,2.95,False,True
7961,l00761,5,1,21,32,1995,False,0,furnished,1.82,True,False
7963,l00763,2,4,3,22,2023,True,3,furnished,0.37,False,True
7964,l00764,4,2,8,32,2019,True,3,furnished,1.24,True,False
7965,l00765,3,3,18,24,1996,False,0,furnished,5.54,False,False
7968,l00768,1,1,5,20,2001,True,3,furnished,0.85,True,False
7969,l00769,1,2,25,35,2013,True,3,furnished,5.36,True,False
7970,l00770,2,3,3,15,2005,False,0,semi-furnished,5.01,True,False
7971,l00771,4,2,17,25,2022,False,0,semi-furnished,0.96,True,True
7972,l00772,2,4,16,24,2022,False,0,semi-furnished,2.2,False,True
7973,l00773,1,1,10,31,2006,False,0,semi-furnished,6.34,False,False
7974,l00774,4,1,2,16,1996,True,1,unfurnished,0.63,True,False
7975,l00775,5,4,10,31,2021,False,0,furnished,1.43,True,False
7978,l00778,4,4,20,24,2020,False,0,semi-furnished,7.38,False,False
7980,l00780,1,1,2,9,2021,True,1,furnished,1.74,True,False
7981,l00781,4,4,3,37,2000,False,0,semi-furnished,6.02,False,False
7982,l00782,5,1,0,13,2003,False,0,semi-furnished,5.53,False,True
7983,l00783,5,4,11,18,2015,False,0,semi-furnished,7.11,False,True
7984,l00784,3,4,10,11,2000,True,4,furnished,6.51,False,True
7987,l00787,1,4,18,26,2012,True,2,semi-furnished,0.57,False,True
7988,l00788,4,2,21,36,2023,True,2,unfurnished,7.33,False,True
7989,l00789,4,3,1,38,2005,False,0,semi-furnished,4.16,False,True
7990,l00790,4,4,19,36,2001,False,0,semi-furnished,6.67,True,False
7992,l00792,4,4,12,33,2009,False,0,furnished,2.12,False,False
7993,l00793,1,1,10,29,2010,True,0,semi-furnished,1.5,True,True
7995,l00795,5,3,1,39,1999,True,3,furnished,0.67,False,True
7996,l00796,3,1,13,28,2012,True,2,semi-furnished,5.64,True,True
7997,l00797,4,3,0,35,2000,False,0,furnished,4.1,True,False
7998,l00798,5,1,3,10,1997,False,0,semi-furnished,0.32,True,False
8000,l00800,4,2,3,32,2014,True,0,furnished,7.3,False,False
8001,l00801,2,3,3,12,2007,False,0,semi-furnished,3.33,True,False
8002,l00802,4,1,11,14,2010,False,0,unfurnished,3.91,False,False
8003,l00803,5,3,18,28,2021,False,0,unfurnished,1.12,False,False
8004,l00804,3,3,6,26,1997,False,0,unfurnished,3.48,True,True
8008,l00808,4,2,9,36,2020,True,4,semi-furnished,2.48,True,True
8009,l00809,3,2,9,32,2004,True,4,semi-furnished,4.09,False,False
8010,l00810,1,4,17,30,2000,True,4,unfurnished,4.23,True,True
8012,l00812,4,4,13,37,2003,False,0,semi-furnished,5.46,False,True
8013,l00813,4,3,9,36,2020,False,0,semi-furnished,3.69,False,True
8014,l00814,1,2,4,32,2005,False,0,unfurnished,2.78,False,False
8015,l00815,5,1,15,35,2004,False,0,unfurnished,2.95,True,True
8016,l00816,2,3,6,26,2005,True,0,unfurnished,3.79,False,True
8019,l00819,2,2,6,8,2019,True,1,furnished,0.41,True,True
8021,l00821,1,3,10,17,2022,False,0,semi-furnished,6.73,False,False
8023,l00823,5,3,2,17,2022,False,0,furnished,6.79,False,False
8024,l00824,4,2,19,36,2008,False,0,semi-furnished,6.31,False,False
8025,l00825,3,2,16,31,2022,False,0,semi-furnished,7.84,True,True
8026,l00826,2,1,5,16,2006,False,0,unfurnished,3.36,False,True
8027,l00827,4,3,19,24,2023,True,2,furnished,0.88,False,True
8030,l00830,1,2,15,37,2017,True,0,furnished,4.42,False,True
8031,l00831,2,3,12,24,2021,False,0,unfurnished,7.85,True,False
8032,l00832,2,1,3,27,2020,False,0,unfurnished,4.54,False,True
8034,l00834,2,2,1,28,2009,True,2,furnished,7.45,False,True
8035,l00835,4,4,15,18,2000,False,0,furnished,6.49,False,False
8036,l00836,3,4,7,7,1999,True,4,unfurnished,7.16,True,True
8040,l00840,5,2,4,20,2017,False,0,furnished,0.61,True,True
8041,l00841,1,3,0,24,2017,False,0,semi-furnished,5.77,False,False
8042,l00842,2,2,11,35,2002,True,3,furnished,4.34,True,False
8043,l00843,2,4,8,20,2022,False,0,semi-furnished,1.05,True,False
8044,l00844,3,1,5,23,2022,True,2,furnished,1.79,True,True
8045,l00845,1,3,1,17,2001,True,4,furnished,1.33,True,True
8046,l00846,5,2,7,29,2007,True,3,furnished,6.19,False,False
8050,l00850,4,3,11,26,1995,True,0,furnished,3.63,False,True
8051,l00851,4,1,4,21,2023,False,0,unfurnished,0.27,True,False
8053,l00853,3,1,2,22,1996,False,0,semi-furnished,7.48,False,False
8054,l00854,2,2,1,33,1996,False,0,unfurnished,0.99,True,False
8057,l00857,1,4,8,12,2006,True,2,semi-furnished,1.22,False,False
8058,l00858,3,4,18,40,2014,True,3,furnished,1.23,False,True
8059,l00859,3,3,2,13,2010,False,0,unfurnished,0.7,False,False
8061,l00861,4,1,2,10,2013,False,0,furnished,2.19,False,False
8062,l00862,2,2,11,18,2001,True,1,unfurnished,7.92,False,True
8063,l00863,3,4,0,26,2019,False,0,unfurnished,3.35,True,True
8064,l00864,3,2,23,26,2019,True,1,semi-furnished,6.66,True,False
8065,l00865,3,3,19,24,1995,False,0,semi-furnished,5.85,False,False
8067,l00867,1,3,8,27,1997,True,1,semi-furnished,5.05,False,True
8068,l00868,3,2,16,40,2000,False,0,semi-furnished,3.78,True,False
8069,l00869,4,3,6,38,2001,False,0,furnished,1.06,True,True
8070,l00870,2,2,17,36,2023,True,4,semi-furnished,4.52,True,False
8071,l00871,3,1,0,26,2000,True,2,semi-furnished,6.18,False,True
8073,l00873,5,2,18,33,2008,True,1,unfurnished,1.58,False,False
8075,l00875,4,2,9,24,2002,True,1,furnished,4.5,False,False
8076,l00876,2,3,7,30,2001,False,0,unfurnished,5.42,False,True
8079,l00879,1,1,3,38,2013,False,0,unfurnished,3.84,False,True
8082,l00882,4,2,6,9,1999,False,0,unfurnished,3.33,False,True
8083,l00883,2,4,17,35,2006,False,0,semi-furnished,5.01,True,False
8084,l00884,1,1,24,37,1998,True,4,unfurnished,5.48,False,True
8085,l00885,4,3,7,18,2000,False,0,semi-furnished,0.53,False,True
8086,l00886,5,2,5,18,1998,False,0,unfurnished,1.98,True,True
8087,l00887,4,2,10,15,1996,True,0,unfurnished,5.38,True,False
8088,l00888,1,1,19,36,1997,False,0,semi-furnished,7.51,False,False
8089,l00889,5,2,4,32,2009,False,0,unfurnished,2.89,False,False
8090,l00890,4,1,2,37,2022,False,0,unfurnished,1.81,True,True
8092,l00892,3,1,21,36,2006,False,0,furnished,0.71,False,True
8093,l00893,5,2,19,37,2022,False,0,unfurnished,6.93,False,True
8094,l00894,5,3,9,35,2015,False,0,unfurnished,6.5,False,True
8095,l00895,3,4,1,6,2014,True,3,unfurnished,7.39,False,False
8096,l00896,1,3,5,28,2013,False,0,unfurnished,4.73,True,True
8097,l00897,3,4,3,29,2005,False,0,furnished,4.52,True,True
8098,l00898,3,4,2,29,2001,True,3,semi-furnished,6.45,False,False
8099,l00899,2,3,7,24,2010,False,0,semi-furnished,2.91,False,False
8100,l00900,4,4,22,40,2017,False,0,unfurnished,0.29,False,False
8101,l00901,3,1,15,35,2015,False,0,unfurnished,2.6,False,True
8102,l00902,4,4,19,32,1999,True,2,unfurnished,3.83,True,True
8103,l00903,1,4,7,29,2001,False,0,unfurnished,6.83,True,False
8104,l00904,4,3,14,20,2020,False,0,furnished,4.83,True,False
8105,l00905,3,2,10,21,1996,False,0,semi-furnished,2.06,False,False
8107,l00907,5,4,5,11,2017,True,4,unfurnished,2.79,True,False
8110,l00910,4,4,16,17,1995,False,0,unfurnished,5.66,False,False
8111,l00911,3,2,9,39,1999,False,0,furnished,5.24,True,False
8113,l00913,3,3,2,36,2019,False,0,unfurnished,1.88,False,False
8114,l00914,4,2,20,20,2011,False,0,unfurnished,6.3,False,False
8115,l00915,2,2,21,40,2016,False,0,furnished,6.11,False,True
8116,l00916,4,3,12,19,2020,False,0,unfurnished,6.19,True,False
8117,l00917,2,1,13,18,2021,False,0,unfurnished,0.3,False,False
8119,l00919,1,1,18,20,2008,False,0,furnished,4.71,True,False
8120,l00920,1,4,6,16,2021,False,0,semi-furnished,5.44,True,False
8122,l00922,1,3,13,39,2005,False,0,furnished,3.39,True,False
8123,l00923,5,2,2,14,2015,True,0,furnished,4.85,False,False
8124,l00924,1,4,24,30,2021,False,0,unfurnished,5.04,True,False
8126,l00926,4,1,4,21,2004,False,0,furnished,1.34,False,True
8127,l00927,3,3,14,28,2017,True,1,furnished,0.86,True,False
8129,l00929,2,3,6,17,2020,False,0,furnished,0.9,False,True
8130,l00930,5,1,8,15,1997,False,0,unfurnished,4.06,True,True
8134,l00934,1,1,22,38,2014,False,0,unfurnished,6.09,True,True
8136,l00936,1,2,20,36,1996,True,3,unfurnished,4.43,True,True
8137,l00937,1,4,10,33,2010,False,0,furnished,5.34,True,True
8139,l00939,2,2,10,40,2001,False,0,semi-furnished,5.22,False,True
8141,l00941,5,1,8,38,2011,False,0,unfurnished,1.94,True,False
8142,l00942,1,2,12,12,2015,False,0,furnished,7.74,False,False
8143,l00943,3,3,9,19,2018,False,0,furnished,6.62,True,True
8144,l00944,1,1,1,29,2000,True,1,semi-furnished,0.57,True,True
8145,l00945,3,1,3,35,2014,True,4,semi-furnished,1.84,True,True
8146,l00946,3,3,5,14,2017,False,0,semi-furnished,2.97,True,True
8150,l00950,5,3,13,17,2008,False,0,semi-furnished,3.4,False,True
8152,l00952,4,3,4,18,2012,False,0,furnished,6.85,True,False
8154,l00954,3,4,16,36,2021,False,0,furnished,1.73,False,False
8155,l00955,2,3,23,40,2004,True,0,semi-furnished,4.48,False,False
8156,l00956,4,1,4,18,1997,True,0,furnished,6.87,True,True
8157,l00957,3,4,12,26,1999,True,0,unfurnished,4.24,True,False
8158,l00958,3,2,16,28,2005,False,0,unfurnished,3.71,False,True
8159,l00959,4,3,1,21,2007,True,2,furnished,5.37,False,True
8162,l00962,4,3,4,32,1995,False,0,unfurnished,3.19,False,True
8164,l00964,1,3,4,8,1999,False,0,semi-furnished,5.25,True,False
8165,l00965,2,3,23,31,2005,False,0,semi-furnished,5.83,False,True
8167,l00967,1,4,6,25,2013,False,0,semi-furnished,3.04,False,False
8168,l00968,4,1,11,11,2002,False,0,furnished,3.17,False,True
8169,l00969,3,2,5,11,2020,False,0,semi-furnished,7.52,True,True
8171,l00971,5,3,5,24,2006,True,0,semi-furnished,6.22,False,False
8173,l00973,1,2,4,27,1995,False,0,unfurnished,3.75,False,True
8174,l00974,3,1,9,23,2019,True,3,unfurnished,6.14,True,True
8175,l00975,4,1,23,23,2015,True,0,semi-furnished,0.65,False,True
8176,l00976,3,4,10,27,2006,False,0,unfurnished,6.16,True,True
8177,l00977,3,1,8,28,1996,True,2,semi-furnished,4.86,True,True
8179,l00979,1,1,11,22,2012,True,0,semi-furnished,2.26,True,False
8181,l00981,1,3,2,10,2005,False,0,semi-furnished,7.55,True,False
8182,l00982,4,2,11,37,1995,False,0,semi-furnished,3.65,True,False
8183,l00983,3,4,25,30,2017,False,0,furnished,4.77,True,False
8184,l00984,4,1,6,36,2017,True,0,unfurnished,7.03,True,False
8186,l00986,1,4,23,33,2013,False,0,semi-furnished,4.85,False,True
8187,l00987,3,1,5,35,2021,False,0,semi-furnished,3.03,False,False
8188,l00988,1,2,14,40,1996,False,0,semi-furnished,1.94,True,False
8189,l00989,4,2,25,27,2001,True,3,furnished,3.48,True,True
8190,l00990,1,1,8,32,2009,False,0,unfurnished,2.21,False,True
8192,l00992,4,3,25,30,2007,True,0,furnished,1.08,False,False
8194,l00994,4,1,13,33,2020,True,2,furnished,1.26,True,True
8195,l00995,2,1,1,5,2010,False,0,unfurnished,0.99,True,True
8196,l00996,2,2,9,27,1998,True,2,semi-furnished,6.04,True,True
8198,l00998,5,2,0,16,2001,True,0,semi-furnished,1.44,True,False
8200,l01000,5,4,8,12,2002,False,0,semi-furnished,5.46,True,True
8201,l01001,2,4,7,40,2021,True,0,furnished,2.38,True,True
8202,l01002,1,3,4,22,2001,True,3,unfurnished,2.58,True,False
8203,l01003,5,1,13,15,2021,False,0,semi-furnished,0.77,True,False
8204,l01004,4,1,22,34,2021,False,0,furnished,7.87,True,True
8205,l01005,1,4,8,39,1996,False,0,semi-furnished,5.42,True,True
8206,l01006,3,1,5,10,2022,True,4,furnished,5.62,True,True
8207,l01007,4,3,10,40,1996,False,0,semi-furnished,0.93,False,True
8208,l01008,5,1,18,20,2009,True,1,semi-furnished,7.09,False,False
8209,l01009,5,2,10,30,2006,False,0,semi-furnished,5.62,False,True
8211,l01011,4,1,21,32,2011,True,1,furnished,7.5,False,False
8212,l01012,2,3,2,30,1998,True,3,furnished,7.85,False,False
8214,l01014,1,4,5,12,2010,True,4,unfurnished,3.27,False,True
8215,l01015,3,2,1,34,1998,True,2,semi-furnished,7.21,False,True
8216,l01016,5,4,17,31,2005,False,0,semi-furnished,7.99,True,True
8217,l01017,2,4,8,32,2010,True,4,unfurnished,1.19,False,False
8218,l01018,1,2,18,25,1999,False,0,unfurnished,1.52,True,True
8219,l01019,3,2,5,38,2003,False,0,unfurnished,3.7,False,False
8221,l01021,3,3,16,28,2012,True,0,semi-furnished,4.66,True,True
8223,l01023,1,3,10,20,2001,True,0,semi-furnished,5.75,True,False
8224,l01024,2,3,11,28,2007,False,0,furnished,1.51,False,False
8226,l01026,4,1,9,21,1995,True,2,unfurnished,1.89,False,True
8229,l01029,5,4,1,28,2007,True,4,furnished,0.73,False,False
8230,l01030,3,2,16,23,2009,True,4,unfurnished,7.36,True,True
8231,l01031,4,3,17,18,2016,False,0,semi-furnished,0.57,False,True
8233,l01033,2,3,3,8,2020,True,3,unfurnished,3.67,False,True
8237,l01037,5,1,2,30,1996,True,0,unfurnished,5.16,True,True
8238,l01038,5,1,18,21,2015,False,0,semi-furnished,5.99,True,False
8240,l01040,5,3,11,32,1999,False,0,furnished,3.84,True,True
8241,l01041,5,4,12,23,2022,True,0,unfurnished,6.76,True,True
8242,l01042,3,3,2,21,1999,True,4,unfurnished,0.41,True,True
8243,l01043,1,1,0,11,2009,True,1,semi-furnished,2.9,True,True
8244,l01044,5,4,12,25,1998,False,0,semi-furnished,5.24,True,True
8246,l01046,3,4,0,24,1999,True,0,furnished,2.89,False,True
8247,l01047,4,3,1,23,2018,False,0,furnished,2.67,True,True
8248,l01048,5,4,6,30,2007,False,0,semi-furnished,1.63,True,False
8250,l01050,4,4,20,22,2015,True,2,semi-furnished,1.58,True,True
8251,l01051,2,1,16,21,2014,True,2,semi-furnished,2.4,True,True
8254,l01054,4,1,11,36,2006,False,0,furnished,1.47,True,False
8257,l01057,3,1,16,21,2014,True,0,unfurnished,6.11,False,True
8259,l01059,4,4,16,34,2006,True,1,semi-furnished,4.62,True,False
8260,l01060,2,1,23,35,1998,True,1,furnished,3.97,False,False
8261,l01061,5,2,5,14,2019,True,4,unfurnished,7.42,False,False
8262,l01062,4,4,3,13,2004,True,3,semi-furnished,1.95,False,True
8263,l01063,2,4,5,16,1995,False,0,semi-furnished,5.62,False,False
8264,l01064,1,1,2,29,2006,False,0,furnished,1.97,False,False
8266,l01066,4,4,17,34,2000,True,3,furnished,5.18,True,False
8267,l01067,4,3,10,29,1995,False,0,unfurnished,2.78,True,True
8268,l01068,2,4,8,9,2015,False,0,unfurnished,3.71,False,True
8269,l01069,1,2,0,8,2011,False,0,furnished,4.06,True,False
8270,l01070,3,4,21,24,2012,True,2,furnished,5.41,True,True
8272,l01072,4,4,14,33,1997,True,0,semi-furnished,3.81,True,True
8273,l01073,4,2,8,32,2000,True,3,unfurnished,2.75,False,False
8274,l01074,1,4,17,34,2019,True,1,furnished,1.63,True,True
8275,l01075,3,4,23,37,2005,False,0,semi-furnished,3.79,False,True
8276,l01076,4,2,9,29,2013,False,0,furnished,2.32,True,False
8277,l01077,1,2,1,34,2013,False,0,semi-furnished,5.75,True,False
8279,l01079,4,4,21,39,2014,True,3,unfurnished,0.3,True,True
8282,l01082,4,3,2,16,2009,False,0,unfurnished,4.34,True,True
8283,l01083,5,2,24,39,2015,True,4,unfurnished,5.13,False,False
8285,l01085,4,2,22,26,2021,True,1,furnished,4.81,True,False
8286,l01086,3,1,3,40,2010,False,0,unfurnished,4.53,False,True
8287,l01087,1,1,18,29,2012,True,2,unfurnished,2.84,True,False
8288,l01088,5,2,8,33,2017,False,0,semi-furnished,6.96,True,True
8289,l01089,1,1,2,21,2014,False,0,unfurnished,4.48,True,True
8291,l01091,2,4,25,28,2000,False,0,furnished,7.3,True,False
8293,l01093,4,3,2,10,2014,False,0,furnished,7.0,False,True
8295,l01095,4,4,10,27,2012,False,0,unfurnished,4.81,False,True
8296,l01096,4,1,3,10,2009,False,0,unfurnished,1.41,False,True
8297,l01097,5,4,24,28,2013,False,0,semi-furnished,1.24,False,False
8298,l01098,3,3,18,25,1995,True,3,unfurnished,1.76,True,True
8301,l01101,5,1,2,37,2006,True,4,furnished,5.73,False,True
8302,l01102,2,4,9,9,2003,True,4,semi-furnished,0.98,False,False
8303,l01103,1,2,1,22,2009,False,0,furnished,2.33,False,True
8304,l01104,1,4,15,21,1997,True,2,unfurnished,7.65,True,False
8305,l01105,2,3,16,33,2017,False,0,semi-furnished,3.15,False,True
8306,l01106,2,3,11,24,2002,True,3,furnished,4.39,True,True
8307,l01107,3,2,11,17,2010,True,0,unfurnished,6.6,True,False
8308,l01108,5,4,14,27,2003,False,0,unfurnished,2.8,True,False
8309,l01109,4,2,9,24,1996,False,0,semi-furnished,7.37,True,True
8310,l01110,2,3,1,37,2002,True,1,semi-furnished,6.55,True,False
8311,l01111,1,3,18,25,2021,True,0,furnished,6.89,False,False
8312,l01112,1,1,4,26,1995,True,4,unfurnished,5.74,True,False
8313,l01113,2,1,2,19,2016,True,1,semi-furnished,3.41,True,False
8314,l01114,5,2,15,19,2009,False,0,semi-furnished,7.22,True,False
8315,l01115,2,1,10,33,2008,False,0,furnished,1.74,False,True
8316,l01116,1,3,15,40,2020,False,0,semi-furnished,6.53,False,False
8317,l01117,5,1,1,18,1996,True,2,unfurnished,4.15,False,True
8318,l01118,2,2,10,13,2005,False,0,semi-furnished,7.12,False,False
8321,l01121,1,4,3,8,2001,True,1,furnished,6.98,True,False
8322,l01122,2,2,14,38,2013,False,0,furnished,7.89,True,False
8323,l01123,4,3,5,33,2007,False,0,unfurnished,2.21,False,False
8325,l01125,4,1,4,9,2007,False,0,semi-furnished,5.62,False,False
8326,l01126,1,4,19,36,1995,False,0,unfurnished,5.09,True,False
8327,l01127,1,2,8,12,2008,True,4,furnished,3.57,False,True
8329,l01129,2,4,0,9,2003,False,0,semi-furnished,0.56,False,True
8331,l01131,4,2,4,27,2009,True,1,furnished,5.55,True,False
8332,l01132,3,3,1,25,2006,False,0,furnished,3.97,True,False
8333,l01133,2,1,8,26,2023,True,1,furnished,0.53,False,False
8334,l01134,4,2,1,20,2022,False,0,unfurnished,2.69,True,True
8335,l01135,3,1,16,40,1998,True,2,furnished,3.01,True,False
8336,l01136,3,2,6,26,2010,False,0,furnished,2.24,True,False
8337,l01137,3,2,22,39,2018,True,1,furnished,5.77,False,False
8338,l01138,1,3,22,36,2018,False,0,unfurnished,4.37,True,False
8339,l01139,3,1,12,16,2005,True,2,unfurnished,2.69,True,True
8341,l01141,4,2,9,39,2010,True,2,furnished,3.65,True,False
8342,l01142,5,1,4,10,2021,False,0,unfurnished,0.85,False,False
8343,l01143,2,1,9,29,2023,False,0,unfurnished,3.65,False,False
8344,l01144,1,4,4,12,2017,True,1,semi-furnished,7.23,False,False
8345,l01145,1,3,9,27,2009,False,0,unfurnished,2.61,True,True
8346,l01146,5,2,4,37,2003,False,0,furnished,4.55,False,True
8348,l01148,5,4,7,17,2010,False,0,unfurnished,4.37,False,False
8349,l01149,2,1,0,37,2022,True,4,semi-furnished,6.72,True,True
8350,l01150,3,1,14,38,1997,True,0,semi-furnished,2.06,False,False
8352,l01152,5,3,19,25,2003,False,0,unfurnished,0.65,False,False
8353,l01153,2,1,16,23,2002,True,0,furnished,5.97,False,False
8354,l01154,1,4,1,24,2015,False,0,furnished,7.77,False,False
8355,l01155,5,4,2,8,2004,True,0,furnished,0.25,True,False
8358,l01158,5,2,7,39,2000,False,0,unfurnished,3.02,True,True
8360,l01160,5,3,21,34,2001,True,1,semi-furnished,7.28,True,False
8362,l01162,4,3,1,11,2019,False,0,semi-furnished,7.91,False,True
8363,l01163,1,3,9,31,2013,False,0,furnished,7.95,True,True
8364,l01164,2,3,18,36,2006,False,0,unfurnished,5.18,True,True
8365,l01165,1,3,12,31,2007,False,0,furnished,2.77,False,True
8366,l01166,2,2,7,19,2020,False,0,unfurnished,6.51,True,True
8367,l01167,4,2,4,25,1999,False,0,semi-furnished,7.65,True,True
8368,l01168,1,4,0,8,2014,True,3,semi-furnished,5.16,True,True
8369,l01169,2,4,8,23,1999,True,4,semi-furnished,5.59,True,False
8371,l01171,5,3,10,23,2020,True,0,semi-furnished,5.61,False,True
8372,l01172,1,4,14,14,2019,True,3,furnished,6.94,True,False
8374,l01174,3,4,17,25,2004,True,1,semi-furnished,7.14,False,False
8376,l01176,5,2,7,39,1995,True,2,semi-furnished,6.25,False,True
8377,l01177,5,1,15,37,1995,False,0,furnished,5.17,True,True
8378,l01178,2,2,22,39,2014,True,3,furnished,0.74,False,True
8379,l01179,3,4,7,32,2011,False,0,furnished,2.09,True,True
8383,l01183,1,4,25,28,1996,True,1,unfurnished,1.29,False,True
8384,l01184,4,3,6,35,2011,True,4,semi-furnished,3.46,True,False
8385,l01185,4,3,4,22,2001,False,0,semi-furnished,1.61,False,True
8386,l01186,2,3,7,29,2022,False,0,semi-furnished,5.96,True,False
8387,l01187,1,4,0,38,2012,True,2,unfurnished,0.52,False,False
8388,l01188,5,3,7,23,2018,True,2,unfurnished,2.11,False,False
8390,l01190,2,3,11,22,2016,False,0,unfurnished,6.46,False,False
8391,l01191,2,4,23,38,1998,True,3,unfurnished,7.19,False,True
8392,l01192,4,2,25,39,2001,False,0,semi-furnished,4.79,False,True
8393,l01193,4,2,0,8,2015,True,0,unfurnished,5.93,False,False
8394,l01194,3,1,12,20,2017,False,0,unfurnished,2.73,False,False
8395,l01195,1,1,4,35,2004,False,0,semi-furnished,6.48,False,False
8396,l01196,3,1,10,16,2017,False,0,semi-furnished,5.76,False,False
8399,l01199,5,2,10,26,2011,True,4,unfurnished,3.83,False,True
8400,l01200,4,1,9,19,2003,True,0,furnished,3.83,False,True
8402,l00002,2,3,6,39,2014,True,0,semi-furnished,7.13,False,True
8403,l00003,4,1,22,32,2011,True,3,unfurnished,7.48,True,False
8404,l00004,2,2,8,17,1995,False,0,semi-furnished,0.23,False,False
8405,l00005,2,3,3,8,2009,False,0,unfurnished,0.43,True,False
8406,l00006,3,2,1,34,2004,False,0,furnished,3.54,True,True
8408,l00008,5,4,14,23,2012,True,0,semi-furnished,3.21,True,True
8410,l00010,4,2,0,6,2006,True,1,furnished,1.06,True,True
8411,l00011,4,2,25,26,1998,True,2,furnished,7.41,True,False
8412,l00012,5,1,14,25,2022,True,3,furnished,0.81,True,False
8413,l00013,3,4,15,19,1998,True,2,furnished,2.66,True,False
8415,l00015,5,3,6,34,2005,True,0,unfurnished,0.85,False,True
8416,l00016,4,4,5,14,2015,False,0,semi-furnished,7.44,False,True
8419,l00019,2,2,15,27,1998,True,2,furnished,5.95,True,True
8421,l00021,2,3,13,13,2013,False,0,unfurnished,5.19,False,False
8422,l00022,5,1,20,34,2017,True,4,furnished,0.48,False,True
8423,l00023,2,1,21,38,2022,True,0,semi-furnished,2.46,True,False
8424,l00024,1,2,3,34,2001,True,2,furnished,0.43,False,True
8426,l00026,2,3,13,35,1995,True,2,semi-furnished,7.11,True,False
8427,l00027,5,3,11,12,2022,False,0,unfurnished,3.12,False,False
8428,l00028,1,1,7,37,1996,True,0,semi-furnished,6.28,False,False
8429,l00029,1,1,14,15,2020,False,0,unfurnished,1.16,False,False
8432,l00032,2,4,14,40,2006,False,0,unfurnished,1.61,True,False
8433,l00033,4,2,2,14,2010,False,0,furnished,2.13,False,False
8435,l00035,2,3,11,40,2020,True,2,furnished,3.22,False,False
8436,l00036,3,1,6,28,2000,True,0,semi-furnished,1.43,True,False
8437,l00037,5,2,20,34,1999,False,0,semi-furnished,6.85,False,True
8438,l00038,4,2,3,5,2013,False,0,furnished,3.95,True,True
8439,l00039,5,4,1,34,2012,False,0,furnished,0.73,False,True
8440,l00040,5,4,12,18,2020,True,4,semi-furnished,7.77,False,True
8441,l00041,4,3,18,23,2015,True,3,furnished,6.4,True,False
8442,l00042,3,3,5,26,1995,True,1,unfurnished,2.55,False,False
8443,l00043,4,3,24,37,2023,True,1,unfurnished,2.36,True,True
8446,l00046,2,3,7,13,2010,True,0,unfurnished,5.42,True,True
8447,l00047,3,1,19,32,1995,True,1,semi-furnished,5.28,False,True
8448,l00048,3,3,8,34,2000,True,1,unfurnished,4.15,False,True
8449,l00049,4,1,20,32,2010,True,4,semi-furnished,0.35,True,False
8450,l00050,3,1,5,25,1997,False,0,furnished,5.72,False,False
8451,l00051,3,4,13,29,2013,True,4,furnished,1.41,True,False
8452,l00052,2,3,10,40,2011,True,1,unfurnished,1.63,True,True
8453,l00053,3,1,14,28,2014,False,0,furnished,5.51,True,False
8454,l00054,4,2,15,28,1997,True,4,furnished,2.21,False,False
8455,l00055,2,1,0,26,2007,True,0,furnished,4.55,False,True
8456,l00056,3,2,10,15,2008,True,3,furnished,3.24,True,True
8460,l00060,2,3,13,15,2002,True,0,furnished,2.85,False,True
8461,l00061,2,1,6,35,2009,False,0,unfurnished,7.19,True,False
8462,l00062,1,4,7,26,2009,True,3,semi-furnished,1.95,False,False
8464,l00064,4,1,7,40,2000,True,4,semi-furnished,5.5,False,False
8465,l00065,2,4,22,24,2005,False,0,furnished,2.08,False,True
8466,l00066,1,1,7,15,2004,True,4,unfurnished,2.92,True,False
8467,l00067,2,3,19,30,2018,True,0,semi-furnished,6.77,True,False
8468,l00068,4,1,11,35,2014,False,0,furnished,0.85,True,True
8469,l00069,4,4,6,6,1999,True,2,semi-furnished,2.79,False,True
8471,l00071,1,3,3,38,2020,True,4,unfurnished,7.47,True,True
8472,l00072,5,4,11,34,2018,False,0,semi-furnished,6.55,False,True
8473,l00073,3,4,5,14,2020,False,0,furnished,1.05,True,True
8474,l00074,3,1,4,25,2004,False,0,furnished,4.43,True,False
8475,l00075,4,2,25,39,2004,False,0,unfurnished,4.75,False,False
8476,l00076,3,1,21,32,1999,False,0,furnished,5.72,False,True
8477,l00077,5,2,0,39,1996,True,3,furnished,5.95,False,False
8478,l00078,4,4,21,25,2001,False,0,furnished,3.57,True,False
8479,l00079,2,2,12,30,2014,True,3,semi-furnished,1.32,False,True
8481,l00081,2,4,17,39,2002,True,3,unfurnished,5.51,True,False
8482,l00082,1,2,24,26,2014,True,1,furnished,2.61,True,False
8484,l00084,4,3,18,33,2014,False,0,semi-furnished,5.96,True,False
8485,l00085,2,2,10,39,2005,True,2,semi-furnished,1.6,True,False
8486,l00086,5,4,7,11,2008,True,2,unfurnished,4.56,False,False
8487,l00087,5,1,21,31,2014,False,0,unfurnished,2.22,True,False
8488,l00088,2,4,1,5,2014,False,0,furnished,0.8,True,True
8489,l00089,5,4,10,26,1996,True,1,unfurnished,1.04,False,False
8490,l00090,5,4,3,31,2009,True,1,furnished,3.63,False,False
8491,l00091,5,2,20,32,2016,True,3,furnished,3.96,False,True
8492,l00092,3,4,9,16,2019,False,0,furnished,7.14,True,True
8493,l00093,2,1,16,17,1997,True,4,furnished,3.02,False,False
8495,l00095,1,4,13,14,2020,False,0,unfurnished,0.5,True,True
8497,l00097,3,3,12,29,2018,False,0,semi-furnished,6.17,True,False
8498,l00098,3,4,15,34,2012,True,1,unfurnished,6.18,False,False
8499,l00099,2,4,21,22,2011,False,0,unfurnished,5.23,True,True
8500,l00100,1,2,19,28,2014,False,0,unfurnished,7.54,True,True
8501,l00101,5,4,3,18,2017,False,0,semi-furnished,4.02,False,False
8502,l00102,3,3,18,34,2005,True,3,furnished,1.84,False,True
8503,l00103,5,2,14,32,2007,False,0,unfurnished,2.31,True,False
8504,l00104,3,3,7,8,2012,False,0,furnished,1.78,False,True
8505,l00105,1,3,3,23,2020,False,0,semi-furnished,5.95,False,True
8508,l00108,2,3,17,31,2021,True,4,semi-furnished,7.32,True,False
8509,l00109,1,4,1,13,2002,False,0,unfurnished,2.31,True,True
8511,l00111,3,1,17,35,2000,False,0,unfurnished,7.42,False,True
8513,l00113,4,1,9,17,1998,False,0,semi-furnished,5.06,True,True
8515,l00115,1,3,3,9,1997,False,0,semi-furnished,5.49,True,False
8516,l00116,2,1,0,34,2003,True,1,furnished,3.15,False,False
8518,l00118,3,3,8,23,2001,False,0,semi-furnished,0.38,False,True
8519,l00119,2,1,9,9,2015,False,0,semi-furnished,2.93,True,False
8520,l00120,1,2,9,25,2020,True,2,unfurnished,7.19,True,False
8521,l00121,4,3,14,22,2015,False,0,semi-furnished,2.3,False,False
8522,l00122,1,2,8,18,1996,True,0,semi-furnished,5.13,True,True
8523,l00123,1,1,2,22,2000,True,1,furnished,5.72,True,False
8525,l00125,3,2,15,33,2002,False,0,unfurnished,4.81,False,False
8526,l00126,2,4,1,16,1999,False,0,semi-furnished,7.34,True,False
8527,l00127,2,4,5,33,2007,False,0,furnished,2.9,False,False
8528,l00128,2,1,12,33,2013,True,1,furnished,3.2,False,True
8529,l00129,1,3,10,17,2018,False,0,furnished,5.72,False,False
8530,l00130,1,3,4,40,2004,True,1,unfurnished,4.12,True,True
8531,l00131,4,3,13,28,1999,True,4,semi-furnished,3.7,True,False
8534,l00134,3,4,5,12,1999,False,0,unfurnished,1.73,False,True
8535,l00135,3,3,25,28,2002,False,0,semi-furnished,4.68,False,False
8538,l00138,5,4,14,24,1996,True,4,semi-furnished,4.9,True,True
8540,l00140,2,2,23,30,2020,False,0,semi-furnished,1.65,True,True
8541,l00141,1,2,13,38,2010,True,3,unfurnished,1.09,False,False
8542,l00142,1,1,0,24,1996,False,0,semi-furnished,5.36,False,True
8543,l00143,5,2,0,40,2021,True,0,semi-furnished,4.64,False,True
8545,l00145,4,3,13,17,2009,False,0,unfurnished,2.19,True,True
8547,l00147,2,2,7,33,1996,True,4,unfurnished,2.72,True,True
8548,l00148,3,4,16,29,2017,False,0,semi-furnished,3.02,True,True
8549,l00149,1,1,24,33,1995,True,0,furnished,1.73,False,False
8550,l00150,2,4,4,13,2013,True,4,semi-furnished,1.67,False,False
8551,l00151,2,2,17,20,2011,False,0,unfurnished,7.94,False,True
8553,l00153,3,2,8,21,2006,True,4,semi-furnished,4.17,True,True
8554,l00154,4,4,8,40,2002,False,0,furnished,6.78,True,False
8556,l00156,4,1,20,33,2019,False,0,semi-furnished,1.79,True,False
8557,l00157,2,3,18,37,2015,True,2,semi-furnished,7.94,True,False
8559,l00159,4,4,22,35,2004,True,2,unfurnished,0.33,True,False
8560,l00160,5,3,18,40,2005,False,0,unfurnished,0.84,False,True
8561,l00161,4,2,23,31,2014,False,0,semi-furnished,3.04,True,True
8562,l00162,3,2,2,15,2000,False,0,furnished,3.66,False,False
8564,l00164,3,2,13,13,2018,False,0,furnished,2.34,False,True
8565,l00165,2,1,5,37,1998,True,4,semi-furnished,4.01,False,True
8566,l00166,1,3,19,40,2010,False,0,semi-furnished,5.19,False,False
8567,l00167,2,3,3,28,1997,True,4,furnished,1.04,False,True
8569,l00169,3,4,14,26,1999,True,3,furnished,4.44,True,False
8570,l00170,1,4,4,9,1997,False,0,unfurnished,5.41,True,False
8571,l00171,5,3,19,30,1995,False,0,semi-furnished,1.96,False,True
8573,l00173,3,3,1,15,2004,False,0,furnished,1.21,True,False
8574,l00174,3,1,20,26,2008,True,1,furnished,1.18,False,False
8575,l00175,2,1,7,26,2000,True,0,furnished,2.71,True,True
8576,l00176,2,2,15,25,2008,True,0,semi-furnished,4.89,False,False
8577,l00177,4,3,22,33,1999,True,0,unfurnished,7.0,True,False
8578,l00178,2,3,4,39,2003,True,2,furnished,1.34,True,False
8579,l00179,3,1,12,30,1995,True,2,furnished,3.93,True,False
8580,l00180,2,2,14,24,2016,True,4,furnished,4.23,False,False
8581,l00181,5,4,4,27,1998,False,0,unfurnished,2.25,False,False
8583,l00183,5,3,23,37,2022,True,1,unfurnished,5.9,False,True
8584,l00184,1,4,12,40,2014,False,0,semi-furnished,1.39,False,True
8585,l00185,5,4,2,40,2007,False,0,semi-furnished,2.76,True,False
8586,l00186,3,3,13,34,2023,True,1,unfurnished,5.82,False,True
8587,l00187,4,3,10,16,2009,False,0,unfurnished,1.28,False,False
8588,l00188,2,3,6,25,2014,True,1,unfurnished,1.71,True,False
8591,l00191,3,3,6,15,2016,False,0,furnished,0.84,True,False
8592,l00192,2,3,19,22,2023,False,0,semi-furnished,6.29,True,False
8593,l00193,4,2,17,24,2010,True,2,semi-furnished,2.62,False,False
8594,l00194,3,1,18,36,2017,True,1,semi-furnished,2.88,True,True
8595,l00195,3,3,23,32,2007,True,4,semi-furnished,7.66,True,True
8596,l00196,4,1,1,31,2017,False,0,furnished,5.75,True,False
8597,l00197,5,2,4,33,1996,False,0,furnished,5.43,True,False
8598,l00198,5,1,5,20,2017,True,2,unfurnished,7.05,False,False
8599,l00199,2,3,12,32,2004,False,0,semi-furnished,2.31,False,True
8600,l00200,2,2,9,37,2004,True,3,unfurnished,7.86,True,True
8601,l00201,2,4,22,32,2005,False,0,unfurnished,2.07,False,False
8602,l00202,5,2,20,25,2008,False,0,unfurnished,5.93,False,True
8603,l00203,4,1,9,34,2008,True,1,unfurnished,0.77,True,True
8605,l00205,1,4,8,36,2000,False,0,furnished,6.92,True,False
8606,l00206,4,4,3,21,2017,False,0,furnished,0.22,True,False
8607,l00207,1,1,11,20,2001,True,2,semi-furnished,6.52,True,True
8608,l00208,4,2,1,13,2014,False,0,furnished,1.92,False,True
8609,l00209,3,4,2,11,1995,True,3,unfurnished,2.78,True,False
8610,l00210,2,2,2,32,2005,False,0,semi-furnished,6.57,False,True
8611,l00211,1,3,3,6,2018,True,0,semi-furnished,5.92,True,False
8612,l00212,4,1,10,30,2012,False,0,semi-furnished,0.65,False,False
8614,l00214,4,1,6,34,2019,True,0,semi-furnished,1.14,False,True
8616,l00216,5,3,13,29,2015,True,0,unfurnished,1.83,False,True
8619,l00219,1,3,25,28,2002,False,0,furnished,6.68,False,False
8620,l00220,5,3,6,16,2004,True,3,semi-furnished,0.26,True,True
8622,l00222,5,1,16,37,1998,True,1,semi-furnished,4.16,False,False
8623,l00223,3,2,4,33,2017,False,0,furnished,5.95,True,True
8624,l00224,1,4,5,14,2021,False,0,semi-furnished,4.82,True,False
8625,l00225,1,2,10,28,2009,False,0,semi-furnished,1.92,False,False
8626,l00226,4,1,1,20,1997,True,3,unfurnished,7.64,False,False
8627,l00227,2,2,4,13,2010,False,0,unfurnished,0.38,False,False
8628,l00228,4,4,11,21,2010,True,1,unfurnished,4.65,False,False
8629,l00229,3,4,17,39,2022,False,0,semi-furnished,7.04,False,False
8630,l00230,4,1,7,26,2009,True,0,furnished,6.13,False,False
8631,l00231,2,3,18,24,2021,True,0,semi-furnished,7.05,True,True
8632,l00232,4,4,3,12,2017,True,1,furnished,5.57,False,False
8634,l00234,3,4,0,30,2021,True,2,semi-furnished,3.86,True,False
8636,l00236,5,4,14,33,2003,False,0,semi-furnished,3.89,True,False
8637,l00237,5,2,8,35,2008,True,0,unfurnished,4.36,False,True
8638,l00238,5,2,7,18,2010,True,4,unfurnished,2.97,True,True
8639,l00239,5,4,23,34,2005,False,0,semi-furnished,3.84,False,False
8640,l00240,4,2,13,13,2001,False,0,unfurnished,5.88,False,True
8641,l00241,4,4,14,29,1995,False,0,semi-furnished,1.24,False,True
8643,l00243,3,1,19,22,2013,True,2,furnished,0.43,True,False
8644,l00244,3,1,3,17,2023,True,2,unfurnished,2.95,True,False
8645,l00245,4,4,19,25,2021,True,0,semi-furnished,3.24,False,False
8646,l00246,3,4,19,21,2007,True,1,furnished,3.82,False,True
8647,l00247,2,4,19,34,1999,True,1,semi-furnished,0.77,False,False
8648,l00248,1,2,12,40,2011,False,0,semi-furnished,3.82,True,False
8649,l00249,5,2,20,24,2004,False,0,furnished,4.47,True,True
8650,l00250,5,1,24,35,2020,False,0,furnished,6.35,False,True
8651,l00251,2,2,20,35,2007,False,0,unfurnished,0.35,True,True
8652,l00252,1,3,12,14,2002,True,2,furnished,1.38,True,True
8654,l00254,3,1,22,28,2001,True,4,semi-furnished,1.44,True,True
8655,l00255,4,2,7,26,2010,True,4,unfurnished,7.16,False,True
8656,l00256,2,1,18,34,2010,False,0,unfurnished,4.14,False,False
8657,l00257,1,3,17,38,2006,False,0,furnished,1.08,False,False
8659,l00259,5,4,14,34,2022,True,2,semi-furnished,3.62,False,False
8660,l00260,2,2,5,8,2014,True,4,unfurnished,3.21,True,True
8662,l00262,5,3,7,34,2013,True,1,furnished,5.78,True,False
8663,l00263,1,4,14,24,2009,True,2,furnished,7.22,True,True
8664,l00264,4,1,18,19,2003,True,2,furnished,5.85,True,False
8665,l00265,3,4,16,25,1995,True,4,semi-furnished,7.43,False,False
8666,l00266,2,2,2,10,2021,False,0,semi-furnished,6.47,True,False
8667,l00267,4,4,9,14,2017,False,0,unfurnished,7.06,False,False
8669,l00269,5,2,22,39,2017,True,3,semi-furnished,5.48,True,False
8670,l00270,4,3,0,9,1999,False,0,unfurnished,4.23,True,True
8671,l00271,2,1,0,28,2008,False,0,unfurnished,3.37,True,False
8674,l00274,5,1,20,20,1999,True,4,semi-furnished,0.93,False,True
8675,l00275,5,1,19,30,1999,True,3,unfurnished,4.72,True,True
8678,l00278,4,3,4,11,2016,False,0,unfurnished,7.03,False,False
8679,l00279,2,2,6,38,2010,True,3,furnished,3.79,False,False
8680,l00280,3,2,10,20,2016,False,0,semi-furnished,6.49,True,False
8681,l00281,3,2,24,38,1999,False,0,semi-furnished,2.65,True,False
8682,l00282,2,1,23,34,2012,False,0,semi-furnished,1.27,False,False
8684,l00284,4,2,8,8,2000,True,4,semi-furnished,5.88,False,True
8685,l00285,5,2,6,32,2023,True,0,furnished,7.32,False,True
8686,l00286,5,1,4,40,2018,True,0,semi-furnished,5.65,False,False
8687,l00287,1,4,6,18,2017,True,0,furnished,0.94,True,False
8688,l00288,1,2,20,26,1999,False,0,furnished,7.89,False,False
8689,l00289,5,1,4,12,2014,True,2,unfurnished,3.33,True,True
8690,l00290,3,2,19,32,2010,False,0,unfurnished,1.76,False,True
8691,l00291,4,2,1,31,2011,False,0,semi-furnished,0.77,False,True
8693,l00293,1,1,10,31,2022,True,1,semi-furnished,4.16,True,True
8694,l00294,4,1,7,32,2013,False,0,unfurnished,3.54,True,False
8695,l00295,2,2,17,17,2019,False,0,unfurnished,1.93,True,True
8696,l00296,2,4,10,36,1998,False,0,furnished,2.97,True,False
8697,l00297,5,3,2,20,2000,False,0,semi-furnished,6.06,True,True
8698,l00298,2,4,7,13,2018,False,0,unfurnished,4.68,True,True
8699,l00299,4,3,7,15,1996,False,0,unfurnished,1.79,False,True
8700,l00300,5,4,19,24,2015,False,0,unfurnished,5.6,True,True
8701,l00301,3,3,23,28,1999,False,0,unfurnished,3.5,True,True
8702,l00302,2,1,10,25,1995,True,3,unfurnished,6.71,False,True
8704,l00304,3,2,15,33,2008,False,0,furnished,5.16,False,True
8705,l00305,5,3,10,31,2007,False,0,furnished,0.99,False,False
8706,l00306,1,4,21,28,2005,False,0,unfurnished,2.42,False,True
8709,l00309,1,2,5,31,2002,False,0,semi-furnished,3.21,False,False
8710,l00310,2,1,24,38,2004,True,1,unfurnished,0.45,True,True
8711,l00311,3,3,0,25,2014,False,0,unfurnished,6.34,False,True
8712,l00312,5,3,22,24,2005,True,1,semi-furnished,1.57,False,True
8713,l00313,1,3,14,40,2010,True,1,semi-furnished,4.71,True,False
8715,l00315,5,1,8,17,2018,False,0,furnished,7.23,True,False
8718,l00318,2,2,1,22,2001,False,0,semi-furnished,4.89,True,True
8719,l00319,3,3,7,35,2022,True,3,semi-furnished,1.87,True,True
8720,l00320,5,2,17,40,2012,True,1,furnished,5.38,False,False
8721,l00321,2,4,5,37,2007,False,0,unfurnished,5.66,True,True
8723,l00323,4,3,23,40,2003,True,0,semi-furnished,1.49,True,False
8724,l00324,2,1,3,17,2008,True,3,furnished,5.9,False,False
8726,l00326,4,2,9,30,2019,False,0,semi-furnished,5.66,True,True
8727,l00327,1,3,6,25,2003,True,3,semi-furnished,0.86,True,True
8729,l00329,1,4,12,24,2021,False,0,furnished,4.38,True,True
8730,l00330,1,4,22,33,1995,True,3,furnished,7.31,False,True
8731,l00331,5,1,1,22,1998,True,2,furnished,4.76,False,True
8732,l00332,1,2,5,32,2016,False,0,unfurnished,6.29,True,True
8734,l00334,3,2,15,19,1999,True,2,unfurnished,0.42,True,True
8735,l00335,1,1,9,38,2008,True,2,semi-furnished,1.86,True,True
8738,l00338,1,1,7,15,1997,False,0,unfurnished,1.37,True,False
8739,l00339,2,4,21,26,2002,True,0,unfurnished,6.88,True,True
8741,l00341,5,1,17,29,1996,True,4,semi-furnished,3.79,True,True
8742,l00342,5,3,22,26,2012,False,0,unfurnished,6.8,True,True
8743,l00343,3,4,2,29,2018,True,3,semi-furnished,6.59,True,False
8744,l00344,4,2,0,38,2005,False,0,furnished,7.89,False,False
8745,l00345,4,3,10,21,2001,True,1,unfurnished,1.81,True,True
8747,l00347,1,4,12,13,2003,False,0,unfurnished,1.74,False,False
8748,l00348,4,3,9,38,2020,False,0,semi-furnished,3.76,False,False
8749,l00349,3,3,11,31,2023,False,0,furnished,5.24,True,False
8750,l00350,3,4,18,31,2005,True,0,semi-furnished,7.47,True,True
8751,l00351,2,2,5,27,2015,True,3,semi-furnished,5.65,True,False
8752,l00352,1,1,19,26,2010,False,0,furnished,0.67,True,False
8753,l00353,1,3,1,18,2000,False,0,furnished,1.86,False,True
8755,l00355,4,3,9,23,2012,False,0,furnished,6.84,True,False
8756,l00356,1,4,20,30,2017,False,0,unfurnished,2.18,False,False
8757,l00357,2,3,9,39,2010,False,0,semi-furnished,6.69,False,False
8758,l00358,2,3,24,24,2008,True,3,furnished,4.45,True,True
8762,l00362,3,2,2,20,1999,False,0,semi-furnished,2.06,False,True
8764,l00364,4,3,20,38,1999,False,0,semi-furnished,6.57,False,True
8765,l00365,3,3,8,10,2008,False,0,semi-furnished,5.92,False,False
8766,l00366,1,2,9,21,2006,True,0,furnished,5.28,False,False
8767,l00367,5,3,2,14,1996,True,0,furnished,2.85,False,True
8768,l00368,1,2,4,19,1997,False,0,semi-furnished,1.99,True,False
8769,l00369,1,4,17,20,1997,True,3,semi-furnished,2.57,True,True
8770,l00370,4,4,17,35,2006,False,0,furnished,5.22,False,False
8771,l00371,5,1,6,36,2022,False,0,unfurnished,3.22,False,True
8772,l00372,5,1,4,22,2019,False,0,semi-furnished,7.38,True,True
8773,l00373,5,4,3,24,2002,False,0,furnished,7.25,False,False
8775,l00375,3,1,21,38,2004,True,1,unfurnished,1.55,True,True
8777,l00377,3,1,11,25,2011,False,0,semi-furnished,3.46,False,False
8778,l00378,3,2,1,28,2002,True,3,unfurnished,2.61,True,False
8779,l00379,2,2,6,31,2022,True,1,furnished,7.64,False,False
8780,l00380,3,2,23,24,2007,True,1,furnished,3.81,False,False
8781,l00381,2,3,2,16,2009,False,0,furnished,3.52,True,False
8782,l00382,5,1,8,27,2017,True,2,unfurnished,2.9,True,True
8783,l00383,2,2,12,38,2002,True,1,furnished,0.44,False,True
8784,l00384,3,2,4,37,2016,False,0,unfurnished,6.9,False,False
8785,l00385,4,4,0,8,1998,False,0,unfurnished,4.21,True,True
8788,l00388,1,4,5,31,2012,False,0,furnished,4.11,True,True
8789,l00389,5,1,23,32,2001,True,4,semi-furnished,1.48,True,True
8790,l00390,1,4,14,31,2002,True,0,furnished,7.98,True,True
8791,l00391,2,3,22,35,2005,False,0,semi-furnished,2.53,False,True
8792,l00392,3,1,23,33,2010,True,4,semi-furnished,0.51,True,True
8793,l00393,4,1,9,11,2012,False,0,semi-furnished,2.45,True,True
8794,l00394,4,3,0,10,2018,False,0,unfurnished,6.52,True,False
8795,l00395,3,3,19,28,2022,True,1,furnished,3.16,False,True
8796,l00396,4,3,18,23,2006,False,0,furnished,2.46,True,False
8798,l00398,5,3,13,40,2012,False,0,unfurnished,0.61,False,False
8799,l00399,2,3,19,25,1999,False,0,unfurnished,4.58,True,False
8800,l00400,5,4,11,30,2009,False,0,semi-furnished,6.83,True,False
8801,l00401,2,1,19,35,2004,False,0,unfurnished,5.83,True,False
8802,l00402,1,4,20,33,2010,False,0,furnished,6.43,True,True
8803,l00403,3,1,1,37,2002,False,0,unfurnished,1.45,True,True
8805,l00405,1,2,25,39,1995,True,1,unfurnished,7.69,True,False
8806,l00406,1,3,15,20,2007,True,4,unfurnished,7.79,False,False
8807,l00407,1,2,2,17,2019,True,4,unfurnished,1.46,False,False
8808,l00408,4,1,12,39,2006,True,4,semi-furnished,0.95,True,True
8809,l00409,1,3,16,32,2003,True,1,furnished,2.08,True,True
8810,l00410,1,1,2,22,2000,True,4,semi-furnished,4.5,True,True
8812,l00412,3,2,25,36,2013,True,1,furnished,6.44,True,True
8813,l00413,4,1,14,20,2004,False,0,unfurnished,3.3,False,True
8814,l00414,3,2,20,28,2007,True,2,unfurnished,7.8,False,True
8815,l00415,1,1,13,38,2017,True,3,furnished,2.62,True,True
8816,l00416,1,4,4,7,2017,False,0,furnished,7.57,True,True
8819,l00419,5,1,0,13,2007,True,0,furnished,7.63,False,False
8820,l00420,5,3,23,29,1995,True,3,unfurnished,4.35,False,False
8821,l00421,1,1,19,25,2006,False,0,unfurnished,0.23,False,True
8823,l00423,5,3,22,30,2005,True,3,semi-furnished,7.49,True,False
8825,l00425,3,4,14,23,2017,True,3,unfurnished,6.93,False,False
8827,l00427,1,1,11,25,1999,False,0,furnished,6.29,False,True
8828,l00428,2,1,4,8,2019,True,2,furnished,0.77,False,True
8829,l00429,5,3,15,24,2011,True,1,furnished,0.45,False,True
8830,l00430,1,2,15,36,2015,True,0,semi-furnished,6.89,False,True
8831,l00431,2,3,14,21,2011,True,0,furnished,1.85,False,False
8834,l00434,5,1,20,35,1996,True,0,unfurnished,2.93,True,False
8837,l00437,5,4,4,37,2021,False,0,semi-furnished,0.48,False,False
8839,l00439,1,1,6,14,1999,True,4,semi-furnished,4.92,False,False
8840,l00440,5,2,11,26,2016,False,0,furnished,0.96,False,False
8841,l00441,5,4,5,13,2020,False,0,unfurnished,2.84,False,True
8842,l00442,1,2,0,13,2017,False,0,unfurnished,1.81,True,True
8845,l00445,2,4,9,24,2010,True,3,unfurnished,4.43,False,True
8846,l00446,2,1,8,15,2022,False,0,unfurnished,3.17,True,True
8847,l00447,2,4,10,10,2003,True,2,unfurnished,1.19,False,False
8849,l00449,3,2,16,26,2008,True,4,unfurnished,7.42,True,False
8850,l00450,5,2,23,33,2023,False,0,furnished,5.57,True,True
8851,l00451,5,4,19,34,2013,False,0,furnished,5.13,True,False
8852,l00452,4,3,12,19,2023,True,0,unfurnished,7.24,True,True
8853,l00453,3,4,2,9,2007,False,0,furnished,2.07,True,False
8854,l00454,1,2,4,21,2017,True,2,semi-furnished,4.37,True,False
8855,l00455,3,4,20,27,2010,True,0,furnished,6.23,False,False
8856,l00456,5,3,4,13,2002,False,0,semi-furnished,2.9,False,False
8857,l00457,4,4,21,24,2019,False,0,unfurnished,4.67,False,False
8858,l00458,4,2,1,22,2003,False,0,furnished,0.35,False,True
8859,l00459,4,3,0,13,2000,True,2,semi-furnished,4.27,True,False
8861,l00461,1,4,17,38,2007,False,0,semi-furnished,5.97,True,True
8862,l00462,5,1,14,34,2006,False,0,furnished,2.98,False,False
8863,l00463,3,3,8,39,1998,True,2,semi-furnished,4.33,False,False
8864,l00464,3,2,1,21,2007,False,0,unfurnished,2.22,True,True
8865,l00465,3,3,19,24,2004,True,1,furnished,6.78,False,True
8866,l00466,4,1,8,22,2003,True,3,unfurnished,4.34,True,False
8867,l00467,4,1,15,33,2002,True,2,semi-furnished,2.29,False,False
8868,l00468,1,2,20,24,2002,True,1,furnished,3.43,False,False
8870,l00470,2,2,6,26,2003,False,0,semi-furnished,5.99,False,False
8871,l00471,4,1,6,21,2015,True,0,furnished,6.97,False,True
8872,l00472,4,1,2,36,2013,True,0,semi-furnished,4.6,True,False
8873,l00473,4,1,6,26,2002,False,0,unfurnished,5.21,False,True
8874,l00474,5,3,0,5,2020,True,0,semi-furnished,1.03,True,True
8875,l00475,2,2,17,29,2001,False,0,furnished,5.14,False,False
8876,l00476,2,2,3,38,2005,True,1,unfurnished,0.87,False,True
8877,l00477,2,2,11,13,2000,False,0,unfurnished,6.87,False,True
8878,l00478,4,1,23,24,2016,False,0,unfurnished,6.43,False,True
8880,l00480,5,1,16,25,2017,False,0,semi-furnished,1.58,True,False
8881,l00481,5,3,17,17,2017,True,2,furnished,7.66,False,False
8882,l00482,5,3,2,30,2017,True,0,furnished,1.81,True,True
8883,l00483,3,1,6,33,1996,False,0,furnished,7.91,True,False
8884,l00484,1,4,16,25,2009,False,0,furnished,4.94,True,False
8885,l00485,5,4,3,10,2000,True,2,unfurnished,3.94,False,False
8886,l00486,4,4,14,39,1998,True,0,unfurnished,7.07,False,False
8887,l00487,3,4,10,11,2007,False,0,unfurnished,6.81,False,False
8888,l00488,2,1,14,29,2001,True,0,semi-furnished,1.4,False,True
8889,l00489,3,2,18,19,2004,True,2,unfurnished,0.82,True,True
8890,l00490,4,2,20,27,1999,True,3,semi-furnished,1.37,True,False
8891,l00491,1,1,4,19,1995,False,0,unfurnished,6.0,True,True
8892,l00492,2,1,7,39,1995,False,0,unfurnished,4.26,True,False
8893,l00493,2,1,2,24,2023,False,0,semi-furnished,0.34,False,True
8894,l00494,4,4,5,17,2008,True,1,unfurnished,3.2,False,True
8896,l00496,4,2,3,33,2022,True,0,semi-furnished,4.49,False,False
8897,l00497,5,2,5,40,2016,False,0,furnished,0.23,False,False
8898,l00498,4,1,23,29,2006,False,0,unfurnished,6.89,True,False
8899,l00499,5,4,18,38,1998,True,0,unfurnished,7.76,False,False
8900,l00500,1,4,4,28,2005,False,0,furnished,0.76,True,False
8902,l00502,5,2,2,18,2010,False,0,furnished,3.85,True,False
8903,l00503,1,2,10,16,2002,True,4,unfurnished,5.16,True,False
8905,l00505,5,1,15,18,1997,True,0,unfurnished,3.63,True,True
8906,l00506,2,3,4,28,2012,False,0,unfurnished,7.61,False,False
8909,l00509,2,2,7,39,2023,True,4,unfurnished,1.76,True,False
8910,l00510,5,4,14,33,2007,True,2,furnished,7.22,True,True
8911,l00511,2,2,17,32,2009,False,0,furnished,3.21,True,True
8912,l00512,4,1,18,25,2023,False,0,semi-furnished,4.34,True,True
8914,l00514,5,4,19,24,2005,True,2,semi-furnished,0.87,False,True
8916,l00516,5,1,10,39,2021,True,1,semi-furnished,3.69,True,False
8917,l00517,3,3,22,25,2022,True,3,furnished,0.25,True,True
8918,l00518,2,3,24,30,2019,True,1,semi-furnished,3.46,True,False
8919,l00519,5,3,25,36,1995,True,3,semi-furnished,2.3,True,False
8920,l00520,5,4,12,31,2005,True,2,furnished,2.55,True,True
8921,l00521,1,4,1,21,2000,True,4,unfurnished,3.58,True,False
8922,l00522,1,2,4,37,2006,False,0,semi-furnished,2.06,False,False
8924,l00524,5,2,9,34,2008,False,0,furnished,5.93,False,False
8925,l00525,5,3,4,29,2005,True,3,furnished,3.52,False,False
8926,l00526,1,2,11,18,2008,True,4,furnished,1.71,False,True
8928,l00528,1,1,11,21,1997,False,0,unfurnished,1.93,False,True
8929,l00529,4,1,5,39,2023,False,0,semi-furnished,1.79,True,True
8930,l00530,5,4,3,40,2017,True,2,unfurnished,5.97,False,False
8933,l00533,4,4,3,9,2018,False,0,unfurnished,1.58,True,False
8934,l00534,1,4,20,34,2011,False,0,furnished,6.18,False,False
8935,l00535,2,2,0,30,1999,True,1,unfurnished,2.48,False,False
8937,l00537,5,2,12,12,2020,True,0,unfurnished,4.71,True,False
8938,l00538,4,2,2,37,2003,False,0,semi-furnished,6.14,False,False
8940,l00540,2,3,11,31,2000,False,0,semi-furnished,0.93,True,True
8941,l00541,4,4,16,21,2011,False,0,semi-furnished,6.48,False,False
8942,l00542,3,2,23,36,2013,False,0,unfurnished,4.5,True,True
8943,l00543,2,2,11,34,2007,True,2,furnished,1.26,True,True
8944,l00544,4,4,8,20,2000,True,1,semi-furnished,5.21,True,False
8945,l00545,3,1,11,16,2010,True,4,unfurnished,3.39,False,False
8946,l00546,2,1,5,25,2010,True,2,furnished,5.84,True,False
8947,l00547,1,4,1,37,2017,False,0,semi-furnished,7.65,False,True
8948,l00548,4,1,3,5,2022,False,0,furnished,0.84,False,False
8949,l00549,1,3,8,30,2016,True,2,furnished,1.33,False,False
8950,l00550,2,2,2,12,2021,True,0,furnished,3.24,True,True
8951,l00551,5,1,7,21,2011,True,3,semi-furnished,1.93,True,False
8952,l00552,1,2,15,38,2019,True,4,unfurnished,6.25,False,False
8953,l00553,4,1,7,32,1998,False,0,semi-furnished,2.78,True,True
8957,l00557,2,4,1,5,2006,False,0,furnished,5.84,False,True
8958,l00558,4,1,7,12,2007,False,0,unfurnished,6.13,False,True
8959,l00559,4,4,4,38,1998,True,3,semi-furnished,3.22,True,True
8960,l00560,3,3,0,10,2018,False,0,unfurnished,5.16,True,False
8962,l00562,3,3,16,34,2015,True,4,furnished,6.08,True,True
8963,l00563,4,1,1,40,2016,False,0,furnished,6.79,True,True
8964,l00564,2,4,12,32,1999,False,0,unfurnished,3.58,True,False
8965,l00565,5,1,9,22,2009,False,0,semi-furnished,7.1,False,False
8966,l00566,5,4,25,34,2002,True,2,unfurnished,5.17,False,True
8967,l00567,3,2,16,29,2006,True,0,furnished,1.95,True,False
8968,l00568,3,3,13,15,1995,True,2,unfurnished,2.74,False,True
8969,l00569,5,2,20,34,2019,False,0,semi-furnished,7.23,False,True
8970,l00570,1,2,12,13,1998,False,0,semi-furnished,7.61,False,False
8971,l00571,3,1,25,37,2002,True,3,furnished,5.87,False,True
8972,l00572,2,3,12,15,2022,False,0,furnished,1.45,False,False
8973,l00573,5,1,12,15,2003,True,4,furnished,5.18,True,True
8974,l00574,4,3,4,5,2012,True,3,furnished,1.62,True,True
8975,l00575,5,3,8,18,2022,True,3,furnished,3.41,False,False
8976,l00576,2,2,3,22,2012,False,0,unfurnished,3.6,True,False
8977,l00577,1,2,8,20,2023,True,2,semi-furnished,0.95,True,True
8978,l00578,3,3,24,37,2011,False,0,semi-furnished,4.99,False,True
8981,l00581,1,1,7,23,1998,True,1,furnished,3.49,False,True
8984,l00584,3,2,1,14,2012,False,0,semi-furnished,7.9,True,True
8985,l00585,2,1,16,32,1999,False,0,unfurnished,1.88,False,True
8986,l00586,3,2,5,31,2015,True,4,semi-furnished,6.0,False,True
8987,l00587,5,2,23,33,2011,False,0,furnished,1.31,False,False
8988,l00588,4,4,10,11,2018,True,2,furnished,6.68,True,False
8990,l00590,4,4,11,14,2000,True,1,unfurnished,1.97,True,True
8992,l00592,1,3,0,25,1995,True,0,furnished,6.36,True,False
8996,l00596,4,4,16,31,2015,False,0,furnished,2.99,False,True
8998,l00598,1,3,2,18,2016,True,4,furnished,6.86,False,False
8999,l00599,5,1,14,36,2023,True,2,furnished,4.89,True,True
9001,l00601,3,2,11,21,1997,True,4,furnished,5.75,True,False
9002,l00602,3,3,3,20,2023,True,2,unfurnished,1.49,True,True
9003,l00603,1,1,6,23,2016,True,2,furnished,1.37,False,True
9004,l00604,4,3,15,34,2006,True,4,semi-furnished,6.7,True,False
9005,l00605,1,4,8,8,2001,False,0,semi-furnished,3.29,False,True
9006,l00606,1,3,17,28,2012,False,0,furnished,7.53,True,False
9007,l00607,5,3,21,35,1997,False,0,semi-furnished,7.3,False,True
9008,l00608,3,2,4,18,2019,False,0,semi-furnished,5.16,True,True
9009,l00609,4,2,2,17,2018,True,0,furnished,4.31,True,True
9011,l00611,2,4,12,19,2020,False,0,semi-furnished,7.56,False,False
9012,l00612,2,4,9,35,2001,True,3,furnished,5.92,True,False
9013,l00613,5,4,9,36,2019,False,0,semi-furnished,6.61,False,True
9015,l00615,4,3,12,36,2019,False,0,semi-furnished,3.65,False,False
9017,l00617,4,4,23,31,1997,True,1,unfurnished,6.82,False,True
9019,l00619,1,3,14,37,2021,True,4,semi-furnished,4.68,False,False
9020,l00620,3,3,13,28,2017,True,1,furnished,1.83,False,True
9021,l00621,2,4,7,24,2022,False,0,unfurnished,2.36,True,True
9022,l00622,1,4,19,21,2017,True,1,unfurnished,1.94,True,True
9023,l00623,3,2,10,18,2019,False,0,furnished,1.12,False,False
9025,l00625,2,1,1,34,2014,False,0,semi-furnished,7.88,False,True
9026,l00626,2,2,10,34,2022,False,0,furnished,0.88,True,True
9028,l00628,4,3,24,30,2014,True,1,unfurnished,0.6,False,True
9029,l00629,4,1,6,14,2006,True,1,furnished,1.84,True,True
9030,l00630,5,4,3,20,2021,False,0,furnished,7.42,True,True
9031,l00631,5,4,3,20,2015,True,1,unfurnished,4.96,True,True
9032,l00632,4,2,8,13,1996,True,0,unfurnished,7.62,False,False
9033,l00633,1,2,13,40,1996,True,3,unfurnished,0.53,True,False
9034,l00634,2,4,10,10,2015,False,0,semi-furnished,2.65,False,True
9036,l00636,5,1,1,37,1998,False,0,furnished,3.11,True,True
9038,l00638,5,4,14,20,2003,True,2,unfurnished,5.92,True,True
9039,l00639,5,1,24,31,2016,False,0,semi-furnished,2.65,False,False
9041,l00641,1,1,17,29,2007,True,1,semi-furnished,2.69,True,False
9042,l00642,3,4,11,36,2019,True,0,semi-furnished,3.51,True,False
9043,l00643,5,3,15,25,2010,False,0,unfurnished,1.51,True,False
9045,l00645,4,1,8,34,2007,False,0,unfurnished,6.95,True,False
9046,l00646,3,1,4,27,2012,False,0,unfurnished,4.03,True,True
9047,l00647,3,1,24,29,2011,True,0,furnished,7.69,True,True
9048,l00648,5,1,7,24,2005,False,0,furnished,3.89,False,True
9049,l00649,2,2,3,29,1996,True,0,semi-furnished,0.85,True,True
9050,l00650,1,2,2,25,2009,False,0,semi-furnished,3.16,True,False
9051,l00651,5,2,9,31,2008,True,1,unfurnished,0.95,True,False
9052,l00652,4,2,1,18,1998,True,4,semi-furnished,6.77,True,False
9053,l00653,2,2,5,33,2002,False,0,furnished,7.49,True,False
9054,l00654,2,2,24,32,2007,True,1,semi-furnished,7.99,False,True
9055,l00655,3,2,4,25,1996,True,0,unfurnished,3.32,False,False
9056,l00656,3,4,6,22,2015,True,4,unfurnished,7.65,True,True
9057,l00657,3,4,19,31,2009,True,2,semi-furnished,3.53,True,False
9058,l00658,1,3,25,32,2008,False,0,semi-furnished,4.37,False,False
9060,l00660,1,4,19,22,2003,False,0,semi-furnished,5.54,True,False
9061,l00661,5,4,25,40,2015,False,0,furnished,3.5,True,False
9062,l00662,2,1,21,31,2016,False,0,furnished,1.52,False,True
9063,l00663,2,4,13,34,2011,False,0,unfurnished,4.54,False,True
9065,l00665,3,4,7,38,2009,False,0,unfurnished,3.31,False,False
9066,l00666,4,3,8,36,2019,True,1,unfurnished,5.29,False,False
9067,l00667,1,3,24,31,2012,True,4,furnished,6.89,False,True
9068,l00668,2,3,17,28,2004,True,3,semi-furnished,0.59,True,True
9069,l00669,4,1,5,26,2020,True,1,unfurnished,7.73,False,False
9070,l00670,5,1,15,24,1998,False,0,semi-furnished,4.56,True,True
9071,l00671,5,1,15,19,2012,False,0,semi-furnished,3.78,False,True
9072,l00672,2,3,24,33,2014,True,3,unfurnished,1.63,False,True
9073,l00673,4,1,14,24,2016,False,0,unfurnished,7.69,True,False
9074,l00674,5,2,15,25,2017,True,4,furnished,5.47,False,False
9075,l00675,4,2,25,27,1995,True,4,semi-furnished,6.03,True,True
9076,l00676,5,2,4,5,2011,True,1,semi-furnished,7.12,True,False
9077,l00677,4,3,10,37,2015,True,4,semi-furnished,7.65,False,False
9078,l00678,2,2,3,11,2009,False,0,furnished,3.7,False,True
9079,l00679,1,3,12,28,1995,False,0,semi-furnished,7.44,True,False
9081,l00681,5,2,8,29,2018,True,1,unfurnished,3.12,True,True
9082,l00682,3,2,2,35,2004,False,0,unfurnished,4.42,False,False
9083,l00683,2,4,6,27,2015,False,0,semi-furnished,2.96,False,True
9084,l00684,3,4,4,13,2006,True,0,furnished,0.23,False,True
9087,l00687,4,3,10,36,2018,True,1,semi-furnished,3.38,False,False
9088,l00688,5,1,7,36,2003,True,0,furnished,5.92,False,False
9089,l00689,1,2,21,34,1995,False,0,semi-furnished,2.96,False,True
9090,l00690,3,2,11,17,1996,False,0,semi-furnished,7.73,True,False
9092,l00692,1,4,13,34,2006,True,1,furnished,7.11,True,True
9093,l00693,5,3,15,27,2007,False,0,semi-furnished,3.59,False,True
9094,l00694,2,1,2,35,2001,False,0,furnished,2.89,False,False
9095,l00695,3,1,25,29,2005,False,0,furnished,0.88,False,False
9096,l00696,3,4,7,26,2017,True,3,furnished,5.42,True,True
9097,l00697,2,2,23,23,2006,False,0,unfurnished,6.69,False,False
9098,l00698,5,4,5,25,2002,True,1,furnished,2.15,True,False
9099,l00699,4,3,2,29,2007,False,0,furnished,2.36,True,True
9100,l00700,1,3,8,30,2019,True,3,semi-furnished,7.43,True,True
9102,l00702,1,3,1,15,1999,True,1,unfurnished,4.79,False,False
9103,l00703,3,2,8,25,2015,False,0,furnished,3.45,False,True
9104,l00704,2,3,23,24,2006,False,0,semi-furnished,4.55,True,True
9105,l00705,4,1,0,32,2014,True,0,semi-furnished,6.79,True,False
9106,l00706,3,1,6,9,2001,False,0,furnished,3.5,False,True
9107,l00707,3,1,8,29,2018,False,0,unfurnished,4.45,True,False
9108,l00708,1,2,8,18,2023,True,2,furnished,4.78,True,True
9109,l00709,2,3,22,30,2011,False,0,semi-furnished,6.59,True,True
9112,l00712,3,2,25,38,2020,False,0,unfurnished,0.74,False,False
9113,l00713,5,3,12,17,2023,True,3,semi-furnished,6.73,False,False
9116,l00716,4,4,6,26,2005,True,1,semi-furnished,0.36,False,True
9117,l00717,3,4,9,15,1999,False,0,semi-furnished,2.12,True,False
9118,l00718,4,1,16,30,2014,True,1,furnished,2.37,True,True
9119,l00719,3,1,14,19,1995,False,0,furnished,4.01,True,True
9120,l00720,2,3,7,23,2002,False,0,unfurnished,3.34,True,True
9121,l00721,4,1,15,25,1999,True,2,semi-furnished,6.21,False,False
9122,l00722,3,1,19,21,1997,False,0,unfurnished,1.96,True,False
9123,l00723,5,4,3,8,2004,False,0,furnished,2.17,True,True
9124,l00724,1,4,4,13,2003,False,0,unfurnished,6.55,True,False
9126,l00726,4,2,22,27,2003,True,4,furnished,1.94,True,False
9127,l00727,2,4,13,28,1997,False,0,unfurnished,3.3,True,False
9128,l00728,5,3,7,16,2023,False,0,unfurnished,3.08,False,True
9130,l00730,5,4,13,33,2004,False,0,furnished,2.85,True,False
9131,l00731,4,3,20,33,2016,False,0,semi-furnished,3.16,False,False
9132,l00732,4,1,17,20,2021,True,3,unfurnished,2.27,True,True
9133,l00733,3,1,0,15,2000,True,0,unfurnished,0.26,False,False
9134,l00734,4,1,20,28,2001,True,2,furnished,6.84,True,True
9136,l00736,5,4,3,15,2015,False,0,unfurnished,2.97,False,True
9137,l00737,5,1,11,39,2015,True,1,unfurnished,1.42,True,True
9139,l00739,4,1,1,21,2016,False,0,furnished,5.08,False,True
9140,l00740,4,1,15,15,2009,True,3,unfurnished,1.54,True,False
9141,l00741,3,3,20,32,2003,False,0,semi-furnished,6.69,False,False
9142,l00742,4,4,17,25,1996,True,4,unfurnished,2.5,False,True
9143,l00743,4,4,13,24,2021,True,3,unfurnished,3.79,False,True
9144,l00744,3,1,4,32,2016,False,0,semi-furnished,1.37,False,True
9145,l00745,5,1,16,23,2007,True,2,unfurnished,2.97,False,False
9146,l00746,2,4,2,32,2011,True,0,unfurnished,6.14,False,True
9148,l00748,3,3,6,33,2023,False,0,semi-furnished,6.3,False,False
9149,l00749,2,2,8,15,2018,True,1,furnished,3.77,False,False
9150,l00750,2,2,24,37,2007,False,0,furnished,2.31,True,False
9151,l00751,2,4,10,10,1999,False,0,unfurnished,4.35,False,False
9152,l00752,4,4,1,12,2016,False,0,unfurnished,3.72,True,False
9153,l00753,4,1,22,31,2018,True,1,furnished,3.92,True,True
9154,l00754,2,4,9,9,2008,True,2,semi-furnished,0.37,True,True
9156,l00756,5,3,16,37,2004,True,4,furnished,2.49,False,False
9157,l00757,3,3,10,24,2014,True,0,unfurnished,4.2,True,False
9158,l00758,1,4,14,29,1997,False,0,furnished,4.43,False,True
9159,l00759,1,3,8,32,1998,False,0,furnished,2.18,False,True
9160,l00760,1,2,6,37,2006,False,0,unfurnished,2.94,False,False
9161,l00761,4,4,16,35,1997,True,4,unfurnished,2.81,False,True
9162,l00762,3,1,14,40,2014,True,3,furnished,2.12,False,True
9163,l00763,4,3,9,29,2010,False,0,unfurnished,6.89,False,False
9164,l00764,3,4,12,16,2006,False,0,unfurnished,3.87,False,False
9165,l00765,2,1,0,21,1998,False,0,furnished,0.39,False,False
9166,l00766,5,1,3,19,2012,False,0,furnished,5.43,True,True
9167,l00767,2,4,0,34,2002,False,0,unfurnished,7.2,True,False
9168,l00768,4,1,5,10,1995,True,3,furnished,4.14,True,True
9169,l00769,2,1,5,12,2014,False,0,semi-furnished,3.8,False,False
9172,l00772,3,4,3,24,2004,True,1,semi-furnished,6.92,False,True
9173,l00773,3,4,7,23,2003,True,2,unfurnished,4.75,True,False
9174,l00774,5,1,12,21,1996,False,0,furnished,3.13,False,False
9177,l00777,4,4,6,7,2012,True,4,unfurnished,6.36,True,False
9178,l00778,4,1,1,37,2017,True,4,furnished,5.9,False,True
9179,l00779,3,3,7,15,2000,False,0,semi-furnished,2.86,False,True
9180,l00780,2,2,14,16,2016,True,1,furnished,6.31,True,False
9182,l00782,4,1,19,23,2004,True,2,semi-furnished,6.24,True,True
9183,l00783,2,2,5,25,2008,False,0,unfurnished,6.99,True,False
9186,l00786,5,4,20,38,1998,False,0,semi-furnished,7.33,True,False
9187,l00787,3,2,5,19,2008,False,0,unfurnished,3.28,False,False
9188,l00788,3,3,7,17,2000,False,0,furnished,7.67,True,False
9189,l00789,4,4,15,17,2019,True,1,unfurnished,0.7,True,True
9190,l00790,1,3,1,25,1997,False,0,semi-furnished,6.37,False,True
9192,l00792,3,3,2,25,2019,True,4,furnished,4.45,False,True
9193,l00793,3,3,12,39,2018,True,4,unfurnished,6.51,True,False
9196,l00796,5,1,12,29,1996,True,0,unfurnished,1.1,True,True
9197,l00797,3,1,18,18,2021,False,0,furnished,2.68,True,False
9198,l00798,5,2,24,37,2009,True,3,furnished,7.16,True,True
9199,l00799,2,4,0,11,2015,False,0,semi-furnished,6.31,True,True
9200,l00800,1,3,6,36,2009,True,1,semi-furnished,0.49,True,False
9202,l00802,5,4,5,38,2011,False,0,furnished,6.27,True,False
9204,l00804,3,3,19,37,2008,True,4,unfurnished,2.98,True,True
9205,l00805,4,1,14,32,2010,True,4,semi-furnished,6.65,True,True
9206,l00806,5,3,4,7,2015,True,0,furnished,4.24,False,False
9207,l00807,1,1,2,12,2021,False,0,semi-furnished,0.93,True,False
9209,l00809,2,4,25,34,2016,False,0,semi-furnished,7.52,False,True
9211,l00811,4,3,12,23,2019,True,2,semi-furnished,4.19,False,True
9212,l00812,1,3,11,31,1996,False,0,semi-furnished,3.74,False,False
9214,l00814,4,3,9,22,2003,True,0,furnished,3.9,True,False
9215,l00815,4,3,2,15,2011,True,2,semi-furnished,2.35,True,True
9216,l00816,4,2,19,35,2023,True,2,furnished,5.13,False,True
9217,l00817,3,1,24,33,2017,False,0,semi-furnished,2.39,False,True
9219,l00819,2,2,8,15,1996,False,0,semi-furnished,3.15,True,False
9220,l00820,2,4,0,40,1999,True,1,furnished,7.38,True,True
9221,l00821,4,4,12,40,2021,True,3,furnished,2.47,True,True
9222,l00822,1,4,16,16,2012,True,1,semi-furnished,6.49,True,False
9223,l00823,2,4,8,17,2002,False,0,unfurnished,1.39,False,False
9224,l00824,1,1,5,17,1996,True,0,semi-furnished,5.92,True,False
9225,l00825,4,1,0,29,2016,False,0,furnished,1.91,True,False
9230,l00830,5,1,6,39,2004,True,3,semi-furnished,0.66,True,False
9231,l00831,4,1,18,25,2010,True,2,unfurnished,6.98,False,True
9232,l00832,3,3,18,27,2004,True,4,furnished,0.29,True,False
9233,l00833,4,4,14,23,2008,False,0,furnished,0.24,True,True
9234,l00834,4,2,13,24,2000,True,3,unfurnished,5.7,True,False
9236,l00836,5,2,19,19,2000,False,0,semi-furnished,3.06,False,False
9237,l00837,5,2,14,33,2008,False,0,furnished,7.4,False,False
9238,l00838,5,1,21,28,1997,False,0,unfurnished,6.54,True,False
9239,l00839,4,2,24,24,2006,False,0,unfurnished,6.01,True,False
9240,l00840,2,1,8,40,1996,True,0,furnished,3.78,True,False
9241,l00841,4,2,15,29,2015,True,0,furnished,4.39,False,True
9243,l00843,3,3,0,14,2014,True,4,furnished,5.58,True,False
9244,l00844,2,3,21,35,2001,True,4,furnished,0.52,False,True
9245,l00845,5,3,2,39,2019,True,2,furnished,5.08,True,True
9246,l00846,2,2,13,22,2008,True,2,furnished,0.38,False,True
9247,l00847,2,2,0,15,2017,True,2,unfurnished,4.34,True,False
9248,l00848,2,4,22,39,2019,False,0,semi-furnished,2.53,False,True
9249,l00849,1,3,16,21,2006,True,3,semi-furnished,2.59,True,True
9250,l00850,1,4,2,31,2012,True,0,furnished,3.55,True,False
9253,l00853,4,2,20,37,2010,True,1,semi-furnished,0.26,True,True
9255,l00855,4,1,16,37,2021,False,0,furnished,5.56,True,True
9256,l00856,2,1,20,35,2007,False,0,unfurnished,4.25,True,True
9257,l00857,4,2,1,37,2005,True,3,furnished,6.25,True,False
9258,l00858,1,1,8,27,2006,True,4,unfurnished,6.27,False,False
9260,l00860,1,1,16,22,2018,False,0,semi-furnished,3.14,False,True
9261,l00861,1,2,1,30,2002,True,3,unfurnished,5.87,False,False
9262,l00862,4,3,0,16,2017,False,0,unfurnished,5.73,False,True
9263,l00863,5,3,2,30,2021,True,4,unfurnished,1.78,True,True
9267,l00867,4,4,10,27,2021,False,0,semi-furnished,5.91,True,False
9268,l00868,4,1,16,20,2010,False,0,furnished,2.04,True,True
9270,l00870,4,3,10,10,2019,False,0,unfurnished,7.91,False,True
9272,l00872,1,1,15,29,2003,True,0,semi-furnished,1.12,False,True
9273,l00873,2,2,1,26,1995,True,1,semi-furnished,4.24,True,True
9275,l00875,5,1,8,35,2016,False,0,furnished,5.33,False,False
9276,l00876,3,4,9,35,2005,False,0,unfurnished,5.21,False,False
9279,l00879,4,2,1,7,2011,False,0,furnished,7.56,False,True
9281,l00881,5,1,15,36,2012,False,0,unfurnished,6.39,True,True
9282,l00882,5,4,9,19,2004,False,0,semi-furnished,6.59,True,True
9284,l00884,5,2,11,40,2011,False,0,unfurnished,7.36,False,True
9285,l00885,4,3,1,26,2007,True,0,furnished,1.82,True,True
9287,l00887,4,1,2,17,2015,False,0,furnished,7.85,False,False
9290,l00890,3,3,6,20,2014,False,0,furnished,2.79,True,True
9291,l00891,4,1,9,33,2019,False,0,semi-furnished,4.39,True,False
9292,l00892,5,4,1,6,2013,False,0,unfurnished,7.3,True,False
9293,l00893,2,4,9,27,1995,False,0,semi-furnished,0.93,False,True
9294,l00894,5,4,4,14,1996,True,1,semi-furnished,0.76,True,True
9295,l00895,2,4,7,11,2007,True,4,semi-furnished,1.65,False,True
9297,l00897,5,2,23,30,2018,True,2,semi-furnished,6.46,True,False
9299,l00899,1,4,4,26,1998,False,0,unfurnished,0.99,False,False
9300,l00900,2,3,23,35,2007,True,4,unfurnished,0.47,True,False
9301,l00901,1,1,1,11,1995,False,0,unfurnished,7.87,False,True
9302,l00902,2,3,10,34,2012,False,0,unfurnished,1.49,False,False
9304,l00904,1,4,7,11,2020,True,2,semi-furnished,6.02,False,False
9305,l00905,4,2,15,21,2017,True,3,unfurnished,1.41,False,False
9306,l00906,2,2,5,21,2002,True,2,unfurnished,2.26,True,False
9307,l00907,2,1,1,18,2001,True,2,semi-furnished,1.07,True,False
9308,l00908,2,2,10,10,2002,False,0,unfurnished,7.06,True,False
9309,l00909,1,3,6,13,1998,False,0,unfurnished,6.01,True,False
9311,l00911,2,3,21,24,2019,True,1,furnished,2.96,False,True
9312,l00912,3,3,17,34,2010,False,0,semi-furnished,2.76,True,False
9313,l00913,5,4,4,34,2008,False,0,unfurnished,6.55,True,False
9317,l00917,3,1,6,40,2015,True,2,unfurnished,3.38,True,False
9318,l00918,5,1,22,25,2016,True,2,unfurnished,5.3,True,False
9319,l00919,1,2,10,33,2008,True,1,unfurnished,7.71,True,True
9320,l00920,4,1,1,8,1999,False,0,unfurnished,7.28,False,True
9321,l00921,4,2,11,12,1995,True,1,semi-furnished,6.09,False,False
9323,l00923,3,3,10,26,2006,True,2,unfurnished,1.59,True,True
9324,l00924,4,3,2,20,2003,False,0,semi-furnished,5.32,True,False
9325,l00925,2,1,4,37,1997,False,0,unfurnished,2.36,True,True
9327,l00927,4,4,17,38,2013,False,0,furnished,1.33,False,False
9328,l00928,3,2,13,17,2006,False,0,furnished,3.07,True,False
9331,l00931,5,4,2,31,2010,False,0,furnished,7.69,False,False
9332,l00932,4,4,8,12,2008,True,3,furnished,1.02,False,True
9333,l00933,2,4,7,33,2003,False,0,semi-furnished,1.63,True,True
9334,l00934,3,4,2,31,2002,True,4,semi-furnished,7.63,False,False
9335,l00935,4,1,9,11,2008,False,0,semi-furnished,1.0,True,True
9336,l00936,2,3,15,18,1997,True,1,furnished,7.16,True,False
9338,l00938,2,4,19,30,1996,True,3,furnished,3.47,True,True
9339,l00939,2,2,6,31,1996,False,0,semi-furnished,5.24,False,False
9340,l00940,2,4,5,35,2011,False,0,unfurnished,4.33,False,False
9341,l00941,1,3,24,27,1997,False,0,unfurnished,7.65,False,False
9342,l00942,3,1,3,28,2005,True,4,furnished,6.98,False,False
9343,l00943,3,1,13,23,2012,False,0,unfurnished,7.95,True,False
9344,l00944,1,2,23,25,2006,False,0,semi-furnished,4.2,True,True
9345,l00945,3,3,22,35,2015,True,2,semi-furnished,2.05,True,True
9346,l00946,5,3,15,15,2007,True,4,semi-furnished,7.97,True,True
9347,l00947,3,3,0,12,2007,True,0,semi-furnished,6.69,False,False
9348,l00948,1,3,1,21,2010,True,2,furnished,2.72,False,False
9349,l00949,1,1,3,39,2007,False,0,semi-furnished,5.79,True,True
9350,l00950,2,4,14,22,2023,False,0,semi-furnished,4.68,False,True
9351,l00951,2,1,11,21,2003,True,1,unfurnished,2.9,True,False
9352,l00952,1,1,5,18,1998,True,3,unfurnished,2.38,False,False
9353,l00953,5,1,6,32,2020,True,1,unfurnished,7.02,False,True
9354,l00954,3,4,8,28,2013,False,0,unfurnished,6.83,True,False
9356,l00956,2,3,19,24,2006,False,0,semi-furnished,0.47,False,True
9358,l00958,5,4,5,20,2007,False,0,unfurnished,6.34,True,False
9359,l00959,1,4,5,29,1996,True,4,semi-furnished,3.98,False,True
9360,l00960,1,1,12,15,2009,False,0,semi-furnished,7.84,False,False
9361,l00961,5,4,4,26,2008,True,4,unfurnished,7.59,True,True
9362,l00962,1,4,0,26,2022,False,0,unfurnished,2.42,True,False
9363,l00963,4,3,8,16,2009,False,0,unfurnished,6.55,True,True
9364,l00964,4,1,23,26,2008,False,0,semi-furnished,0.28,False,False
9365,l00965,4,1,24,31,1999,False,0,semi-furnished,4.29,False,False
9367,l00967,4,4,17,18,2000,False,0,furnished,6.47,True,True
9368,l00968,5,2,10,24,2002,True,4,semi-furnished,7.31,True,False
9369,l00969,2,4,3,37,2003,False,0,unfurnished,6.68,False,False
9370,l00970,2,4,12,37,2011,False,0,semi-furnished,7.53,False,True
9371,l00971,2,3,8,22,2023,False,0,semi-furnished,4.89,True,False
9372,l00972,1,3,13,33,2004,True,1,furnished,5.51,True,False
9373,l00973,5,4,8,11,2002,True,0,furnished,4.17,True,False
9374,l00974,2,3,16,40,2001,False,0,furnished,4.19,True,False
9376,l00976,3,1,13,25,2007,False,0,furnished,4.58,True,False
9378,l00978,4,4,23,34,2008,False,0,semi-furnished,0.35,False,False
9379,l00979,5,3,3,7,1997,True,3,furnished,5.43,True,False
9380,l00980,5,3,24,33,2015,False,0,unfurnished,6.88,True,False
9382,l00982,2,4,0,18,1996,False,0,unfurnished,6.81,True,True
9384,l00984,1,1,1,37,2016,True,0,furnished,6.49,True,True
9385,l00985,2,4,18,19,2010,True,0,unfurnished,6.89,True,False
9386,l00986,1,1,21,23,1995,False,0,furnished,6.36,False,True
9387,l00987,2,4,25,31,2003,True,3,semi-furnished,6.4,False,True
9388,l00988,3,1,4,40,2002,True,2,furnished,7.7,True,True
9389,l00989,5,2,5,40,2017,False,0,furnished,0.29,True,True
9391,l00991,2,4,10,10,1995,False,0,furnished,2.71,False,True
9392,l00992,1,2,17,28,2010,True,3,semi-furnished,5.54,False,False
9393,l00993,4,1,8,21,2018,True,1,furnished,6.5,True,False
9394,l00994,3,4,5,35,2009,True,0,unfurnished,2.04,False,False
9397,l00997,2,2,10,29,2019,True,0,furnished,1.67,True,True
9398,l00998,3,4,0,37,2014,False,0,furnished,5.61,True,False
9399,l00999,3,4,21,21,2009,True,1,unfurnished,6.22,False,False
9400,l01000,1,2,6,27,2014,False,0,unfurnished,4.24,False,False
9401,l01001,3,2,18,40,2022,False,0,furnished,6.89,True,False
9402,l01002,2,3,4,37,2016,False,0,semi-furnished,1.72,False,True
9404,l01004,1,4,1,9,2014,False,0,furnished,4.49,False,False
9405,l01005,2,1,15,32,2012,True,0,unfurnished,2.29,False,True
9406,l01006,3,4,10,17,2012,True,1,furnished,3.39,False,True
9407,l01007,3,1,4,7,2008,False,0,semi-furnished,1.05,True,False
9408,l01008,4,1,12,20,2012,False,0,furnished,1.13,True,True
9412,l01012,1,4,3,12,2000,True,0,unfurnished,4.89,True,True
9413,l01013,4,1,5,20,2009,False,0,furnished,1.68,True,True
9414,l01014,4,2,9,32,2001,False,0,semi-furnished,1.04,True,False
9415,l01015,2,3,13,36,2013,True,2,furnished,1.22,True,False
9416,l01016,4,2,3,25,1999,True,4,unfurnished,6.47,False,False
9417,l01017,5,2,1,8,2004,True,3,furnished,2.19,True,True
9418,l01018,5,1,11,29,2000,False,0,unfurnished,5.5,False,True
9420,l01020,1,1,2,7,2008,True,0,semi-furnished,5.41,False,True
9421,l01021,2,3,4,22,1999,True,3,furnished,2.18,True,True
9423,l01023,3,4,20,28,1999,False,0,semi-furnished,3.36,True,True
9424,l01024,3,4,3,14,2004,True,4,unfurnished,3.13,False,False
9425,l01025,2,1,17,23,2015,False,0,furnished,7.42,False,True
9426,l01026,4,4,1,36,2022,False,0,furnished,6.7,False,True
9427,l01027,5,2,11,38,2012,True,0,unfurnished,1.08,True,True
9428,l01028,5,4,10,29,2007,False,0,unfurnished,5.48,True,True
9429,l01029,3,1,4,26,1999,False,0,semi-furnished,5.56,False,True
9430,l01030,1,1,3,36,2008,True,2,unfurnished,0.33,False,True
9431,l01031,5,1,8,37,2009,True,1,furnished,1.91,True,False
9432,l01032,3,4,9,22,1996,True,4,unfurnished,5.46,True,True
9435,l01035,2,4,4,5,2009,True,2,semi-furnished,2.66,True,True
9437,l01037,2,4,7,22,1998,False,0,semi-furnished,7.88,True,False
9439,l01039,4,4,16,35,2013,False,0,semi-furnished,5.73,False,True
9441,l01041,3,1,0,39,2001,True,2,unfurnished,7.09,True,False
9442,l01042,2,4,15,20,2008,False,0,unfurnished,6.33,True,False
9443,l01043,5,3,20,34,1999,False,0,semi-furnished,7.11,False,True
9444,l01044,5,2,8,13,2021,False,0,semi-furnished,2.58,True,True
9446,l01046,3,4,22,28,2018,False,0,unfurnished,5.06,False,True
9447,l01047,2,3,21,36,2010,False,0,semi-furnished,4.5,False,False
9448,l01048,1,1,4,13,2022,True,4,semi-furnished,4.39,False,False
9449,l01049,3,4,19,23,2009,False,0,furnished,6.87,False,True
9450,l01050,5,4,3,17,2012,False,0,semi-furnished,7.53,False,True
9451,l01051,1,1,4,17,2023,False,0,unfurnished,4.91,False,True
9454,l01054,1,3,2,33,2013,False,0,furnished,5.23,False,True
9455,l01055,1,3,4,8,1997,True,4,furnished,3.24,True,False
9456,l01056,5,2,3,21,2018,False,0,furnished,5.74,False,True
9457,l01057,4,4,14,35,2012,True,2,semi-furnished,7.39,False,True
9458,l01058,4,4,5,36,2019,False,0,furnished,6.24,True,False
9459,l01059,2,3,11,31,2008,True,1,furnished,3.36,False,True
9460,l01060,5,3,1,34,2009,True,4,furnished,5.39,True,False
9461,l01061,3,1,18,35,2017,False,0,unfurnished,5.65,True,False
9462,l01062,2,4,9,35,2012,True,1,semi-furnished,6.07,False,True
9463,l01063,4,4,19,32,2001,False,0,unfurnished,5.48,False,True
9464,l01064,2,2,4,20,2002,False,0,unfurnished,5.22,True,True
9466,l01066,3,4,0,8,2007,True,2,furnished,6.9,False,False
9468,l01068,5,3,3,29,2012,True,4,semi-furnished,3.75,False,False
9469,l01069,4,4,12,23,2009,True,1,semi-furnished,1.71,True,False
9470,l01070,2,4,0,17,2016,False,0,unfurnished,7.3,True,True
9471,l01071,5,3,2,11,2006,False,0,unfurnished,4.59,False,True
9473,l01073,2,1,18,19,1998,True,2,furnished,2.12,False,True
9474,l01074,3,3,11,22,2012,True,3,furnished,7.45,True,False
9475,l01075,3,4,17,36,2004,False,0,furnished,3.82,True,False
9476,l01076,2,3,3,34,2012,True,2,furnished,0.57,False,False
9477,l01077,3,4,0,35,2015,False,0,semi-furnished,6.3,True,True
9478,l01078,5,1,2,23,2023,True,3,unfurnished,3.65,False,False
9479,l01079,5,3,14,17,2001,False,0,furnished,6.21,False,True
9480,l01080,5,2,8,31,1998,False,0,unfurnished,6.65,True,True
9481,l01081,1,2,18,30,2014,False,0,furnished,3.86,True,False
9482,l01082,4,3,1,18,2002,False,0,unfurnished,5.74,True,False
9483,l01083,4,4,14,32,2011,True,2,unfurnished,4.26,False,False
9484,l01084,2,3,23,33,2007,True,4,furnished,2.99,False,False
9485,l01085,1,1,1,19,2022,False,0,unfurnished,7.54,True,True
9486,l01086,3,2,8,28,2014,True,3,semi-furnished,3.37,False,True
9488,l01088,5,4,6,31,1999,True,2,unfurnished,4.86,True,True
9489,l01089,4,2,12,36,1997,True,1,unfurnished,3.1,True,True
9490,l01090,1,1,14,28,2020,False,0,unfurnished,6.49,True,False
9491,l01091,4,2,17,23,2006,False,0,furnished,4.6,True,False
9492,l01092,5,1,18,23,1997,False,0,unfurnished,2.87,False,True
9493,l01093,3,1,13,29,1997,True,3,furnished,7.04,True,True
9494,l01094,1,1,0,6,2015,True,1,unfurnished,3.07,False,True
9495,l01095,3,1,13,25,1995,True,1,unfurnished,3.03,False,False
9496,l01096,3,4,6,14,2005,True,1,semi-furnished,4.94,False,False
9498,l01098,1,4,23,32,2009,False,0,semi-furnished,5.91,False,True
9499,l01099,1,3,8,19,2020,True,2,semi-furnished,6.4,True,True
9500,l01100,1,3,16,36,2013,True,0,semi-furnished,2.76,False,False
9501,l01101,4,4,23,26,2005,False,0,semi-furnished,6.6,False,False
9502,l01102,1,1,5,12,2003,False,0,semi-furnished,1.49,False,False
9503,l01103,1,3,7,7,2016,False,0,unfurnished,5.12,True,False
9504,l01104,1,2,24,36,1997,False,0,furnished,3.94,True,True
9505,l01105,4,2,6,12,2012,False,0,semi-furnished,4.44,False,True
9506,l01106,3,2,10,18,1997,False,0,furnished,3.72,False,True
9508,l01108,1,3,14,36,2002,True,2,furnished,1.57,False,False
9509,l01109,5,2,21,30,2006,False,0,furnished,7.25,True,False
9510,l01110,4,1,10,24,2022,True,1,furnished,1.78,False,True
9511,l01111,3,4,8,18,2015,True,0,furnished,2.99,True,True
9512,l01112,2,2,3,23,1995,False,0,semi-furnished,2.73,True,True
9514,l01114,3,1,1,8,2018,False,0,furnished,6.74,False,False
9515,l01115,5,4,5,22,1996,False,0,unfurnished,1.41,True,False
9516,l01116,5,1,12,38,2022,True,3,furnished,4.8,True,False
9517,l01117,1,4,10,19,2019,True,3,semi-furnished,0.25,True,False
9518,l01118,4,1,3,33,2015,False,0,semi-furnished,4.58,True,True
9519,l01119,1,3,13,17,2018,False,0,unfurnished,3.24,False,False
9520,l01120,5,2,8,39,2016,True,3,furnished,5.38,False,False
9521,l01121,1,3,24,32,1998,True,3,furnished,7.95,True,True
9522,l01122,2,4,1,16,2008,False,0,furnished,3.2,False,False
9523,l01123,2,1,16,30,2020,True,3,unfurnished,3.63,True,False
9525,l01125,3,2,4,33,2014,False,0,unfurnished,5.21,True,True
9526,l01126,1,4,16,39,2000,False,0,semi-furnished,6.32,True,True
9528,l01128,3,3,5,9,2006,True,2,unfurnished,1.09,True,False
9529,l01129,3,3,15,31,2018,True,3,unfurnished,4.24,True,True
9530,l01130,4,1,7,14,2023,True,3,furnished,3.63,False,False
9532,l01132,4,2,20,31,2003,True,0,furnished,5.28,False,False
9533,l01133,5,3,18,39,2001,False,0,semi-furnished,7.98,False,True
9534,l01134,1,1,14,18,1999,True,2,unfurnished,1.56,False,True
9535,l01135,5,4,0,39,1996,False,0,unfurnished,3.24,False,False
9536,l01136,3,2,23,32,2013,False,0,unfurnished,1.33,False,True
9537,l01137,3,4,23,32,2011,True,4,semi-furnished,4.97,True,False
9539,l01139,3,3,9,39,1999,True,3,furnished,5.89,False,True
9541,l01141,3,4,25,32,2022,True,2,unfurnished,7.45,False,False
9542,l01142,2,1,8,21,2001,True,0,furnished,1.32,False,False
9543,l01143,4,3,8,15,2014,False,0,unfurnished,3.03,False,True
9544,l01144,2,2,1,7,2011,False,0,unfurnished,1.56,True,True
9546,l01146,4,1,14,18,2021,False,0,furnished,3.63,False,False
9547,l01147,3,4,5,17,1996,False,0,furnished,4.46,True,False
9549,l01149,2,4,3,16,2011,True,3,furnished,2.68,True,True
9550,l01150,3,2,2,32,2020,True,1,furnished,4.55,False,True
9551,l01151,4,4,2,22,2019,True,3,semi-furnished,3.19,False,True
9552,l01152,4,2,7,25,2020,False,0,semi-furnished,2.21,True,True
9555,l01155,1,4,7,23,2008,True,2,unfurnished,7.95,False,True
9556,l01156,3,3,5,8,2002,True,0,semi-furnished,5.94,False,True
9557,l01157,4,1,19,33,2001,False,0,furnished,3.54,False,True
9558,l01158,4,3,9,32,2018,True,2,unfurnished,4.0,False,True
9560,l01160,1,3,2,24,2020,True,1,unfurnished,0.35,False,False
9561,l01161,4,2,12,17,2017,False,0,unfurnished,4.61,False,False
9562,l01162,3,4,4,5,2019,False,0,unfurnished,5.51,False,False
9563,l01163,5,1,24,37,2007,True,0,unfurnished,1.02,False,False
9564,l01164,5,4,8,23,2013,True,3,furnished,1.89,False,True
9568,l01168,5,4,25,28,1999,False,0,furnished,5.29,True,False
9569,l01169,3,1,2,15,2008,True,4,furnished,0.25,False,False
9570,l01170,4,1,10,32,1997,False,0,semi-furnished,4.63,True,False
9571,l01171,4,2,8,12,2023,False,0,furnished,6.68,False,False
9572,l01172,1,2,1,26,2012,False,0,unfurnished,2.01,True,True
9573,l01173,2,2,11,38,2000,True,3,furnished,2.38,False,True
9577,l01177,1,4,10,35,1998,False,0,semi-furnished,5.64,True,False
9578,l01178,2,1,19,30,2005,True,3,unfurnished,3.96,True,False
9579,l01179,2,2,6,7,2001,True,1,unfurnished,6.34,True,False
9581,l01181,1,4,7,11,1998,False,0,unfurnished,3.91,False,False
9582,l01182,5,3,5,6,1996,False,0,unfurnished,4.26,True,False
9583,l01183,4,1,11,33,2010,False,0,semi-furnished,6.95,False,False
9584,l01184,2,4,8,25,1998,False,0,semi-furnished,0.52,True,True
9585,l01185,3,4,6,6,2015,True,1,semi-furnished,4.94,False,True
9586,l01186,3,4,6,20,1995,False,0,semi-furnished,2.2,True,False
9588,l01188,3,1,13,31,2016,True,3,unfurnished,7.53,False,False
9589,l01189,4,4,24,31,2006,False,0,semi-furnished,3.51,True,False
9590,l01190,4,3,5,36,2006,False,0,unfurnished,7.77,False,False
9592,l01192,5,4,16,36,2004,False,0,semi-furnished,0.71,False,False
9593,l01193,1,1,11,24,2020,True,3,furnished,1.44,True,True
9596,l01196,5,2,4,21,1995,False,0,unfurnished,5.17,False,False
9597,l01197,1,1,8,9,2020,True,3,unfurnished,7.09,False,True
9598,l01198,4,3,4,35,2023,False,0,furnished,1.44,False,False
9599,l01199,5,4,25,37,2010,False,0,semi-furnished,1.63,True,False
9600,l01200,5,3,16,37,2016,True,2,semi-furnished,5.8,False,False
9601,l00001,5,2,18,27,1996,True,3,furnished,1.8,False,False
9602,l00002,2,4,3,8,2018,False,0,semi-furnished,4.36,True,True
9603,l00003,5,2,9,13,2002,True,3,furnished,7.48,False,False
9604,l00004,4,3,2,8,2000,True,2,unfurnished,5.6,False,True
9605,l00005,4,1,21,25,2010,True,3,unfurnished,7.73,False,False
9606,l00006,5,2,22,35,2011,True,2,furnished,3.76,False,True
9607,l00007,4,3,10,20,2002,True,4,furnished,3.11,True,False
9608,l00008,4,1,3,17,2020,False,0,unfurnished,5.79,True,False
9609,l00009,5,2,7,28,1999,False,0,furnished,5.16,False,False
9610,l00010,3,4,13,24,2010,False,0,unfurnished,6.09,True,True
9611,l00011,1,3,11,36,2019,True,4,furnished,3.44,False,False
9612,l00012,3,2,20,33,2015,False,0,unfurnished,1.92,False,True
9614,l00014,2,2,3,27,1996,False,0,semi-furnished,3.03,False,True
9615,l00015,1,2,5,16,2005,False,0,unfurnished,0.48,False,False
9616,l00016,3,2,14,23,2020,False,0,furnished,2.12,True,False
9617,l00017,2,2,14,15,1995,True,4,unfurnished,3.74,True,True
9618,l00018,2,3,7,29,2012,False,0,furnished,7.66,False,True
9620,l00020,1,2,16,22,2004,True,2,semi-furnished,3.62,False,False
9622,l00022,3,2,9,40,2010,True,3,unfurnished,3.59,True,True
9623,l00023,5,3,15,24,2008,True,4,unfurnished,7.83,False,True
9625,l00025,1,2,13,39,2002,False,0,semi-furnished,0.64,True,True
9626,l00026,4,4,4,35,1999,False,0,furnished,6.15,True,False
9627,l00027,2,4,15,24,2003,False,0,unfurnished,6.95,False,True
9629,l00029,1,1,23,28,2007,False,0,furnished,7.5,False,True
9630,l00030,2,4,25,34,2020,False,0,furnished,5.19,False,False
9631,l00031,4,2,11,11,2011,False,0,unfurnished,3.14,False,True
9632,l00032,4,2,0,14,2018,True,2,unfurnished,2.03,True,True
9633,l00033,3,3,11,25,2018,False,0,unfurnished,0.7,True,False
9635,l00035,5,3,0,25,2000,False,0,semi-furnished,5.68,True,True
9636,l00036,2,1,12,16,2007,True,4,semi-furnished,5.41,False,False
9638,l00038,5,1,4,40,2009,False,0,semi-furnished,7.96,True,True
9639,l00039,4,1,5,11,2009,False,0,furnished,5.86,False,True
9640,l00040,2,3,6,32,1997,True,2,furnished,3.16,False,True
9641,l00041,5,3,14,27,2020,True,0,unfurnished,2.23,True,False
9642,l00042,5,4,1,12,2001,True,4,semi-furnished,3.84,True,True
9643,l00043,4,3,13,30,2002,False,0,unfurnished,4.06,True,False
9646,l00046,3,2,6,22,2000,True,2,furnished,1.54,True,True
9647,l00047,1,2,13,37,2018,True,1,furnished,5.86,True,False
9649,l00049,3,2,0,19,2001,True,2,furnished,0.72,False,False
9651,l00051,4,1,13,21,2001,False,0,furnished,2.69,False,False
9653,l00053,4,4,4,15,2005,True,0,semi-furnished,6.62,True,False
9654,l00054,3,1,0,40,2019,False,0,semi-furnished,5.52,True,True
9655,l00055,5,3,7,40,2012,False,0,unfurnished,2.02,True,False
9656,l00056,4,4,22,26,1998,True,1,unfurnished,6.86,False,False
9657,l00057,4,2,11,18,2018,True,4,semi-furnished,3.64,False,True
9658,l00058,5,4,18,21,2000,True,4,furnished,1.86,True,True
9659,l00059,3,3,5,28,2021,True,4,unfurnished,6.46,False,True
9660,l00060,4,3,8,31,2019,False,0,semi-furnished,4.31,False,False
9661,l00061,5,1,16,34,2023,True,1,unfurnished,1.28,True,True
9662,l00062,5,2,16,31,2022,False,0,semi-furnished,1.87,False,True
9663,l00063,1,4,11,23,2009,True,0,furnished,3.47,False,True
9664,l00064,2,1,11,30,2007,False,0,semi-furnished,0.71,False,False
9665,l00065,3,2,0,32,1999,True,3,furnished,7.55,False,False
9666,l00066,4,1,7,27,1997,False,0,semi-furnished,6.74,False,True
9669,l00069,1,1,0,30,2017,False,0,furnished,5.79,True,False
9670,l00070,5,2,2,34,2023,False,0,semi-furnished,6.18,True,True
9671,l00071,4,4,22,22,2009,False,0,furnished,1.48,False,True
9672,l00072,2,2,7,27,1996,False,0,semi-furnished,5.01,False,False
9675,l00075,2,1,0,35,2006,False,0,furnished,5.87,False,True
9676,l00076,2,2,5,16,1997,True,3,furnished,4.08,True,True
9677,l00077,3,4,19,31,1996,False,0,unfurnished,7.78,True,True
9679,l00079,1,4,10,13,2021,False,0,unfurnished,7.95,True,True
9680,l00080,4,3,7,19,2014,False,0,unfurnished,5.53,True,False
9681,l00081,3,2,1,12,2013,True,1,furnished,3.38,False,True
9682,l00082,3,2,7,7,1998,True,2,unfurnished,2.01,False,False
9683,l00083,2,3,2,36,1997,False,0,furnished,1.94,True,True
9684,l00084,1,3,20,37,2007,True,3,furnished,2.36,False,True
9685,l00085,3,2,9,13,2020,False,0,semi-furnished,7.75,False,True
9686,l00086,2,4,3,19,2005,False,0,furnished,4.67,True,True
9688,l00088,4,3,8,21,2008,False,0,furnished,5.1,True,False
9689,l00089,4,3,4,30,2014,False,0,unfurnished,6.52,True,False
9690,l00090,5,3,1,14,2002,True,4,unfurnished,3.33,True,False
9692,l00092,1,3,5,35,2005,False,0,furnished,1.33,False,False
9693,l00093,5,2,2,8,2017,False,0,unfurnished,4.75,True,True
9696,l00096,1,2,2,14,2012,False,0,furnished,0.94,False,False
9698,l00098,1,1,15,21,2010,True,0,unfurnished,3.74,True,True
9699,l00099,4,3,0,9,2021,True,0,furnished,3.09,False,True
9700,l00100,5,4,16,24,2017,False,0,furnished,3.78,False,True
9701,l00101,4,4,9,25,2020,True,1,semi-furnished,3.96,True,True
9702,l00102,1,3,12,35,2019,False,0,furnished,3.7,True,True
9703,l00103,2,4,6,24,2003,True,4,furnished,1.0,False,True
9704,l00104,4,4,3,33,2009,False,0,furnished,3.87,False,True
9705,l00105,3,1,10,35,2000,True,4,unfurnished,5.78,False,True
9706,l00106,2,3,0,27,2018,False,0,furnished,7.7,True,False
9709,l00109,2,1,1,29,1995,False,0,furnished,3.25,False,False
9710,l00110,1,1,17,26,2017,False,0,unfurnished,7.48,False,False
9711,l00111,3,3,18,27,2022,False,0,unfurnished,7.05,False,True
9712,l00112,1,2,19,20,2003,True,0,semi-furnished,7.14,True,True
9715,l00115,2,4,21,33,2022,True,4,unfurnished,3.64,False,True
9717,l00117,4,1,23,33,2023,True,4,unfurnished,1.4,True,True
9718,l00118,5,4,24,28,2010,True,1,furnished,6.65,True,False
9719,l00119,3,4,12,12,1997,True,2,semi-furnished,3.85,True,True
9720,l00120,3,2,24,36,1999,False,0,furnished,2.7,True,False
9721,l00121,1,1,0,37,2021,True,0,unfurnished,3.97,True,True
9722,l00122,2,3,24,36,2006,True,2,furnished,6.58,False,True
9726,l00126,4,2,10,26,2007,True,0,unfurnished,5.22,False,False
9727,l00127,4,2,22,23,2010,True,2,semi-furnished,0.21,False,False
9729,l00129,4,2,24,27,2009,True,0,semi-furnished,4.62,False,False
9731,l00131,3,2,17,33,2023,False,0,furnished,3.08,True,False
9732,l00132,4,2,0,35,2013,False,0,semi-furnished,6.65,True,True
9733,l00133,3,1,10,10,2006,False,0,unfurnished,6.79,False,False
9734,l00134,1,2,22,34,2012,False,0,furnished,6.84,True,True
9735,l00135,4,2,15,18,2015,False,0,furnished,6.44,True,False
9736,l00136,3,1,18,35,2022,False,0,unfurnished,3.21,True,False
9737,l00137,4,3,5,32,2016,False,0,unfurnished,5.56,False,False
9738,l00138,3,3,20,26,2013,False,0,unfurnished,7.94,True,True
9739,l00139,3,3,7,24,1996,False,0,semi-furnished,5.73,False,True
9740,l00140,3,2,6,10,2006,False,0,unfurnished,7.16,False,True
9741,l00141,1,4,11,36,2000,True,1,unfurnished,0.79,True,False
9744,l00144,5,2,21,33,2011,True,3,semi-furnished,7.14,False,False
9745,l00145,3,1,20,28,2007,False,0,furnished,0.21,True,True
9746,l00146,3,4,18,22,2015,True,0,semi-furnished,6.44,False,True
9747,l00147,5,2,9,39,2020,False,0,furnished,2.11,False,False
9748,l00148,5,2,9,38,2004,True,3,unfurnished,5.39,True,False
9750,l00150,4,2,2,30,2014,True,3,semi-furnished,2.69,True,True
9751,l00151,4,4,6,10,2004,False,0,unfurnished,6.61,False,True
9752,l00152,2,1,13,14,2003,False,0,semi-furnished,5.85,False,True
9753,l00153,2,2,5,31,2018,False,0,semi-furnished,0.43,False,False
9754,l00154,5,2,13,37,2015,False,0,semi-furnished,5.58,True,True
9755,l00155,2,4,15,34,2007,True,4,unfurnished,0.31,True,True
9756,l00156,2,1,5,18,1996,False,0,semi-furnished,0.46,True,True
9757,l00157,5,2,21,35,2020,True,2,unfurnished,7.87,False,True
9758,l00158,3,2,9,39,2011,True,3,unfurnished,2.94,True,False
9759,l00159,4,1,2,17,2006,True,2,semi-furnished,1.84,False,False
9762,l00162,3,1,25,25,1995,False,0,semi-furnished,4.28,False,False
9763,l00163,5,4,1,25,2006,False,0,furnished,6.91,True,False
9764,l00164,3,4,11,18,2023,False,0,semi-furnished,4.08,False,False
9765,l00165,2,4,11,32,1996,True,1,furnished,2.41,False,False
9766,l00166,3,1,5,6,2007,True,1,semi-furnished,6.44,False,True
9767,l00167,1,4,2,13,2020,True,4,semi-furnished,5.38,False,False
9768,l00168,1,2,19,31,1996,False,0,furnished,5.87,False,False
9770,l00170,3,1,24,31,2000,True,0,semi-furnished,2.24,True,False
9771,l00171,3,4,17,21,2003,True,2,unfurnished,2.68,False,False
9774,l00174,4,4,19,25,1997,False,0,unfurnished,2.32,False,False
9776,l00176,1,4,6,10,2014,True,3,furnished,6.37,True,False
9777,l00177,5,3,10,23,2002,True,0,semi-furnished,7.31,False,True
9778,l00178,2,4,5,37,1999,False,0,furnished,1.45,False,False
9779,l00179,4,4,24,36,2007,True,1,semi-furnished,3.93,True,False
9780,l00180,4,3,6,16,2010,True,4,furnished,3.43,True,True
9781,l00181,3,3,6,40,2007,True,2,unfurnished,7.43,False,True
9782,l00182,1,1,9,25,1995,False,0,semi-furnished,5.51,True,False
9783,l00183,3,3,7,13,2008,False,0,unfurnished,3.55,False,True
9784,l00184,4,2,5,33,2007,False,0,furnished,6.68,True,True
9785,l00185,2,3,7,16,2003,True,4,unfurnished,0.22,True,True
9786,l00186,5,4,17,35,2019,True,2,semi-furnished,0.8,False,True
9788,l00188,4,2,9,33,2017,True,1,furnished,1.84,True,False
9789,l00189,5,4,11,24,2010,False,0,unfurnished,0.24,False,True
9790,l00190,1,3,8,9,2004,False,0,furnished,3.02,True,True
9791,l00191,1,4,12,17,2019,False,0,semi-furnished,6.74,True,False
9792,l00192,3,3,2,32,1995,True,4,semi-furnished,0.47,False,False
9793,l00193,2,4,25,34,2000,True,1,furnished,3.54,False,True
9794,l00194,1,2,10,24,2003,True,0,unfurnished,3.12,False,False
9795,l00195,3,4,5,31,2021,False,0,furnished,0.25,True,True
9796,l00196,3,4,6,23,2019,True,0,unfurnished,5.75,False,False
9798,l00198,1,4,0,33,2005,True,0,unfurnished,5.39,False,True
9799,l00199,4,3,24,28,2007,False,0,unfurnished,4.02,False,True
9800,l00200,3,1,2,12,2013,True,3,unfurnished,1.84,False,False
9801,l00201,5,1,22,35,1995,True,2,unfurnished,3.97,False,False
9802,l00202,4,2,16,16,1995,False,0,unfurnished,0.75,True,False
9804,l00204,5,1,16,38,2016,False,0,furnished,6.98,True,True
9805,l00205,5,1,1,11,2019,False,0,unfurnished,7.43,False,True
9806,l00206,4,1,6,6,2006,True,1,unfurnished,0.49,True,False
9810,l00210,5,1,6,37,2012,False,0,unfurnished,4.03,False,True
9811,l00211,3,3,8,24,2010,True,3,furnished,5.19,False,True
9812,l00212,2,1,20,24,1995,False,0,furnished,7.35,False,True
9814,l00214,5,3,12,40,2021,False,0,unfurnished,7.59,True,False
9815,l00215,3,3,16,26,2010,True,1,furnished,0.92,True,False
9816,l00216,5,2,8,16,2006,False,0,furnished,1.5,False,True
9817,l00217,3,4,2,14,2001,False,0,unfurnished,3.01,False,True
9819,l00219,3,1,0,19,1999,False,0,unfurnished,7.07,True,False
9821,l00221,2,2,8,40,2008,False,0,semi-furnished,5.3,True,False
9822,l00222,3,2,21,21,2019,True,0,unfurnished,6.91,True,True
9823,l00223,3,2,23,33,2018,True,2,furnished,7.81,False,True
9826,l00226,3,1,15,16,2021,True,0,unfurnished,3.14,False,False
9831,l00231,3,1,1,7,2016,True,3,unfurnished,1.16,True,False
9833,l00233,5,2,6,31,2007,True,2,furnished,0.68,True,True
9834,l00234,3,1,12,30,2014,False,0,furnished,4.56,True,True
9835,l00235,5,4,16,23,2011,True,2,unfurnished,5.21,True,False
9836,l00236,1,3,23,32,2000,False,0,furnished,4.55,True,True
9837,l00237,2,3,15,24,2013,True,2,unfurnished,0.72,False,False
9839,l00239,5,4,23,27,2005,False,0,furnished,7.82,False,True
9840,l00240,1,2,2,34,1998,True,0,semi-furnished,0.82,False,True
9841,l00241,2,1,9,25,2002,True,4,unfurnished,0.5,True,False
9842,l00242,5,1,20,25,2016,False,0,unfurnished,3.03,True,True
9843,l00243,5,3,0,27,2010,False,0,furnished,2.55,True,True
9844,l00244,2,2,1,13,2002,True,1,semi-furnished,5.2,True,False
9846,l00246,2,3,3,29,2021,False,0,furnished,0.7,False,False
9847,l00247,5,1,13,33,2019,False,0,unfurnished,4.88,False,False
9849,l00249,3,3,8,36,2021,True,0,furnished,0.27,True,False
9850,l00250,2,4,25,38,2011,True,1,semi-furnished,6.25,True,True
9851,l00251,2,1,20,32,2003,True,2,semi-furnished,2.98,False,False
9852,l00252,4,2,7,33,1998,False,0,semi-furnished,3.8,True,False
9853,l00253,5,4,1,21,2011,True,4,semi-furnished,0.66,True,True
9854,l00254,3,4,5,40,2010,False,0,furnished,7.57,True,True
9856,l00256,2,4,5,31,1998,False,0,semi-furnished,2.69,True,False
9858,l00258,5,2,8,14,2018,False,0,semi-furnished,2.63,True,False
9860,l00260,2,4,18,26,1996,True,1,semi-furnished,3.61,False,True
9861,l00261,5,3,7,39,2012,True,0,furnished,7.36,False,True
9862,l00262,3,1,2,28,2015,True,1,furnished,5.13,False,True
9865,l00265,3,3,9,22,2000,True,0,furnished,1.68,False,False
9867,l00267,1,2,16,29,2004,True,0,semi-furnished,4.44,False,True
9868,l00268,1,1,18,18,2015,True,1,unfurnished,2.66,False,True
9869,l00269,1,2,12,38,2011,False,0,unfurnished,5.56,False,False
9870,l00270,2,4,21,26,2009,True,3,unfurnished,7.54,True,True
9871,l00271,4,4,1,33,1998,False,0,unfurnished,3.56,False,True
9872,l00272,5,3,17,29,2019,False,0,furnished,0.35,True,False
9873,l00273,4,2,12,17,2010,True,3,semi-furnished,0.49,True,True
9874,l00274,4,2,8,40,2013,True,4,unfurnished,1.1,False,False
9875,l00275,5,4,17,18,2001,False,0,furnished,7.62,False,True
9876,l00276,2,1,12,16,1996,True,1,furnished,5.38,False,False
9877,l00277,2,3,7,27,2001,False,0,semi-furnished,7.77,False,False
9879,l00279,2,3,19,40,2017,False,0,unfurnished,2.73,True,False
9880,l00280,3,2,14,22,1996,True,1,unfurnished,0.34,True,True
9883,l00283,2,3,22,28,2009,True,0,unfurnished,3.2,False,False
9884,l00284,2,1,24,39,2021,False,0,furnished,3.88,False,False
9885,l00285,3,4,14,22,2013,False,0,semi-furnished,3.85,False,False
9886,l00286,4,4,8,13,2017,True,0,furnished,7.8,True,True
9889,l00289,5,2,5,8,2021,True,0,semi-furnished,6.6,True,False
9891,l00291,2,3,2,5,2003,False,0,furnished,7.33,True,True
9892,l00292,3,1,0,5,1997,False,0,furnished,3.79,True,True
9893,l00293,4,2,24,31,1998,False,0,furnished,0.69,True,False
9895,l00295,5,2,4,23,2011,False,0,semi-furnished,1.51,True,False
9896,l00296,2,3,16,40,2001,False,0,unfurnished,4.77,False,True
9897,l00297,4,1,10,38,2016,False,0,furnished,3.6,True,False
9898,l00298,5,4,0,24,2007,True,0,semi-furnished,2.31,True,True
9899,l00299,5,3,0,29,2004,False,0,furnished,7.55,False,True
9901,l00301,3,2,7,36,1997,False,0,semi-furnished,3.04,True,True
9903,l00303,1,1,4,18,2011,True,0,furnished,2.12,False,True
9904,l00304,2,3,3,27,1997,False,0,semi-furnished,2.57,True,False
9905,l00305,4,4,25,27,2014,True,1,furnished,0.45,True,True
9906,l00306,4,2,1,25,2020,False,0,unfurnished,4.49,False,True
9907,l00307,2,1,11,35,2006,False,0,semi-furnished,6.88,True,True
9908,l00308,4,4,24,36,1999,True,2,unfurnished,5.5,False,True
9909,l00309,3,1,15,30,2013,False,0,semi-furnished,4.75,True,True
9910,l00310,1,3,17,18,2023,True,0,furnished,5.13,True,False
9911,l00311,4,2,12,40,2016,True,2,unfurnished,1.76,True,False
9912,l00312,1,2,14,14,2014,True,3,semi-furnished,0.3,True,True
9914,l00314,3,3,17,34,2020,False,0,furnished,6.36,False,False
9916,l00316,3,3,4,35,2006,False,0,unfurnished,2.81,True,False
9918,l00318,3,4,9,39,2016,False,0,furnished,6.54,True,True
9919,l00319,2,1,14,26,2008,True,1,semi-furnished,2.98,True,True
9920,l00320,2,2,16,32,2019,False,0,semi-furnished,7.93,True,True
9921,l00321,2,4,9,22,2011,False,0,unfurnished,6.05,False,False
9922,l00322,3,1,21,38,2007,True,3,furnished,2.81,False,False
9923,l00323,4,3,1,5,2000,False,0,semi-furnished,4.3,True,True
9924,l00324,2,4,21,29,2007,True,0,semi-furnished,2.58,True,True
9925,l00325,5,4,15,37,2005,False,0,furnished,3.64,False,False
9927,l00327,5,3,1,5,2016,False,0,unfurnished,3.9,True,False
9928,l00328,5,2,4,40,1998,True,1,furnished,4.83,False,False
9929,l00329,4,1,24,38,2002,True,1,furnished,7.97,False,False
9931,l00331,2,4,12,26,2006,True,2,furnished,4.3,True,False
9932,l00332,1,2,4,34,2001,False,0,semi-furnished,5.77,False,True
9934,l00334,5,2,0,37,2017,False,0,furnished,4.37,False,False
9935,l00335,4,1,24,35,2018,True,2,unfurnished,5.53,False,False
9937,l00337,5,2,9,25,2021,False,0,unfurnished,3.94,True,True
9938,l00338,1,1,14,37,2019,False,0,unfurnished,1.79,False,False
9939,l00339,2,3,14,28,2016,True,0,unfurnished,7.92,False,False
9941,l00341,3,1,14,14,2001,True,3,semi-furnished,5.1,False,False
9942,l00342,2,1,4,37,2005,False,0,semi-furnished,0.83,True,True
9943,l00343,5,4,3,31,2011,True,3,unfurnished,7.08,True,False
9944,l00344,3,1,7,38,2016,False,0,semi-furnished,5.83,True,False
9945,l00345,1,4,18,27,2021,True,2,unfurnished,1.74,False,False
9946,l00346,5,3,4,36,2008,False,0,semi-furnished,0.73,False,False
9947,l00347,5,2,12,24,2023,False,0,furnished,4.31,False,False
9950,l00350,1,4,9,28,2013,True,0,furnished,1.77,False,True
9952,l00352,3,4,18,28,2001,False,0,furnished,2.22,True,True
9953,l00353,1,3,8,32,2006,False,0,furnished,2.46,False,False
9954,l00354,5,1,21,32,2020,True,3,unfurnished,7.81,False,True
9955,l00355,5,4,19,40,1995,False,0,semi-furnished,0.68,False,True
9956,l00356,1,4,5,18,2011,True,2,furnished,7.0,True,True
9957,l00357,1,3,11,15,2011,False,0,furnished,2.51,True,True
9958,l00358,4,4,8,30,2013,True,2,furnished,3.91,True,False
9959,l00359,3,4,0,25,2017,True,0,semi-furnished,6.46,True,True
9962,l00362,2,3,11,28,2012,True,2,semi-furnished,7.88,True,False
9963,l00363,2,1,3,39,2014,False,0,furnished,6.01,False,True
9964,l00364,5,3,6,19,2023,True,4,unfurnished,6.46,True,True
9965,l00365,4,1,12,35,2016,False,0,unfurnished,6.18,False,False
9966,l00366,4,3,10,39,1996,True,0,unfurnished,0.71,True,True
9967,l00367,2,2,7,15,2023,True,1,furnished,3.34,False,True
9968,l00368,3,2,13,24,2018,True,4,unfurnished,3.82,False,False
9970,l00370,1,4,7,30,2023,True,0,furnished,7.79,False,False
9971,l00371,3,2,4,13,2006,False,0,unfurnished,0.27,True,False
9972,l00372,3,1,3,21,2018,True,3,semi-furnished,3.34,True,True
9973,l00373,1,2,5,34,2023,False,0,unfurnished,7.52,False,False
9974,l00374,2,2,23,35,2015,True,4,unfurnished,1.09,True,False
9975,l00375,5,4,5,19,2010,True,2,furnished,1.18,True,False
9976,l00376,1,2,14,23,2015,True,0,furnished,1.1,True,False
9978,l00378,2,4,10,23,2019,False,0,furnished,2.98,True,True
9979,l00379,2,1,5,31,2004,True,4,semi-furnished,7.09,True,False
9980,l00380,1,2,17,27,2001,False,0,furnished,5.06,False,False
9981,l00381,1,2,24,39,1997,False,0,unfurnished,3.08,True,True
9982,l00382,3,4,24,25,2014,False,0,furnished,7.45,True,True
9983,l00383,1,2,4,24,2014,True,1,semi-furnished,5.44,True,True
9984,l00384,4,2,17,39,2002,False,0,furnished,2.29,True,True
9985,l00385,5,2,18,23,2018,False,0,furnished,2.07,False,True
9986,l00386,5,4,0,20,1999,False,0,semi-furnished,1.27,False,False
9988,l00388,1,4,5,21,1998,False,0,unfurnished,2.21,True,True
9989,l00389,4,3,11,40,2014,False,0,unfurnished,6.4,True,False
9990,l00390,4,1,13,21,1997,False,0,semi-furnished,2.1,True,True
9991,l00391,4,2,1,24,2003,True,4,semi-furnished,6.36,True,False
9993,l00393,2,2,2,34,1997,True,4,unfurnished,4.04,True,True
9995,l00395,4,4,2,19,2017,False,0,semi-furnished,4.78,False,False
9998,l00398,3,4,5,6,2016,True,0,unfurnished,7.12,True,True
10000,l00400,2,4,12,13,2008,True,2,furnished,7.9,True,False
10001,l00401,1,4,8,28,1997,False,0,furnished,1.32,False,True
10004,l00404,2,4,21,25,2023,True,4,semi-furnished,7.46,True,True
10005,l00405,4,3,12,37,2019,True,0,unfurnished,4.33,False,True
10006,l00406,5,1,22,40,2014,True,2,semi-furnished,0.94,True,True
10007,l00407,1,4,8,13,2001,False,0,furnished,5.31,False,True
10009,l00409,3,2,25,38,2018,True,4,semi-furnished,3.7,True,True
10010,l00410,3,3,19,25,2012,False,0,unfurnished,3.61,False,False
10011,l00411,1,3,12,39,2020,True,1,semi-furnished,0.78,False,False
10012,l00412,4,2,19,28,1999,True,1,semi-furnished,4.09,True,False
10013,l00413,3,3,19,29,2012,True,3,semi-furnished,3.79,True,False
10014,l00414,4,1,24,30,2014,True,2,furnished,6.18,False,True
10016,l00416,2,2,23,36,2012,False,0,semi-furnished,2.29,True,False
10017,l00417,1,1,9,37,2010,False,0,furnished,6.4,True,False
10018,l00418,1,4,14,18,2009,True,4,furnished,4.79,True,True
10019,l00419,1,2,8,8,2009,False,0,semi-furnished,1.53,False,True
10020,l00420,4,3,12,16,2020,False,0,furnished,4.4,True,True
10021,l00421,2,4,11,17,1995,False,0,unfurnished,4.76,False,True
10023,l00423,4,1,2,29,2016,False,0,furnished,6.97,False,False
10026,l00426,1,4,9,9,2011,False,0,furnished,2.85,True,True
10027,l00427,5,2,3,15,2002,False,0,furnished,1.17,False,False
10028,l00428,5,4,8,31,2013,False,0,unfurnished,1.21,True,True
10029,l00429,1,2,5,38,2004,True,2,semi-furnished,6.53,False,True
10030,l00430,4,1,5,32,2005,True,0,semi-furnished,3.23,False,False
10031,l00431,3,4,5,32,1995,True,4,semi-furnished,6.44,False,False
10032,l00432,1,1,24,25,2018,True,2,furnished,0.75,True,True
10033,l00433,2,2,4,16,2010,False,0,semi-furnished,3.08,False,True
10034,l00434,3,3,24,34,2007,True,0,unfurnished,1.18,False,False
10035,l00435,2,1,2,28,2020,True,2,unfurnished,2.5,True,True
10036,l00436,4,1,20,38,2006,False,0,semi-furnished,0.77,True,True
10037,l00437,1,3,17,38,2004,True,2,unfurnished,2.83,True,True
10038,l00438,4,2,15,21,2003,False,0,furnished,6.08,True,False
10040,l00440,2,1,22,28,2010,True,0,unfurnished,6.2,True,False
10041,l00441,4,4,7,30,2009,True,1,unfurnished,5.7,False,True
10042,l00442,1,4,20,31,2006,True,1,furnished,0.77,False,False
10043,l00443,2,1,21,25,2018,True,0,unfurnished,7.12,True,True
10044,l00444,1,4,12,27,2020,False,0,furnished,0.41,False,True
10045,l00445,1,3,6,25,2021,False,0,semi-furnished,6.42,True,False
10046,l00446,4,1,23,25,2020,False,0,unfurnished,2.56,False,True
10047,l00447,2,2,3,27,2000,False,0,unfurnished,1.22,True,True
10050,l00450,2,3,1,37,1999,False,0,unfurnished,0.69,True,True
10051,l00451,1,3,9,17,2010,True,2,furnished,6.49,False,True
10052,l00452,4,2,1,6,2001,False,0,semi-furnished,2.44,False,True
10053,l00453,3,2,20,35,2006,True,1,furnished,3.44,True,True
10054,l00454,5,4,20,24,2019,False,0,furnished,6.42,False,True
10055,l00455,5,4,11,38,1995,True,4,unfurnished,2.41,False,True
10056,l00456,4,3,0,10,2006,True,1,unfurnished,3.01,False,True
10057,l00457,4,2,4,14,1998,True,0,unfurnished,1.07,False,False
10058,l00458,5,2,2,16,2022,True,4,furnished,4.38,True,True
10059,l00459,2,2,8,32,2000,True,2,furnished,3.68,False,False
10060,l00460,3,1,21,39,2005,False,0,furnished,6.96,False,True
10062,l00462,1,4,16,33,1998,True,0,semi-furnished,2.65,True,True
10063,l00463,2,4,24,30,2008,False,0,furnished,1.64,False,False
10064,l00464,5,3,9,32,2019,True,0,unfurnished,2.06,True,True
10068,l00468,1,4,20,29,2010,True,4,unfurnished,2.09,True,False
10069,l00469,1,1,10,27,2015,False,0,unfurnished,6.47,False,True
10070,l00470,3,3,3,27,2001,True,0,semi-furnished,7.46,False,False
10071,l00471,3,2,14,18,2011,False,0,furnished,0.93,False,False
10072,l00472,5,1,12,34,2004,False,0,furnished,1.98,False,True
10073,l00473,3,3,16,33,2003,True,4,furnished,3.12,False,True
10074,l00474,4,1,12,33,1995,True,4,semi-furnished,2.59,True,True
10075,l00475,3,4,15,29,2020,False,0,furnished,2.52,False,False
10076,l00476,4,3,1,21,1995,True,2,unfurnished,4.53,False,False
10077,l00477,3,4,17,36,2005,True,2,furnished,7.49,True,False
10078,l00478,4,1,24,27,2014,False,0,furnished,3.99,False,False
10079,l00479,5,1,6,40,1998,False,0,unfurnished,7.21,True,True
10080,l00480,5,1,17,20,2017,False,0,furnished,7.66,False,True
10081,l00481,2,4,10,29,1998,False,0,semi-furnished,3.71,True,True
10082,l00482,3,3,7,16,2010,True,1,furnished,6.87,True,True
10084,l00484,2,2,7,28,2021,True,3,furnished,2.42,False,True
10085,l00485,2,3,9,20,2022,False,0,semi-furnished,5.37,False,False
10086,l00486,4,3,25,29,1998,True,3,unfurnished,5.25,True,False
10087,l00487,1,1,3,29,2010,True,1,furnished,5.82,True,False
10088,l00488,1,1,2,12,2018,True,2,semi-furnished,5.6,False,False
10089,l00489,5,3,12,29,2002,False,0,semi-furnished,0.67,True,True
10091,l00491,4,1,11,28,1997,False,0,semi-furnished,5.97,True,False
10092,l00492,3,1,22,28,2013,False,0,furnished,7.47,True,True
10095,l00495,5,2,3,26,2017,False,0,unfurnished,2.6,False,False
10096,l00496,3,3,6,17,2022,False,0,furnished,1.08,False,True
10097,l00497,1,2,3,5,1995,True,1,furnished,2.76,True,False
10098,l00498,4,2,0,21,2010,True,3,semi-furnished,4.74,True,True
10099,l00499,2,2,2,29,2008,False,0,furnished,6.07,True,True
10100,l00500,5,4,19,19,2001,False,0,unfurnished,2.56,False,True
10101,l00501,2,1,22,33,2020,False,0,semi-furnished,6.54,False,False
10102,l00502,4,4,20,27,2019,False,0,semi-furnished,3.31,True,True
10103,l00503,5,3,17,38,2004,False,0,unfurnished,6.11,False,True
10104,l00504,3,4,6,25,2002,True,2,furnished,5.69,False,True
10105,l00505,5,1,15,15,2005,False,0,unfurnished,1.26,True,True
10106,l00506,4,2,5,11,2004,True,4,furnished,0.99,False,False
10107,l00507,5,4,13,26,2013,True,1,unfurnished,3.48,True,True
10108,l00508,2,4,4,21,2013,False,0,semi-furnished,4.11,False,True
10112,l00512,2,3,25,34,2014,True,0,furnished,3.59,False,False
10113,l00513,4,2,15,15,1999,True,1,furnished,3.64,True,False
10114,l00514,4,2,2,23,1999,False,0,unfurnished,5.38,False,True
10117,l00517,2,4,3,37,2001,True,1,semi-furnished,1.49,False,False
10118,l00518,5,3,0,30,2017,True,3,unfurnished,4.08,False,True
10119,l00519,5,2,12,39,1995,False,0,furnished,5.14,True,True
10120,l00520,1,4,22,29,2011,False,0,furnished,5.07,True,False
10121,l00521,5,1,7,34,2005,False,0,semi-furnished,4.73,False,False
10122,l00522,4,2,9,29,2003,True,4,semi-furnished,2.09,False,True
10124,l00524,3,3,7,34,2008,False,0,unfurnished,7.32,False,True
10125,l00525,4,1,5,17,2013,True,4,furnished,1.27,True,False
10126,l00526,4,1,18,19,2001,True,4,semi-furnished,3.25,True,True
10130,l00530,5,1,13,29,2003,True,3,furnished,4.58,True,False
10131,l00531,5,1,19,32,2005,False,0,unfurnished,7.76,False,False
10132,l00532,2,2,20,32,2023,False,0,furnished,6.0,True,True
10133,l00533,3,2,15,37,2004,True,0,unfurnished,3.46,True,True
10137,l00537,3,2,10,30,2019,False,0,unfurnished,1.46,True,False
10138,l00538,5,1,12,37,2018,True,0,furnished,7.96,True,True
10140,l00540,4,1,2,34,2004,True,4,semi-furnished,5.98,False,False
10141,l00541,5,2,1,26,1996,False,0,unfurnished,5.96,True,False
10142,l00542,5,3,4,39,1999,True,2,semi-furnished,2.72,False,True
10147,l00547,1,2,18,24,2005,True,2,semi-furnished,7.12,False,False
10148,l00548,4,3,6,27,2005,True,0,furnished,3.56,True,True
10149,l00549,3,2,10,36,2003,False,0,furnished,7.83,True,False
10150,l00550,5,4,9,39,2004,True,0,unfurnished,6.58,True,False
10151,l00551,4,4,12,39,1995,False,0,furnished,1.05,True,True
10152,l00552,4,2,6,11,2015,False,0,unfurnished,4.99,True,True
10153,l00553,1,4,7,25,2013,True,3,unfurnished,6.95,False,False
10154,l00554,4,3,11,23,2021,False,0,unfurnished,3.57,False,True
10155,l00555,2,1,25,25,2011,True,1,furnished,6.37,False,True
10157,l00557,5,1,4,9,2008,False,0,semi-furnished,7.9,False,False
10158,l00558,4,3,7,35,2002,False,0,unfurnished,4.3,False,False
10159,l00559,1,1,6,7,2022,True,0,furnished,7.96,False,False
10160,l00560,1,3,11,27,1997,True,3,furnished,7.01,True,False
10161,l00561,4,2,6,19,2000,False,0,semi-furnished,0.92,True,False
10162,l00562,1,4,6,25,2010,False,0,semi-furnished,7.08,False,True
10163,l00563,2,4,14,25,1998,True,4,furnished,7.22,True,False
10164,l00564,4,3,7,20,2019,False,0,furnished,5.84,True,False
10165,l00565,2,2,2,6,2000,False,0,semi-furnished,7.96,False,False
10166,l00566,1,1,5,32,2008,True,1,unfurnished,4.24,True,False
10167,l00567,4,1,7,18,2002,True,2,unfurnished,0.63,False,True
10168,l00568,4,3,14,17,1996,False,0,semi-furnished,2.3,False,False
10169,l00569,3,2,8,34,2011,True,3,unfurnished,3.4,True,False
10171,l00571,5,1,2,22,2016,False,0,semi-furnished,4.32,True,False
10173,l00573,1,2,1,35,2011,False,0,semi-furnished,5.46,True,True
10174,l00574,2,1,9,17,2006,False,0,furnished,5.44,True,True
10175,l00575,3,2,3,21,2008,True,1,semi-furnished,3.58,True,True
10177,l00577,4,3,13,33,2018,True,4,semi-furnished,5.13,True,False
10178,l00578,3,2,13,37,2009,False,0,semi-furnished,3.64,True,True
10179,l00579,2,1,11,14,2023,True,4,semi-furnished,4.8,True,True
10180,l00580,2,2,3,11,2008,True,4,unfurnished,3.36,False,False
10181,l00581,4,4,4,24,2023,False,0,unfurnished,0.72,True,True
10184,l00584,4,4,8,27,2016,False,0,furnished,2.8,True,True
10186,l00586,2,1,10,22,2009,True,1,semi-furnished,7.92,False,True
10187,l00587,5,2,11,18,2015,True,1,furnished,6.92,False,False
10188,l00588,2,1,9,24,1999,True,3,furnished,7.06,False,False
10190,l00590,1,4,13,33,2018,True,1,semi-furnished,0.8,True,True
10192,l00592,3,3,7,12,2003,True,1,furnished,4.36,False,True
10195,l00595,2,3,2,7,2017,False,0,semi-furnished,2.34,True,False
10196,l00596,3,1,0,40,2014,False,0,furnished,6.5,True,True
10197,l00597,1,2,3,18,2008,True,2,furnished,4.21,True,False
10199,l00599,2,4,12,16,2013,False,0,unfurnished,6.13,False,True
10201,l00601,1,1,23,26,2003,True,1,furnished,3.58,True,False
10203,l00603,2,3,13,21,2015,False,0,semi-furnished,5.13,False,True
10205,l00605,1,2,17,31,1997,False,0,semi-furnished,6.88,True,False
10206,l00606,2,3,23,40,2006,True,0,unfurnished,2.82,False,True
10207,l00607,2,4,0,15,2012,True,0,furnished,0.91,False,False
10209,l00609,1,4,13,20,2006,True,4,semi-furnished,6.21,False,False
10210,l00610,2,2,5,33,2010,False,0,furnished,1.19,True,False
10211,l00611,2,2,11,29,2010,True,2,semi-furnished,3.74,True,True
10212,l00612,5,3,18,19,2022,False,0,unfurnished,0.95,True,False
10214,l00614,3,1,7,22,2012,True,2,furnished,0.35,True,False
10215,l00615,1,2,8,14,2011,True,4,furnished,5.93,True,False
10217,l00617,5,2,21,30,2022,False,0,unfurnished,7.61,False,False
10219,l00619,4,2,25,25,2020,False,0,semi-furnished,2.3,False,False
10220,l00620,5,3,5,18,1996,False,0,unfurnished,0.45,True,False
10221,l00621,4,2,11,31,2018,True,3,unfurnished,2.95,True,True
10223,l00623,1,1,5,35,2009,False,0,furnished,3.64,True,True
10225,l00625,5,1,17,19,2002,True,4,unfurnished,2.2,False,True
10226,l00626,2,4,25,40,2009,True,3,unfurnished,1.03,False,False
10227,l00627,4,4,8,32,2011,False,0,furnished,6.8,False,True
10228,l00628,5,3,5,25,2014,True,3,furnished,7.8,False,False
10229,l00629,1,4,11,37,2007,False,0,unfurnished,3.12,False,True
10231,l00631,5,4,8,37,2021,True,0,semi-furnished,0.75,False,True
10232,l00632,2,3,10,19,2016,True,3,furnished,2.29,False,True
10233,l00633,5,2,9,28,1996,True,0,semi-furnished,0.29,False,True
10234,l00634,1,1,10,36,2000,False,0,semi-furnished,5.88,True,False
10235,l00635,3,4,20,31,1998,True,0,unfurnished,4.52,True,True
10236,l00636,5,3,1,14,2007,False,0,furnished,4.72,True,True
10237,l00637,5,4,7,32,1997,False,0,unfurnished,3.36,True,True
10238,l00638,4,3,7,24,2023,True,1,furnished,7.45,False,True
10239,l00639,2,1,4,25,2021,False,0,furnished,2.22,True,True
10240,l00640,4,4,4,16,1997,True,0,semi-furnished,2.05,False,True
10241,l00641,4,4,21,22,2011,False,0,furnished,1.33,False,False
10242,l00642,5,4,19,23,2021,True,0,unfurnished,5.84,False,False
10244,l00644,4,1,6,6,1997,True,4,unfurnished,7.55,False,False
10245,l00645,1,2,15,32,2016,False,0,unfurnished,2.4,False,True
10246,l00646,3,1,0,31,1997,True,0,unfurnished,2.1,True,False
10247,l00647,3,1,16,16,2017,True,1,semi-furnished,6.12,True,False
10248,l00648,4,2,17,22,2010,False,0,semi-furnished,0.42,True,True
10250,l00650,2,2,13,32,2013,True,0,furnished,5.05,False,True
10251,l00651,2,1,9,17,2021,True,3,unfurnished,2.77,True,False
10252,l00652,1,3,4,39,2004,False,0,semi-furnished,2.17,False,False
10253,l00653,1,3,9,27,2004,True,4,unfurnished,7.88,False,False
10254,l00654,5,3,2,40,1998,True,1,semi-furnished,0.97,False,True
10257,l00657,3,1,11,37,2007,True,0,furnished,7.54,False,False
10258,l00658,1,1,14,16,2000,True,2,furnished,0.89,True,False
10260,l00660,5,3,11,38,1996,False,0,semi-furnished,6.5,False,True
10261,l00661,3,4,6,29,2002,True,3,semi-furnished,6.18,False,False
10263,l00663,1,2,2,20,2001,True,0,furnished,6.49,True,False
10265,l00665,3,2,5,27,2005,True,0,unfurnished,7.11,False,False
10268,l00668,1,3,16,28,2017,True,4,semi-furnished,7.61,False,True
10269,l00669,2,2,9,35,2006,False,0,unfurnished,5.19,False,True
10270,l00670,1,2,11,15,1999,False,0,unfurnished,2.68,False,False
10272,l00672,2,3,13,21,2011,False,0,furnished,4.69,False,False
10274,l00674,2,3,2,25,1996,True,1,semi-furnished,5.1,True,False
10276,l00676,4,4,7,33,2008,True,2,semi-furnished,4.74,True,True
10277,l00677,5,4,0,14,2018,False,0,unfurnished,7.67,False,False
10278,l00678,2,2,10,14,2023,True,2,unfurnished,3.6,True,False
10280,l00680,1,2,3,28,2022,True,4,furnished,4.45,False,True
10281,l00681,3,2,7,18,1996,True,2,semi-furnished,0.51,True,True
10282,l00682,1,3,9,36,2013,True,1,semi-furnished,7.59,False,False
10283,l00683,2,2,15,22,2004,True,0,unfurnished,1.37,True,False
10284,l00684,3,4,2,18,1999,False,0,semi-furnished,1.22,False,False
10285,l00685,4,3,24,31,2016,True,1,unfurnished,7.05,False,True
10288,l00688,5,3,22,25,2018,False,0,unfurnished,4.07,True,False
10289,l00689,3,2,4,39,1995,False,0,semi-furnished,2.55,False,False
10291,l00691,4,1,0,21,1995,False,0,semi-furnished,4.66,True,True
10292,l00692,5,2,1,12,2006,True,2,unfurnished,5.13,False,False
10293,l00693,1,3,9,28,2004,True,0,semi-furnished,0.3,False,False
10294,l00694,5,4,22,30,2020,False,0,semi-furnished,5.84,False,False
10296,l00696,4,1,19,19,2023,True,0,furnished,3.47,False,False
10297,l00697,2,3,15,28,2017,True,2,furnished,2.24,True,True
10298,l00698,5,3,8,23,1995,True,4,unfurnished,3.78,True,True
10299,l00699,4,3,8,18,1997,True,2,furnished,4.32,True,True
10300,l00700,5,1,2,36,2015,True,0,unfurnished,1.38,True,False
10301,l00701,2,1,6,21,2010,True,2,semi-furnished,4.24,False,True
10302,l00702,2,3,6,31,2020,True,4,unfurnished,1.51,True,False
10306,l00706,4,1,3,6,2012,True,2,furnished,1.0,False,True
10307,l00707,5,3,0,25,2017,False,0,furnished,1.41,True,True
10308,l00708,1,2,7,34,2022,True,1,unfurnished,2.25,True,False
10309,l00709,4,4,12,27,2001,False,0,semi-furnished,6.85,False,True
10310,l00710,1,3,1,28,2019,False,0,furnished,1.72,True,False
10311,l00711,1,2,23,35,2021,True,1,semi-furnished,3.43,True,True
10312,l00712,1,2,14,24,1995,True,1,semi-furnished,7.25,False,True
10313,l00713,5,1,12,38,2003,True,2,furnished,5.33,True,True
10315,l00715,1,2,3,18,2015,False,0,unfurnished,7.92,True,False
10317,l00717,3,1,6,16,2005,True,0,unfurnished,5.08,True,True
10318,l00718,3,4,18,40,2011,True,2,furnished,0.53,False,False
10319,l00719,3,2,0,34,2001,True,4,furnished,1.12,False,True
10320,l00720,2,4,7,20,2001,True,4,semi-furnished,7.15,True,True
10322,l00722,4,2,10,12,2004,False,0,unfurnished,5.61,True,True
10323,l00723,2,3,7,27,2016,False,0,unfurnished,5.2,True,True
10324,l00724,5,2,4,37,2015,True,0,semi-furnished,3.23,False,False
10325,l00725,5,2,3,6,2007,False,0,furnished,1.87,False,True
10326,l00726,1,4,25,37,2017,False,0,furnished,7.42,False,True
10327,l00727,1,2,8,29,2009,False,0,unfurnished,4.16,False,False
10328,l00728,2,4,18,26,2010,True,4,unfurnished,0.76,False,True
10329,l00729,1,1,1,40,2011,True,4,semi-furnished,5.39,True,True
10331,l00731,5,3,13,16,2018,True,0,unfurnished,6.6,True,True
10332,l00732,5,2,10,20,2020,True,1,unfurnished,0.41,True,True
10333,l00733,1,1,11,33,2013,False,0,semi-furnished,5.25,True,True
10334,l00734,3,3,6,25,2018,False,0,unfurnished,2.83,True,True
10335,l00735,2,3,13,38,2018,False,0,semi-furnished,4.79,False,False
10338,l00738,5,3,9,39,2011,False,0,unfurnished,6.88,False,True
10339,l00739,1,4,15,29,2020,False,0,unfurnished,6.68,False,False
10340,l00740,5,1,9,9,2011,False,0,unfurnished,0.7,True,False
10341,l00741,1,2,18,28,2014,False,0,unfurnished,2.11,True,False
10342,l00742,4,2,4,26,2015,True,3,unfurnished,2.4,True,True
10343,l00743,3,3,12,28,2004,False,0,unfurnished,4.11,False,False
10345,l00745,5,4,2,25,2017,False,0,semi-furnished,6.37,False,True
10346,l00746,3,3,23,37,2007,False,0,unfurnished,1.48,False,True
10348,l00748,5,4,4,20,1996,False,0,furnished,0.78,False,False
10349,l00749,1,3,10,10,2008,False,0,furnished,3.39,False,False
10350,l00750,2,4,7,31,2021,False,0,semi-furnished,5.94,False,False
10351,l00751,4,1,2,13,2010,True,4,semi-furnished,6.5,False,False
10352,l00752,5,2,2,36,2014,True,3,semi-furnished,4.54,False,False
10353,l00753,1,2,4,29,1998,False,0,unfurnished,7.89,False,True
10355,l00755,5,4,0,39,1999,True,0,furnished,5.88,False,True
10356,l00756,5,1,24,24,1998,True,3,furnished,0.37,True,False
10357,l00757,3,1,25,36,2023,True,0,semi-furnished,3.75,False,True
10358,l00758,5,4,24,33,2017,True,0,furnished,2.83,True,True
10359,l00759,5,2,12,15,2021,False,0,semi-furnished,4.93,False,False
10360,l00760,2,2,19,40,2003,False,0,furnished,3.79,True,True
10362,l00762,5,3,5,15,2020,True,0,unfurnished,5.17,True,False
10363,l00763,5,1,16,37,1995,True,3,furnished,5.53,False,False
10367,l00767,5,1,8,29,2004,False,0,furnished,5.31,False,False
10368,l00768,2,4,1,31,2022,False,0,furnished,6.64,False,False
10370,l00770,2,3,8,17,2022,False,0,furnished,1.91,False,True
10371,l00771,1,4,0,29,2007,True,3,furnished,7.72,False,False
10372,l00772,4,2,0,6,1998,True,0,semi-furnished,5.82,False,True
10373,l00773,3,3,17,18,2021,True,2,furnished,2.58,True,True
10375,l00775,5,1,9,17,2000,True,0,semi-furnished,1.94,False,True
10376,l00776,1,1,14,26,1996,False,0,furnished,3.18,False,False
10377,l00777,3,2,23,39,2019,True,1,unfurnished,5.92,True,False
10378,l00778,5,4,17,31,2014,True,0,furnished,6.59,False,True
10379,l00779,4,4,12,30,2000,True,4,furnished,3.59,False,True
10380,l00780,2,4,7,23,2010,False,0,furnished,4.22,False,False
10381,l00781,1,3,5,22,2018,True,0,semi-furnished,4.62,True,False
10382,l00782,1,4,11,16,2014,False,0,semi-furnished,3.52,False,True
10383,l00783,5,3,3,9,1996,True,0,unfurnished,3.51,True,True
10385,l00785,4,2,0,39,2017,False,0,unfurnished,6.56,False,True
10386,l00786,3,4,1,20,2014,False,0,unfurnished,1.57,False,False
10388,l00788,2,3,21,27,2015,False,0,furnished,2.76,False,False
10389,l00789,4,4,18,25,2007,True,1,semi-furnished,2.49,True,True
10390,l00790,3,4,2,19,2007,False,0,furnished,3.87,True,True
10391,l00791,2,2,16,21,2003,True,1,semi-furnished,4.53,False,True
10392,l00792,5,2,20,35,2006,False,0,semi-furnished,3.71,True,True
10393,l00793,2,2,7,31,1999,True,2,furnished,3.0,False,False
10394,l00794,5,1,0,16,2020,True,1,semi-furnished,1.59,True,True
10395,l00795,3,4,11,36,2010,False,0,semi-furnished,1.99,True,False
10396,l00796,1,1,13,20,1999,True,3,furnished,0.94,True,False
10397,l00797,2,3,2,32,2003,False,0,furnished,3.89,True,False
10398,l00798,3,3,13,30,2013,False,0,furnished,4.73,False,True
10399,l00799,1,3,1,15,2013,True,0,furnished,3.03,False,False
10401,l00801,5,4,16,32,1996,True,0,unfurnished,4.1,True,True
10402,l00802,2,1,2,13,2012,False,0,furnished,1.74,False,False
10403,l00803,4,4,0,17,1998,False,0,semi-furnished,3.95,False,True
10404,l00804,3,3,13,34,1998,False,0,furnished,4.51,False,True
10405,l00805,1,4,15,39,2023,True,2,furnished,0.95,False,True
10406,l00806,4,1,21,36,2015,False,0,furnished,5.67,True,True
10409,l00809,4,1,2,14,2008,True,0,unfurnished,6.56,False,False
10410,l00810,1,4,8,39,2010,False,0,furnished,7.05,True,True
10411,l00811,3,4,19,20,2000,True,3,semi-furnished,4.98,True,True
10412,l00812,5,4,1,12,2003,False,0,furnished,2.58,False,True
10413,l00813,1,4,10,35,2014,False,0,semi-furnished,5.52,True,True
10414,l00814,2,1,8,30,1995,True,1,unfurnished,3.21,True,False
10415,l00815,3,4,8,17,2023,False,0,semi-furnished,3.65,True,False
10416,l00816,4,3,4,10,2017,False,0,unfurnished,3.86,True,True
10417,l00817,4,2,13,21,2022,True,2,semi-furnished,2.1,False,False
10421,l00821,5,1,12,34,2019,False,0,furnished,7.62,True,True
10422,l00822,2,4,9,24,1995,False,0,unfurnished,2.71,False,False
10424,l00824,5,1,8,24,2009,True,2,semi-furnished,3.21,True,True
10426,l00826,2,2,21,32,2004,True,3,semi-furnished,3.97,False,True
10427,l00827,3,3,23,37,2011,True,0,semi-furnished,1.69,True,True
10428,l00828,4,3,0,13,2002,False,0,unfurnished,0.63,True,False
10429,l00829,3,4,12,19,2005,True,4,semi-furnished,4.99,True,True
10430,l00830,4,2,1,18,2018,False,0,furnished,7.9,False,False
10431,l00831,4,1,0,14,2009,True,4,unfurnished,7.17,True,True
10432,l00832,5,1,8,17,1999,False,0,furnished,6.35,True,False
10433,l00833,5,3,12,19,2003,False,0,furnished,7.3,True,False
10434,l00834,3,4,1,21,2002,False,0,furnished,2.14,True,False
10435,l00835,5,3,20,28,2000,False,0,semi-furnished,6.86,False,True
10436,l00836,1,4,13,17,2016,True,4,furnished,2.92,True,False
10437,l00837,4,3,14,14,1998,True,2,semi-furnished,1.0,False,False
10439,l00839,4,4,11,24,2014,True,1,furnished,6.78,False,False
10442,l00842,2,2,2,8,2012,False,0,furnished,7.04,False,False
10443,l00843,1,1,8,32,2007,True,1,furnished,0.84,False,True
10445,l00845,4,1,10,28,2018,False,0,semi-furnished,5.15,True,True
10446,l00846,5,2,21,23,2011,False,0,semi-furnished,6.46,False,False
10447,l00847,5,4,25,31,2015,False,0,semi-furnished,2.26,True,True
10448,l00848,5,2,21,38,2017,False,0,semi-furnished,3.72,False,False
10450,l00850,1,1,16,21,1995,False,0,semi-furnished,5.99,True,True
10451,l00851,5,4,18,38,2007,False,0,semi-furnished,4.83,False,False
10452,l00852,1,2,2,18,2006,False,0,furnished,1.89,False,False
10453,l00853,1,4,3,30,2010,False,0,unfurnished,3.38,False,True
10454,l00854,5,1,2,19,2006,False,0,furnished,1.14,False,True
10456,l00856,2,2,12,33,2001,False,0,furnished,5.08,True,True
10457,l00857,3,1,19,39,2023,True,1,unfurnished,5.5,True,False
10458,l00858,1,4,6,34,1996,False,0,unfurnished,4.23,True,True
10459,l00859,5,2,9,30,2008,False,0,semi-furnished,6.99,True,True
10461,l00861,1,2,17,36,2010,True,2,furnished,2.08,True,True
10462,l00862,1,1,0,16,2017,True,0,furnished,1.57,True,False
10463,l00863,2,1,18,32,2019,True,4,furnished,6.14,True,True
10465,l00865,1,3,25,40,2003,True,2,furnished,4.87,False,True
10466,l00866,2,3,25,36,1995,True,4,semi-furnished,3.12,True,True
10467,l00867,4,3,0,37,2016,True,3,furnished,7.74,False,True
10469,l00869,1,4,25,25,1999,True,1,furnished,5.01,False,False
10470,l00870,4,1,2,28,1997,True,4,semi-furnished,4.16,False,False
10471,l00871,1,3,3,6,2015,False,0,unfurnished,1.62,True,False
10472,l00872,5,3,17,34,2022,False,0,furnished,5.37,False,True
10473,l00873,5,1,13,38,2010,False,0,unfurnished,3.46,True,False
10475,l00875,4,1,5,30,2001,True,4,semi-furnished,2.07,True,False
10477,l00877,4,3,9,29,2009,True,2,semi-furnished,4.13,True,False
10479,l00879,3,3,5,7,2015,True,1,semi-furnished,2.65,True,True
10480,l00880,2,2,23,40,2004,True,3,furnished,3.89,False,False
10481,l00881,4,1,6,26,2006,False,0,unfurnished,6.9,False,False
10482,l00882,4,2,11,19,2022,True,0,semi-furnished,6.1,False,True
10483,l00883,3,3,3,22,1996,True,2,unfurnished,4.41,True,False
10484,l00884,2,2,7,28,2016,True,0,semi-furnished,2.76,False,True
10486,l00886,4,2,6,7,2001,False,0,unfurnished,0.88,False,False
10489,l00889,3,2,16,37,1996,False,0,semi-furnished,2.24,True,True
10491,l00891,1,1,10,26,2012,False,0,furnished,2.61,True,False
10492,l00892,2,3,13,23,2022,False,0,semi-furnished,6.9,False,False
10494,l00894,2,4,13,40,2017,False,0,unfurnished,6.09,True,False
10495,l00895,4,2,5,8,2021,False,0,furnished,7.95,False,True
10498,l00898,5,4,1,39,2016,True,2,furnished,2.18,False,True
10501,l00901,3,1,0,36,2007,True,0,furnished,2.46,True,False
10502,l00902,5,1,20,31,2013,False,0,semi-furnished,6.11,False,True
10503,l00903,1,4,5,7,2021,True,3,unfurnished,0.99,False,False
10504,l00904,1,2,7,35,1996,False,0,furnished,3.4,True,True
10505,l00905,5,4,18,29,2001,False,0,unfurnished,3.51,True,True
10507,l00907,1,1,22,37,1995,True,4,semi-furnished,1.66,True,True
10508,l00908,1,2,0,11,2017,False,0,unfurnished,5.88,True,True
10510,l00910,5,4,4,21,2020,False,0,semi-furnished,1.33,False,False
10513,l00913,2,2,18,29,2020,False,0,semi-furnished,7.55,True,False
10515,l00915,2,2,4,14,2014,True,0,unfurnished,1.55,True,False
10516,l00916,2,1,15,20,2012,False,0,furnished,4.63,False,True
10517,l00917,4,2,10,22,2019,True,2,semi-furnished,2.89,True,False
10518,l00918,5,1,5,25,2002,False,0,semi-furnished,0.52,True,True
10519,l00919,4,4,2,27,2010,False,0,semi-furnished,6.11,True,False
10520,l00920,3,2,16,39,2008,False,0,unfurnished,2.94,False,False
10521,l00921,5,2,14,39,2007,False,0,unfurnished,4.33,False,False
10523,l00923,3,2,20,34,2000,False,0,semi-furnished,5.24,True,False
10525,l00925,2,2,2,19,2010,True,1,semi-furnished,2.48,True,True
10526,l00926,4,4,2,19,2022,True,1,unfurnished,3.54,True,False
10527,l00927,5,3,8,14,2013,True,2,unfurnished,4.28,False,False
10528,l00928,4,3,8,36,2018,True,3,semi-furnished,1.27,True,False
10530,l00930,2,1,23,30,2014,True,1,furnished,5.47,False,True
10533,l00933,4,1,8,16,2007,False,0,unfurnished,3.88,False,True
10534,l00934,1,2,13,22,2017,False,0,furnished,4.96,True,True
10535,l00935,2,1,23,24,2011,False,0,furnished,1.89,False,False
10536,l00936,1,1,13,14,1995,True,1,furnished,6.3,True,True
10537,l00937,4,4,14,37,1995,True,2,semi-furnished,0.52,True,True
10538,l00938,2,4,19,22,2013,True,0,semi-furnished,2.0,True,False
10539,l00939,1,2,8,18,2013,True,3,furnished,2.22,False,True
10540,l00940,5,3,8,17,2002,True,4,semi-furnished,2.86,False,False
10541,l00941,5,2,12,25,2006,True,0,unfurnished,5.39,False,False
10545,l00945,3,1,9,21,2000,True,4,unfurnished,2.14,False,True
10546,l00946,3,3,1,29,2008,False,0,semi-furnished,2.6,False,False
10547,l00947,3,3,16,17,2020,False,0,unfurnished,6.75,True,False
10548,l00948,1,2,2,11,1998,True,1,furnished,2.93,False,False
10550,l00950,2,2,16,17,2005,True,2,unfurnished,1.82,False,True
10551,l00951,4,3,19,33,2011,True,0,semi-furnished,2.39,True,True
10552,l00952,1,3,0,30,1996,False,0,unfurnished,3.26,False,False
10553,l00953,5,1,17,27,2018,True,2,semi-furnished,5.31,False,True
10554,l00954,1,3,16,16,2023,False,0,furnished,5.23,False,False
10556,l00956,5,4,6,33,2009,True,1,furnished,0.25,True,True
10558,l00958,3,2,1,24,2000,True,1,semi-furnished,3.16,True,True
10560,l00960,4,1,14,27,2006,True,1,furnished,6.18,False,True
10561,l00961,3,4,3,32,1998,True,1,unfurnished,5.42,True,True
10562,l00962,3,4,3,36,2012,False,0,furnished,0.95,True,False
10563,l00963,2,1,2,26,2011,True,2,semi-furnished,2.58,True,False
10564,l00964,3,4,9,15,2008,True,1,unfurnished,2.23,False,False
10565,l00965,1,2,4,20,2005,True,3,unfurnished,1.64,True,False
10566,l00966,2,2,16,22,2023,True,4,furnished,5.77,False,True
10567,l00967,4,4,7,16,2001,False,0,unfurnished,4.85,True,True
10568,l00968,5,4,2,28,2010,False,0,semi-furnished,2.8,True,False
10570,l00970,4,4,18,38,2015,False,0,semi-furnished,4.86,False,True
10571,l00971,5,4,5,7,2016,False,0,semi-furnished,3.61,True,True
10572,l00972,1,3,11,36,2008,True,1,furnished,2.49,True,True
10574,l00974,5,2,9,17,2022,False,0,unfurnished,0.69,False,False
10575,l00975,3,3,6,8,2016,True,1,furnished,6.28,False,True
10577,l00977,3,2,0,33,2022,True,4,unfurnished,5.34,False,False
10578,l00978,4,1,11,30,2000,False,0,furnished,7.14,False,True
10579,l00979,2,3,1,6,1995,False,0,unfurnished,5.33,False,True
10580,l00980,2,3,8,18,2008,False,0,furnished,0.56,True,False
10581,l00981,4,2,14,36,2010,False,0,semi-furnished,0.57,True,False
10582,l00982,1,3,10,23,2021,False,0,furnished,3.11,True,False
10583,l00983,4,4,16,34,2021,False,0,furnished,1.16,True,False
10585,l00985,4,3,14,18,2022,False,0,furnished,3.44,True,True
10586,l00986,1,3,6,14,2015,False,0,semi-furnished,1.93,True,True
10587,l00987,4,3,2,18,2020,True,1,furnished,1.41,True,True
10589,l00989,2,2,17,18,2022,False,0,furnished,4.88,False,False
10590,l00990,4,3,4,16,2019,True,0,furnished,2.23,False,False
10591,l00991,4,3,20,29,2016,True,2,furnished,2.52,False,False
10593,l00993,4,4,0,21,2009,False,0,unfurnished,7.89,False,False
10594,l00994,2,4,17,35,2019,True,3,furnished,5.22,True,False
10595,l00995,3,3,23,32,1998,False,0,unfurnished,6.17,True,False
10596,l00996,5,2,3,20,2017,True,2,unfurnished,5.45,False,True
10599,l00999,2,3,3,38,1999,False,0,semi-furnished,7.19,True,True
10600,l01000,2,4,23,33,1995,False,0,furnished,3.11,True,False
10602,l01002,2,4,19,36,2005,False,0,furnished,2.45,False,True
10603,l01003,4,1,1,9,2018,True,3,semi-furnished,2.34,True,False
10604,l01004,3,2,4,38,1998,False,0,furnished,0.45,True,True
10605,l01005,4,3,13,35,2003,True,2,furnished,3.53,True,True
10607,l01007,2,4,14,23,2010,False,0,unfurnished,1.39,False,True
10608,l01008,1,4,21,27,2015,False,0,semi-furnished,8.0,False,True
10609,l01009,2,1,17,40,2023,True,4,semi-furnished,5.49,False,True
10610,l01010,2,3,22,31,2009,True,3,unfurnished,4.18,True,False
10613,l01013,2,3,10,27,2002,False,0,semi-furnished,7.27,False,True
10614,l01014,5,2,0,19,2011,True,4,furnished,4.54,True,True
10615,l01015,4,3,12,26,2016,False,0,unfurnished,1.0,False,False
10616,l01016,4,4,6,33,2005,False,0,furnished,2.14,False,True
10617,l01017,4,2,12,28,2021,False,0,semi-furnished,2.52,False,True
10618,l01018,3,2,25,28,2006,True,1,semi-furnished,1.75,True,False
10619,l01019,4,1,8,22,2011,False,0,semi-furnished,3.77,False,True
10620,l01020,1,1,6,37,1998,True,2,unfurnished,4.67,False,True
10621,l01021,4,3,7,33,2016,False,0,semi-furnished,3.33,False,True
10622,l01022,4,4,8,13,2010,False,0,furnished,2.11,False,False
10623,l01023,3,3,14,19,2011,True,0,semi-furnished,7.33,True,False
10625,l01025,3,3,4,11,2010,False,0,unfurnished,1.39,True,True
10626,l01026,2,2,3,31,2015,True,3,furnished,6.58,False,False
10627,l01027,1,1,13,35,2013,True,0,unfurnished,2.17,False,True
10628,l01028,4,1,9,23,2005,False,0,semi-furnished,5.29,False,True
10632,l01032,3,3,7,32,1996,True,3,furnished,3.91,True,True
10633,l01033,2,4,12,22,1998,True,1,furnished,6.94,False,False
10635,l01035,1,4,6,33,1998,True,0,semi-furnished,3.28,False,False
10636,l01036,1,1,12,29,2005,True,3,unfurnished,5.59,False,False
10637,l01037,4,2,22,37,2016,False,0,furnished,6.58,False,True
10638,l01038,3,1,5,37,2003,False,0,unfurnished,2.03,True,False
10639,l01039,5,3,15,26,1997,False,0,unfurnished,1.01,False,False
10640,l01040,4,4,19,25,2020,True,1,semi-furnished,4.73,False,False
10641,l01041,1,4,11,18,2002,False,0,semi-furnished,6.5,True,False
10643,l01043,1,1,8,40,2017,True,3,unfurnished,1.69,False,True
10645,l01045,5,1,24,30,2009,False,0,semi-furnished,4.16,False,True
10646,l01046,2,1,5,33,2017,False,0,semi-furnished,0.61,True,False
10647,l01047,5,3,18,34,2006,False,0,semi-furnished,1.44,False,True
10648,l01048,5,1,5,25,2009,True,0,furnished,7.62,True,False
10649,l01049,3,4,13,38,2015,False,0,unfurnished,2.86,True,True
10650,l01050,1,4,8,30,1999,False,0,unfurnished,3.75,False,True
10651,l01051,1,4,20,37,2005,True,0,semi-furnished,0.49,False,False
10652,l01052,5,1,8,10,2005,True,0,furnished,6.88,False,True
10653,l01053,3,1,20,20,2023,True,1,unfurnished,4.18,False,False
10654,l01054,1,2,21,34,2006,False,0,furnished,5.78,False,False
10655,l01055,1,3,24,40,2016,True,4,furnished,4.23,True,False
10656,l01056,2,4,18,40,2008,True,1,unfurnished,3.53,True,True
10658,l01058,3,1,19,32,1999,True,3,semi-furnished,5.51,True,False
10659,l01059,3,3,11,27,2005,False,0,furnished,4.19,True,True
10660,l01060,1,2,11,20,2019,False,0,semi-furnished,1.11,True,False
10661,l01061,5,4,4,29,2012,False,0,semi-furnished,3.25,False,True
10662,l01062,5,1,6,24,2021,True,4,unfurnished,0.94,False,True
10663,l01063,2,3,9,14,1999,True,2,furnished,2.63,False,False
10666,l01066,2,2,1,8,2002,True,4,semi-furnished,3.64,True,False
10667,l01067,5,3,19,33,2013,True,3,unfurnished,6.58,False,False
10668,l01068,2,1,15,25,2003,True,3,furnished,4.43,True,False
10670,l01070,4,1,16,20,2013,False,0,semi-furnished,2.57,True,False
10673,l01073,4,1,2,18,2005,True,2,unfurnished,1.59,True,True
10674,l01074,5,1,12,34,2003,False,0,semi-furnished,7.17,True,True
10675,l01075,2,1,1,5,1999,False,0,unfurnished,3.26,False,False
10676,l01076,3,2,17,25,2016,True,3,furnished,3.69,True,True
10678,l01078,2,1,0,33,2003,True,1,semi-furnished,4.9,False,False
10682,l01082,4,1,3,18,2018,True,3,semi-furnished,4.1,False,False
10683,l01083,5,1,5,27,2011,False,0,unfurnished,5.15,False,False
10685,l01085,1,2,17,34,1996,True,1,unfurnished,6.01,False,True
10686,l01086,5,3,24,36,2006,False,0,unfurnished,4.42,True,False
10687,l01087,4,2,9,17,1998,True,4,semi-furnished,1.98,False,True
10688,l01088,2,3,8,36,2019,True,0,furnished,3.19,True,True
10689,l01089,3,2,3,20,2005,True,0,furnished,0.58,True,False
10691,l01091,2,3,4,31,1999,True,4,unfurnished,4.26,False,True
10692,l01092,5,3,5,11,2003,False,0,semi-furnished,1.57,False,False
10693,l01093,3,3,15,27,2017,True,0,unfurnished,5.1,True,True
10694,l01094,4,2,10,33,2000,False,0,unfurnished,2.74,True,True
10695,l01095,2,1,19,40,2008,False,0,semi-furnished,4.01,True,False
10696,l01096,5,1,11,29,2020,False,0,furnished,1.62,False,True
10697,l01097,1,1,3,16,2007,True,0,semi-furnished,1.65,True,True
10698,l01098,1,2,5,38,2016,False,0,furnished,1.58,False,False
10699,l01099,5,3,25,34,2002,False,0,furnished,4.28,True,True
10700,l01100,4,1,13,26,2021,False,0,unfurnished,6.3,False,False
10701,l01101,3,2,19,19,1999,True,2,semi-furnished,3.52,False,True
10702,l01102,1,4,0,32,1995,False,0,unfurnished,1.44,True,False
10704,l01104,5,4,18,39,2020,False,0,furnished,5.63,True,True
10706,l01106,4,1,11,25,2018,False,0,unfurnished,5.98,True,False
10707,l01107,4,2,24,24,2001,False,0,furnished,6.98,False,False
10709,l01109,2,4,16,31,1995,False,0,semi-furnished,6.89,False,False
10711,l01111,3,1,10,14,2009,False,0,furnished,2.42,False,False
10712,l01112,3,3,9,19,2012,True,1,unfurnished,2.61,True,True
10713,l01113,4,3,12,40,2005,False,0,furnished,0.45,False,True
10715,l01115,3,1,10,34,2023,True,4,furnished,6.29,True,False
10716,l01116,5,4,21,26,2017,False,0,furnished,5.25,False,True
10717,l01117,4,1,1,38,1998,False,0,furnished,5.73,True,True
10718,l01118,2,1,25,27,2015,True,1,unfurnished,1.76,True,True
10719,l01119,2,1,12,22,2013,False,0,semi-furnished,5.78,False,False
10720,l01120,3,2,2,16,2022,True,4,semi-furnished,0.7,False,True
10721,l01121,3,2,4,23,2007,False,0,furnished,4.31,True,True
10722,l01122,4,2,2,19,2002,True,2,unfurnished,4.96,True,False
10723,l01123,1,2,19,24,2014,True,1,furnished,1.21,False,False
10724,l01124,5,4,21,22,2005,True,0,semi-furnished,5.28,False,True
10725,l01125,5,3,1,19,2014,False,0,semi-furnished,6.57,False,True
10727,l01127,1,4,12,31,1995,False,0,furnished,4.18,False,True
10728,l01128,5,2,5,24,2016,True,4,unfurnished,6.24,True,True
10729,l01129,5,3,4,40,2005,False,0,unfurnished,0.67,False,True
10730,l01130,4,2,12,13,2013,True,1,unfurnished,7.91,False,False
10731,l01131,3,2,0,26,2021,False,0,furnished,4.39,True,False
10732,l01132,4,2,14,39,2014,False,0,semi-furnished,4.21,True,True
10733,l01133,1,1,16,36,2022,True,0,unfurnished,3.12,False,True
10734,l01134,5,2,11,18,1995,False,0,furnished,1.6,False,True
10735,l01135,1,4,2,32,2015,False,0,unfurnished,0.34,True,False
10736,l01136,2,2,7,13,2000,True,0,semi-furnished,4.27,False,False
10737,l01137,5,2,0,7,1999,True,2,semi-furnished,6.25,True,False
10738,l01138,5,4,19,31,1997,False,0,unfurnished,3.28,True,True
10739,l01139,1,2,4,40,2015,False,0,semi-furnished,2.23,True,True
10740,l01140,5,3,16,21,2013,True,2,semi-furnished,2.88,True,True
10741,l01141,5,4,1,37,2010,True,3,unfurnished,5.62,False,True
10742,l01142,5,4,17,33,2014,False,0,unfurnished,0.84,False,True
10743,l01143,5,4,14,16,2020,True,0,furnished,5.69,False,False
10744,l01144,3,3,15,18,2018,False,0,semi-furnished,6.35,False,True
10745,l01145,1,2,3,37,2016,False,0,furnished,0.62,False,True
10746,l01146,4,2,19,37,2000,False,0,furnished,7.86,True,False
10747,l01147,1,2,23,38,2008,True,0,semi-furnished,6.69,True,False
10748,l01148,1,2,0,28,2023,False,0,unfurnished,4.82,True,False
10749,l01149,3,1,7,17,1999,False,0,furnished,4.29,True,True
10750,l01150,1,1,25,27,2003,False,0,semi-furnished,1.47,True,True
10751,l01151,3,4,6,33,2005,False,0,semi-furnished,2.11,False,False
10754,l01154,5,2,4,34,2021,True,3,unfurnished,7.68,True,False
10755,l01155,1,2,16,16,2013,True,0,unfurnished,3.68,False,False
10756,l01156,3,3,16,27,2014,True,3,furnished,2.53,False,False
10757,l01157,1,1,1,30,1995,True,3,semi-furnished,2.83,False,True
10758,l01158,2,1,18,19,1996,False,0,unfurnished,3.47,True,True
10759,l01159,5,4,2,29,2013,True,2,unfurnished,0.46,False,False
10760,l01160,3,1,11,16,2022,False,0,furnished,4.12,False,True
10761,l01161,1,4,18,39,2001,False,0,semi-furnished,0.25,False,False
10762,l01162,5,2,12,24,2010,False,0,semi-furnished,4.94,False,False
10763,l01163,4,1,3,16,2014,True,0,furnished,1.69,True,False
10764,l01164,5,4,3,16,2001,False,0,semi-furnished,7.56,False,True
10766,l01166,3,2,6,34,1995,False,0,unfurnished,7.08,True,True
10767,l01167,5,1,3,24,1997,False,0,semi-furnished,7.12,False,False
10768,l01168,5,2,25,27,1995,True,2,unfurnished,1.79,True,True
10769,l01169,3,1,9,35,2019,False,0,semi-furnished,7.33,True,True
10770,l01170,4,2,0,24,2005,True,3,unfurnished,7.57,True,True
10771,l01171,1,3,4,6,2008,False,0,unfurnished,5.39,True,False
10773,l01173,3,2,18,27,2012,True,4,semi-furnished,2.51,True,True
10774,l01174,1,2,17,31,1999,False,0,unfurnished,0.74,False,False
10775,l01175,5,1,9,11,2013,False,0,unfurnished,7.4,True,True
10776,l01176,4,1,17,19,2019,False,0,semi-furnished,7.51,True,True
10777,l01177,2,1,20,37,2000,True,0,furnished,7.58,True,False
10778,l01178,3,3,16,28,1999,True,3,furnished,3.16,False,True
10779,l01179,2,3,16,37,2012,False,0,semi-furnished,7.07,False,False
10780,l01180,3,1,24,36,2009,False,0,furnished,2.19,True,False
10781,l01181,5,2,1,9,2023,False,0,semi-furnished,3.12,False,True
10782,l01182,1,1,9,14,2005,False,0,unfurnished,2.93,True,True
10783,l01183,2,3,8,12,2002,False,0,semi-furnished,4.5,True,True
10784,l01184,3,4,16,24,2006,True,2,semi-furnished,4.22,False,False
10786,l01186,4,3,15,23,2016,False,0,semi-furnished,5.24,True,True
10787,l01187,2,3,18,34,2002,True,2,unfurnished,1.12,True,False
10788,l01188,1,3,3,22,1997,True,0,unfurnished,5.89,True,True
10789,l01189,5,1,15,33,1998,False,0,furnished,0.99,False,True
10790,l01190,2,3,4,5,2001,False,0,semi-furnished,7.08,True,False
10791,l01191,2,4,5,25,2006,True,4,furnished,4.38,False,False
10793,l01193,4,4,14,39,2002,True,3,semi-furnished,1.16,True,False
10794,l01194,4,1,3,35,2004,True,3,semi-furnished,7.85,True,False
10795,l01195,2,4,24,25,2004,False,0,unfurnished,5.15,False,False
10796,l01196,4,3,6,24,2020,False,0,furnished,5.65,True,True
10797,l01197,3,2,8,10,2009,True,3,semi-furnished,4.44,True,False
10798,l01198,2,4,19,28,1999,True,1,semi-furnished,4.47,False,False
10800,l01200,2,4,6,32,2000,False,0,furnished,3.56,False,True
10801,l00001,1,2,14,15,2015,True,4,semi-furnished,7.62,False,False
10803,l00003,1,2,0,37,2011,True,3,furnished,7.1,True,False
10804,l00004,2,4,1,5,2022,False,0,semi-furnished,7.6,True,False
10805,l00005,1,4,6,37,2012,True,4,furnished,0.6,False,False
10806,l00006,4,2,6,40,2003,True,4,furnished,7.58,False,True
10807,l00007,5,1,1,20,2021,False,0,furnished,6.18,False,True
10808,l00008,2,1,8,21,1997,False,0,furnished,2.0,True,False
10809,l00009,1,1,0,37,2015,True,3,semi-furnished,3.59,True,False
10810,l00010,4,4,7,23,2021,False,0,unfurnished,7.65,True,False
10811,l00011,2,2,23,35,2020,False,0,unfurnished,3.09,True,True
10814,l00014,1,2,1,19,1997,True,1,furnished,2.68,False,False
10815,l00015,4,1,11,40,2018,False,0,unfurnished,0.8,False,False
10816,l00016,1,1,7,11,2002,False,0,unfurnished,1.3,True,False
10820,l00020,1,3,11,17,2023,True,0,unfurnished,3.9,False,False
10821,l00021,2,2,21,40,2019,True,4,semi-furnished,6.95,False,False
10823,l00023,4,4,13,13,1996,True,2,semi-furnished,5.19,True,True
10824,l00024,2,2,25,26,2023,False,0,unfurnished,7.37,False,True
10825,l00025,3,1,0,23,2005,False,0,unfurnished,2.33,True,False
10827,l00027,5,3,24,35,2000,True,3,unfurnished,0.96,False,True
10828,l00028,5,3,6,10,2021,True,0,semi-furnished,1.29,False,False
10829,l00029,1,2,12,21,1995,True,2,unfurnished,0.58,True,False
10830,l00030,2,1,16,19,2016,False,0,furnished,1.89,False,False
10831,l00031,1,2,2,17,2000,True,4,unfurnished,0.49,False,False
10832,l00032,2,4,3,13,2001,False,0,semi-furnished,3.93,True,False
10833,l00033,1,4,11,23,2012,True,2,semi-furnished,1.99,False,False
10834,l00034,1,2,3,5,1999,True,3,semi-furnished,3.86,False,True
10835,l00035,1,2,7,30,1999,True,0,semi-furnished,2.57,False,True
10836,l00036,5,1,5,27,2007,True,1,unfurnished,3.84,True,False
10837,l00037,4,4,13,26,2017,True,3,furnished,2.94,False,True
10839,l00039,3,3,8,21,2005,False,0,semi-furnished,5.79,False,False
10840,l00040,2,3,18,30,2007,True,3,semi-furnished,0.74,False,True
10841,l00041,1,4,20,35,2003,True,3,semi-furnished,3.65,False,False
10842,l00042,5,1,21,35,2015,False,0,unfurnished,0.74,False,False
10843,l00043,2,1,5,6,1996,False,0,furnished,4.98,True,False
10844,l00044,1,1,19,26,2008,True,1,unfurnished,7.66,True,False
10845,l00045,2,4,15,25,2000,False,0,furnished,2.84,True,True
10846,l00046,3,4,13,21,2002,False,0,unfurnished,6.29,True,True
10847,l00047,1,1,20,30,2008,False,0,furnished,5.69,True,True
10848,l00048,5,2,21,24,1996,True,4,furnished,0.89,True,False
10850,l00050,3,4,3,25,1997,False,0,furnished,0.69,True,False
10851,l00051,3,2,18,37,2010,True,4,unfurnished,6.84,True,True
10852,l00052,5,4,0,39,2011,True,3,unfurnished,7.21,True,False
10853,l00053,3,3,13,22,2019,True,2,semi-furnished,4.66,False,True
10855,l00055,4,2,6,39,2001,True,1,semi-furnished,4.19,True,False
10858,l00058,5,4,11,38,2018,False,0,furnished,5.54,True,False
10859,l00059,3,2,19,32,2000,False,0,semi-furnished,3.64,True,False
10860,l00060,2,4,8,32,2017,True,2,furnished,0.34,False,True
10861,l00061,5,4,8,39,2012,True,2,furnished,4.28,False,True
10862,l00062,4,4,8,23,2018,False,0,semi-furnished,2.99,True,False
10864,l00064,2,2,12,15,2011,True,1,unfurnished,5.35,False,False
10865,l00065,1,2,12,28,2003,False,0,unfurnished,1.89,False,False
10866,l00066,5,1,19,40,2014,True,0,furnished,2.93,True,True
10867,l00067,5,1,2,6,2003,False,0,unfurnished,6.26,True,False
10868,l00068,1,4,25,27,2010,False,0,furnished,1.9,True,False
10870,l00070,1,4,0,28,2013,False,0,furnished,7.46,False,False
10871,l00071,3,1,6,27,2012,False,0,furnished,3.15,False,False
10872,l00072,1,1,3,22,1998,False,0,unfurnished,4.43,True,False
10873,l00073,1,2,2,32,2016,True,1,furnished,7.96,True,False
10874,l00074,5,4,7,10,2018,True,0,furnished,4.56,False,True
10875,l00075,2,2,11,38,2011,True,0,furnished,2.37,True,False
10876,l00076,3,2,0,11,2007,True,1,semi-furnished,3.89,False,True
10877,l00077,1,2,4,6,2009,False,0,furnished,6.77,False,False
10878,l00078,2,2,8,25,2006,True,1,unfurnished,1.45,False,False
10879,l00079,1,2,3,37,2005,False,0,semi-furnished,0.4,False,False
10880,l00080,3,4,8,33,1998,False,0,semi-furnished,4.57,False,False
10881,l00081,2,1,5,13,2008,False,0,furnished,3.82,False,False
10882,l00082,1,1,14,33,2006,True,4,furnished,7.67,True,True
10886,l00086,5,2,19,29,2004,True,2,unfurnished,2.5,True,True
10887,l00087,4,4,16,39,2002,True,0,unfurnished,5.85,True,False
10888,l00088,4,4,4,35,2017,False,0,semi-furnished,0.87,False,True
10889,l00089,3,2,8,38,2011,True,0,furnished,7.49,False,True
10890,l00090,2,1,18,22,2012,True,4,semi-furnished,0.67,True,False
10892,l00092,1,4,4,6,2010,False,0,furnished,0.7,True,True
10893,l00093,4,2,8,16,2007,False,0,furnished,7.18,True,False
10894,l00094,5,4,1,26,2001,True,1,unfurnished,0.36,False,False
10895,l00095,2,4,1,16,1999,False,0,semi-furnished,3.22,False,True
10897,l00097,2,4,7,15,2000,True,2,furnished,1.12,False,True
10898,l00098,4,3,18,35,2004,True,2,furnished,2.2,True,False
10899,l00099,4,4,0,32,2014,False,0,semi-furnished,4.47,False,True
10900,l00100,2,3,8,12,2011,False,0,unfurnished,4.02,True,False
10901,l00101,2,3,4,12,2008,True,0,semi-furnished,7.95,True,False
10903,l00103,5,4,7,40,2004,False,0,furnished,5.5,True,True
10904,l00104,3,2,15,16,2003,False,0,unfurnished,4.93,True,True
10905,l00105,4,4,21,34,2005,False,0,semi-furnished,6.51,True,True
10906,l00106,4,3,11,24,2017,False,0,furnished,7.96,True,False
10907,l00107,4,2,1,32,2002,False,0,unfurnished,4.27,False,True
10908,l00108,5,4,11,27,2020,False,0,semi-furnished,5.99,False,True
10909,l00109,3,3,13,19,2013,True,3,furnished,2.71,True,False
10910,l00110,1,4,21,35,2011,False,0,semi-furnished,6.71,True,False
10912,l00112,1,3,1,12,2012,False,0,semi-furnished,1.95,False,True
10913,l00113,3,3,10,38,2020,False,0,furnished,3.76,False,False
10914,l00114,5,3,12,29,2018,False,0,semi-furnished,5.66,False,False
10915,l00115,2,3,20,36,2011,False,0,furnished,1.44,False,True
10918,l00118,3,3,17,36,2005,True,0,unfurnished,6.83,True,False
10919,l00119,4,1,25,26,2018,False,0,semi-furnished,6.05,False,True
10920,l00120,4,4,4,14,2022,False,0,furnished,2.72,True,False
10921,l00121,2,1,1,6,2013,False,0,furnished,2.12,False,True
10922,l00122,5,3,3,14,1998,False,0,unfurnished,2.19,True,False
10923,l00123,2,3,4,29,2006,True,1,furnished,7.84,True,True
10924,l00124,3,4,17,40,2012,True,3,semi-furnished,3.65,False,False
10925,l00125,5,2,9,34,2005,True,0,semi-furnished,4.54,True,True
10927,l00127,1,2,10,17,2018,False,0,semi-furnished,6.29,False,False
10928,l00128,2,3,10,23,2020,False,0,semi-furnished,1.94,False,True
10929,l00129,2,1,4,24,2018,True,4,unfurnished,5.38,True,False
10930,l00130,4,4,0,32,2015,False,0,furnished,7.76,True,True
10931,l00131,3,4,10,28,2017,True,0,furnished,4.92,True,True
10932,l00132,4,2,18,24,2014,False,0,unfurnished,5.48,False,True
10933,l00133,5,3,1,24,2012,False,0,semi-furnished,1.8,False,False
10934,l00134,3,1,25,37,2007,True,4,semi-furnished,6.98,False,True
10936,l00136,5,1,9,30,1996,False,0,furnished,2.97,True,True
10937,l00137,2,2,1,28,2023,False,0,unfurnished,1.4,True,True
10938,l00138,5,1,7,38,2022,False,0,unfurnished,4.97,True,True
10940,l00140,2,1,21,39,2005,True,4,furnished,0.44,False,False
10941,l00141,2,2,17,39,2005,False,0,semi-furnished,7.99,False,True
10942,l00142,4,1,14,21,2003,False,0,furnished,1.73,False,False
10944,l00144,3,4,3,7,2002,False,0,unfurnished,2.26,True,True
10946,l00146,1,2,11,25,2017,True,4,semi-furnished,4.39,False,True
10947,l00147,4,4,0,16,2023,False,0,semi-furnished,7.21,False,False
10948,l00148,4,1,14,14,2002,True,4,semi-furnished,3.1,True,True
10950,l00150,5,3,13,21,1999,False,0,furnished,4.82,False,True
10951,l00151,4,1,21,32,2012,True,0,furnished,5.22,False,True
10952,l00152,1,1,9,9,2002,False,0,unfurnished,6.93,False,True
10953,l00153,1,4,4,6,2011,True,4,unfurnished,6.87,False,False
10954,l00154,4,2,8,30,2002,True,1,furnished,1.04,False,True
10957,l00157,1,4,4,11,1995,False,0,semi-furnished,3.9,False,True
10958,l00158,3,3,22,27,2020,True,2,furnished,2.77,True,False
10959,l00159,4,1,9,17,2022,False,0,unfurnished,7.68,True,False
10960,l00160,5,3,5,16,2016,True,1,unfurnished,1.25,False,False
10961,l00161,2,2,3,29,2008,True,0,unfurnished,4.61,False,True
10962,l00162,4,3,6,12,2007,False,0,semi-furnished,2.96,False,False
10963,l00163,1,3,0,10,2020,False,0,unfurnished,7.31,False,False
10964,l00164,2,1,10,24,1998,False,0,unfurnished,5.71,True,True
10965,l00165,2,3,16,33,2020,True,3,semi-furnished,1.93,True,False
10967,l00167,2,4,1,23,2001,True,4,unfurnished,5.06,False,False
10968,l00168,4,3,20,26,2012,True,1,semi-furnished,4.78,False,False
10969,l00169,1,3,10,27,2011,True,3,semi-furnished,7.64,True,True
10970,l00170,2,4,16,23,2023,False,0,semi-furnished,5.49,True,False
10972,l00172,1,2,21,32,2022,True,1,semi-furnished,1.73,False,False
10973,l00173,3,2,1,22,1999,True,1,semi-furnished,3.46,False,True
10975,l00175,5,2,22,39,1996,False,0,semi-furnished,6.56,True,True
10976,l00176,4,4,8,37,2000,True,1,unfurnished,4.54,True,True
10978,l00178,2,3,12,24,2006,False,0,furnished,0.81,True,True
10979,l00179,5,1,4,33,2010,True,1,furnished,4.54,False,False
10980,l00180,2,2,6,29,2021,True,0,furnished,1.2,False,False
10984,l00184,3,3,18,30,2007,True,0,unfurnished,6.42,True,True
10985,l00185,4,1,25,39,2001,True,0,semi-furnished,2.16,False,True
10986,l00186,4,2,23,23,2015,True,0,unfurnished,0.68,True,True
10987,l00187,1,2,5,28,1996,True,2,unfurnished,7.92,True,False
10988,l00188,1,4,11,25,2008,True,1,semi-furnished,6.2,True,False
10989,l00189,3,4,13,40,2000,True,4,unfurnished,0.91,True,False
10991,l00191,3,2,13,24,2022,True,4,furnished,4.42,False,False
10994,l00194,5,1,10,11,2005,False,0,semi-furnished,6.83,False,False
10997,l00197,3,1,13,39,2000,False,0,furnished,4.57,True,False
10998,l00198,1,3,9,11,2010,False,0,semi-furnished,1.99,False,False
10999,l00199,3,1,0,9,2003,True,4,semi-furnished,3.26,True,False
11000,l00200,1,3,2,15,2020,False,0,unfurnished,6.67,True,True
11001,l00201,1,4,8,19,1995,False,0,unfurnished,7.16,False,False
11002,l00202,1,4,15,31,2022,False,0,furnished,1.83,True,False
11003,l00203,4,1,17,36,1999,False,0,semi-furnished,5.99,False,False
11005,l00205,3,1,6,39,2005,True,2,furnished,2.56,True,False
11006,l00206,3,2,5,32,2021,False,0,semi-furnished,4.26,True,True
11007,l00207,5,1,17,21,2017,False,0,furnished,6.39,True,True
11009,l00209,5,2,9,24,2017,False,0,furnished,7.28,False,False
11010,l00210,1,1,13,38,2002,True,1,semi-furnished,4.32,True,False
11011,l00211,1,4,4,25,2020,False,0,unfurnished,4.56,True,True
11012,l00212,3,4,6,35,2015,False,0,unfurnished,6.26,False,True
11013,l00213,5,1,10,37,2010,False,0,unfurnished,5.22,False,True
11014,l00214,2,3,13,14,1997,False,0,unfurnished,3.28,False,False
11016,l00216,1,4,19,35,2017,True,4,furnished,2.04,True,False
11017,l00217,1,4,16,38,2012,False,0,semi-furnished,2.02,False,False
11019,l00219,5,4,8,36,2018,False,0,furnished,3.88,False,False
11020,l00220,3,2,17,37,2003,True,3,semi-furnished,5.38,False,False
11021,l00221,3,3,13,26,2015,True,3,semi-furnished,5.32,False,False
11022,l00222,4,2,18,28,2016,False,0,furnished,3.52,False,True
11025,l00225,3,3,7,10,2004,True,3,semi-furnished,6.29,False,True
11026,l00226,3,4,8,35,2008,False,0,unfurnished,6.04,False,False
11027,l00227,3,2,12,20,2020,True,1,unfurnished,5.8,False,True
11028,l00228,2,1,10,29,2006,True,2,semi-furnished,3.62,False,False
11029,l00229,5,1,4,33,2008,True,2,semi-furnished,2.88,True,False
11030,l00230,5,1,16,16,2005,True,1,semi-furnished,1.83,False,True
11031,l00231,2,1,5,33,2005,False,0,unfurnished,3.07,True,True
11034,l00234,4,3,24,31,2021,True,2,furnished,0.86,False,True
11036,l00236,4,1,16,21,2020,True,1,unfurnished,6.02,False,True
11037,l00237,1,1,9,10,2013,False,0,semi-furnished,2.37,False,False
11038,l00238,4,1,16,33,2004,True,2,furnished,6.53,False,True
11039,l00239,1,4,5,20,2001,False,0,unfurnished,5.26,False,False
11040,l00240,5,3,3,7,2005,True,4,semi-furnished,1.09,True,False
11041,l00241,4,4,16,25,2002,False,0,semi-furnished,3.4,True,True
11042,l00242,2,2,6,18,2011,True,1,semi-furnished,3.88,False,False
11043,l00243,3,2,4,12,2009,False,0,furnished,1.72,False,True
11044,l00244,1,4,9,31,2022,False,0,unfurnished,2.31,True,True
11047,l00247,3,3,18,28,1997,False,0,furnished,7.59,True,False
11048,l00248,1,3,24,24,2019,False,0,unfurnished,3.1,False,False
11049,l00249,4,4,5,40,1995,False,0,unfurnished,5.76,True,False
11053,l00253,3,1,9,22,1997,True,3,semi-furnished,2.04,False,True
11054,l00254,4,4,2,33,2017,True,4,furnished,6.4,False,False
11055,l00255,1,3,16,29,1998,False,0,unfurnished,3.38,False,True
11058,l00258,5,3,11,35,2020,True,4,unfurnished,3.26,True,True
11059,l00259,3,1,8,21,1997,True,4,semi-furnished,7.12,True,False
11060,l00260,2,2,19,23,2008,True,1,semi-furnished,3.74,True,False
11061,l00261,3,3,12,37,1996,False,0,unfurnished,2.83,False,False
11062,l00262,5,1,13,13,2004,True,2,furnished,3.4,False,False
11064,l00264,5,4,25,31,2001,True,0,unfurnished,7.19,True,False
11068,l00268,4,2,0,37,2019,False,0,unfurnished,2.24,False,True
11069,l00269,2,2,1,11,2016,True,3,furnished,2.0,False,False
11070,l00270,3,1,9,14,2014,False,0,furnished,2.17,False,False
11071,l00271,2,3,11,15,2005,True,2,semi-furnished,5.24,False,False
11072,l00272,4,1,6,27,2001,False,0,semi-furnished,2.73,False,False
11073,l00273,5,2,13,20,2005,True,4,unfurnished,6.74,False,False
11075,l00275,1,4,3,29,2012,True,4,semi-furnished,2.75,False,True
11077,l00277,4,4,20,38,2005,True,0,semi-furnished,6.15,False,False
11078,l00278,2,4,10,34,1998,True,1,semi-furnished,6.48,False,False
11080,l00280,4,4,18,37,2000,False,0,semi-furnished,2.28,True,True
11081,l00281,5,4,4,8,2022,True,4,unfurnished,7.76,False,True
11083,l00283,1,3,6,35,2016,False,0,furnished,4.11,True,True
11084,l00284,2,3,0,15,2011,True,1,unfurnished,1.07,False,True
11085,l00285,3,4,3,26,2010,True,4,furnished,1.88,True,True
11087,l00287,3,1,10,17,2019,False,0,furnished,3.12,False,True
11088,l00288,3,3,16,35,2013,False,0,unfurnished,1.0,True,False
11089,l00289,4,4,5,13,1995,True,2,unfurnished,6.27,True,False
11090,l00290,2,2,21,35,2008,False,0,semi-furnished,1.76,False,False
11091,l00291,1,1,20,22,2007,False,0,semi-furnished,2.34,False,True
11093,l00293,4,1,20,28,2008,True,0,furnished,7.04,True,True
11094,l00294,1,1,3,31,2011,True,2,semi-furnished,4.11,True,True
11095,l00295,2,1,10,28,2022,False,0,semi-furnished,4.94,False,False
11096,l00296,1,3,24,31,2017,False,0,semi-furnished,5.49,True,False
11099,l00299,3,3,20,24,1997,True,0,furnished,5.46,True,True
11100,l00300,5,2,21,25,2005,False,0,semi-furnished,3.17,True,True
11104,l00304,2,3,2,32,2017,False,0,unfurnished,5.04,True,True
11105,l00305,4,2,4,15,1997,False,0,unfurnished,7.14,True,True
11106,l00306,5,2,19,23,2005,True,4,furnished,3.91,True,False
11107,l00307,5,3,11,12,2009,True,0,furnished,4.75,False,True
11108,l00308,5,4,10,33,1999,False,0,semi-furnished,5.84,False,False
11109,l00309,2,4,24,25,2004,True,0,furnished,3.4,False,False
11111,l00311,3,2,3,14,1995,True,4,semi-furnished,1.54,True,True
11114,l00314,4,3,22,26,2018,False,0,semi-furnished,5.45,False,False
11116,l00316,4,2,2,9,2001,False,0,semi-furnished,0.79,False,True
11117,l00317,2,2,10,36,2005,False,0,furnished,1.33,True,False
11118,l00318,3,3,15,24,2023,True,4,semi-furnished,0.83,True,False
11119,l00319,2,2,21,34,2018,True,3,semi-furnished,4.6,False,False
11120,l00320,4,2,3,8,2023,True,3,unfurnished,6.93,False,True
11121,l00321,2,1,22,23,2015,True,4,unfurnished,3.75,False,False
11122,l00322,3,4,19,25,2020,False,0,semi-furnished,4.07,True,False
11124,l00324,5,4,7,12,2004,False,0,semi-furnished,2.97,False,True
11125,l00325,2,1,8,26,2020,True,3,unfurnished,7.62,True,True
11126,l00326,1,2,4,39,2008,True,4,unfurnished,7.64,True,False
11128,l00328,4,4,0,16,2010,False,0,semi-furnished,4.23,False,False
11129,l00329,2,3,7,16,2013,False,0,furnished,6.24,False,True
11130,l00330,3,1,22,28,1998,True,1,semi-furnished,2.8,True,True
11131,l00331,3,4,20,32,2018,False,0,unfurnished,7.77,True,False
11132,l00332,4,4,6,35,2016,False,0,semi-furnished,5.54,False,False
11133,l00333,2,3,24,25,2009,False,0,semi-furnished,4.21,True,False
11134,l00334,5,1,2,8,2020,False,0,semi-furnished,7.57,True,True
11137,l00337,3,1,18,29,2010,True,2,unfurnished,5.34,True,False
11138,l00338,3,2,11,17,2019,False,0,semi-furnished,4.52,False,False
11139,l00339,4,1,1,35,2005,True,3,unfurnished,2.84,False,False
11140,l00340,3,4,0,10,2018,True,2,unfurnished,1.25,True,False
11141,l00341,4,3,6,17,2022,False,0,semi-furnished,1.3,True,False
11143,l00343,4,2,21,36,2011,False,0,semi-furnished,4.16,True,True
11146,l00346,5,2,3,21,1997,False,0,semi-furnished,4.19,True,True
11147,l00347,2,4,13,25,2007,True,3,unfurnished,4.32,True,False
11148,l00348,4,1,4,37,2016,False,0,furnished,0.9,False,False
11149,l00349,2,1,18,35,2006,False,0,furnished,3.57,False,True
11150,l00350,2,3,8,15,2021,True,0,furnished,5.42,True,True
11151,l00351,3,4,23,27,2012,False,0,furnished,4.24,False,False
11153,l00353,1,3,23,35,2014,False,0,furnished,2.15,True,False
11154,l00354,4,3,19,28,2013,False,0,unfurnished,4.95,True,True
11155,l00355,2,1,7,20,1996,True,4,semi-furnished,7.24,False,True
11158,l00358,5,1,2,6,2000,True,4,semi-furnished,7.79,False,False
11159,l00359,2,2,15,17,2003,True,0,semi-furnished,7.75,True,False
11160,l00360,3,1,4,32,2007,False,0,semi-furnished,3.17,False,True
11161,l00361,4,3,15,30,2016,False,0,unfurnished,1.87,False,True
11162,l00362,1,4,7,11,2021,True,0,furnished,2.25,False,True
11163,l00363,3,4,19,22,2022,True,4,furnished,2.33,True,False
11164,l00364,4,4,11,37,2021,True,3,semi-furnished,7.5,True,False
11165,l00365,2,3,1,12,2001,False,0,unfurnished,0.46,True,True
11166,l00366,3,2,16,36,2017,True,1,semi-furnished,6.82,False,True
11168,l00368,2,3,1,32,2009,False,0,furnished,6.14,True,True
11169,l00369,4,1,7,32,2003,True,2,furnished,3.91,False,False
11170,l00370,5,3,14,22,2009,True,2,semi-furnished,3.98,False,True
11171,l00371,4,1,21,37,2012,True,0,unfurnished,7.57,True,True
11172,l00372,5,2,18,32,1997,True,0,furnished,2.08,True,False
11174,l00374,2,2,19,35,2014,False,0,furnished,4.79,False,True
11176,l00376,2,3,19,26,2017,True,1,unfurnished,7.99,True,False
11177,l00377,2,1,22,36,2011,False,0,furnished,0.47,True,False
11178,l00378,1,3,16,29,2015,False,0,semi-furnished,6.33,False,True
11179,l00379,4,1,17,35,2002,True,0,semi-furnished,0.72,False,True
11180,l00380,3,2,16,17,1996,True,2,unfurnished,4.92,False,False
11181,l00381,5,2,8,25,2016,False,0,semi-furnished,6.55,True,True
11182,l00382,1,4,6,22,2022,False,0,semi-furnished,0.86,True,False
11183,l00383,3,3,18,39,2000,True,1,furnished,5.22,True,True
11184,l00384,5,1,7,30,1998,False,0,furnished,2.94,False,True
11185,l00385,3,2,0,27,2006,False,0,semi-furnished,4.43,False,True
11186,l00386,1,1,13,24,2008,True,3,semi-furnished,2.6,False,False
11187,l00387,4,3,9,9,2023,False,0,unfurnished,1.72,True,False
11188,l00388,4,1,4,22,2019,True,3,semi-furnished,6.67,False,False
11189,l00389,1,1,3,13,2008,True,3,furnished,3.9,True,True
11191,l00391,2,2,14,28,2007,False,0,furnished,2.73,True,True
11192,l00392,5,3,19,23,2007,True,4,furnished,5.1,True,True
11193,l00393,4,3,3,17,2002,False,0,furnished,6.02,True,False
11194,l00394,3,1,12,22,2013,False,0,semi-furnished,3.63,True,False
11195,l00395,3,2,6,31,2004,True,3,semi-furnished,7.74,True,False
11196,l00396,1,4,7,17,2004,True,1,furnished,5.09,False,False
11200,l00400,5,1,3,17,1995,True,0,unfurnished,6.78,False,False
11201,l00401,5,3,7,38,2000,False,0,semi-furnished,5.55,False,False
11203,l00403,2,3,3,25,2008,True,1,furnished,2.28,True,False
11204,l00404,4,3,10,31,2016,False,0,unfurnished,0.71,False,False
11205,l00405,2,2,2,32,2005,True,4,semi-furnished,5.89,False,True
11206,l00406,5,3,9,35,2003,False,0,unfurnished,6.05,True,False
11207,l00407,1,2,12,22,2001,False,0,unfurnished,1.69,True,True
11208,l00408,4,2,6,24,2006,True,3,furnished,0.68,False,True
11210,l00410,1,3,1,11,2023,True,4,unfurnished,2.72,True,False
11211,l00411,3,3,3,8,2019,True,4,semi-furnished,2.06,True,False
11212,l00412,2,4,9,31,2008,False,0,unfurnished,5.36,True,True
11213,l00413,5,1,17,27,2005,False,0,unfurnished,6.77,True,True
11215,l00415,3,2,3,22,2015,False,0,furnished,7.81,True,True
11216,l00416,3,4,20,24,1998,False,0,unfurnished,6.61,False,False
11217,l00417,5,3,23,30,2007,True,4,semi-furnished,1.62,False,True
11218,l00418,1,3,16,29,2007,False,0,semi-furnished,5.43,True,False
11219,l00419,1,3,14,28,2015,False,0,furnished,3.5,True,True
11220,l00420,2,2,24,36,2019,True,1,unfurnished,5.65,False,True
11221,l00421,3,4,23,38,2004,False,0,furnished,0.97,False,True
11222,l00422,5,1,3,40,1998,False,0,furnished,5.17,False,False
11223,l00423,2,2,5,10,1998,False,0,semi-furnished,0.67,False,True
11224,l00424,1,1,5,30,2009,True,3,furnished,3.62,False,True
11225,l00425,2,2,19,24,2016,True,1,unfurnished,5.51,False,False
11226,l00426,1,3,2,31,2001,False,0,semi-furnished,4.17,False,True
11227,l00427,5,4,15,26,2017,True,3,semi-furnished,3.65,False,False
11229,l00429,4,1,2,26,1997,True,4,semi-furnished,1.73,False,True
11230,l00430,5,3,16,36,1995,True,1,unfurnished,2.15,True,True
11232,l00432,2,4,18,36,2020,False,0,unfurnished,2.98,True,False
11233,l00433,1,1,3,22,2018,False,0,semi-furnished,2.55,True,True
11234,l00434,3,4,6,18,2000,True,4,unfurnished,1.13,True,False
11235,l00435,1,3,22,24,2000,True,3,semi-furnished,7.55,False,True
11236,l00436,5,1,12,36,2022,True,2,semi-furnished,7.76,True,True
11237,l00437,5,3,7,39,2006,True,0,unfurnished,0.64,True,True
11238,l00438,5,4,7,17,1996,True,1,furnished,4.6,False,False
11239,l00439,2,4,7,23,2019,False,0,furnished,1.61,True,False
11241,l00441,4,2,14,26,2016,True,1,unfurnished,5.36,False,False
11242,l00442,1,4,2,40,2014,False,0,furnished,1.88,True,False
11244,l00444,3,1,6,26,2000,True,3,unfurnished,3.28,True,True
11247,l00447,2,1,20,37,2021,True,4,furnished,7.45,False,True
11248,l00448,2,3,10,34,2012,True,1,furnished,2.73,False,True
11249,l00449,5,2,5,38,2017,False,0,unfurnished,4.34,False,False
11250,l00450,3,3,13,37,2004,True,0,unfurnished,5.45,False,False
11251,l00451,2,1,0,31,2001,True,1,unfurnished,7.56,False,False
11252,l00452,3,3,23,37,2011,False,0,furnished,3.8,True,True
11254,l00454,2,4,19,31,2019,True,1,semi-furnished,6.75,True,True
11255,l00455,5,3,6,33,1995,True,4,semi-furnished,3.34,True,False
11256,l00456,5,1,12,17,1997,False,0,unfurnished,4.41,False,False
11257,l00457,4,1,5,32,2013,False,0,semi-furnished,4.54,True,True
11258,l00458,1,3,15,22,2022,False,0,semi-furnished,4.04,False,True
11259,l00459,3,4,10,22,2008,True,0,furnished,5.89,True,True
11260,l00460,5,1,18,33,2023,False,0,unfurnished,7.5,True,False
11264,l00464,5,3,0,34,2019,True,1,unfurnished,0.41,True,False
11265,l00465,4,4,3,7,2021,True,0,semi-furnished,1.37,False,False
11266,l00466,1,2,17,20,1999,False,0,semi-furnished,6.51,True,False
11267,l00467,2,4,0,33,2002,True,1,unfurnished,6.65,True,True
11268,l00468,4,1,0,24,2008,True,3,furnished,4.71,False,True
11269,l00469,3,4,17,38,2022,True,4,semi-furnished,2.1,False,True
11270,l00470,4,3,25,30,2006,False,0,furnished,0.3,False,True
11271,l00471,3,1,2,39,2008,True,4,unfurnished,7.33,True,True
11272,l00472,2,1,8,33,1996,True,1,furnished,2.67,False,False
11273,l00473,4,3,19,39,2016,True,1,unfurnished,5.99,True,True
11274,l00474,2,3,14,21,2018,False,0,semi-furnished,3.91,False,True
11275,l00475,4,1,17,28,1996,False,0,furnished,0.72,True,True
11276,l00476,3,4,13,33,2001,False,0,semi-furnished,5.99,False,True
11278,l00478,2,4,5,38,2003,False,0,furnished,3.65,False,False
11279,l00479,2,1,12,40,2019,True,3,unfurnished,2.91,True,False
11280,l00480,3,3,6,24,2007,True,4,unfurnished,7.28,True,True
11282,l00482,4,3,23,37,1999,True,3,unfurnished,6.62,False,False
11283,l00483,1,3,24,27,2013,True,3,semi-furnished,2.8,True,True
11284,l00484,4,4,19,26,2008,False,0,unfurnished,1.81,False,False
11285,l00485,1,2,6,26,2009,True,1,semi-furnished,7.26,True,True
11286,l00486,1,3,22,34,1999,False,0,unfurnished,6.84,True,False
11288,l00488,1,3,3,32,2019,False,0,unfurnished,6.21,True,False
11289,l00489,2,3,14,18,2014,False,0,semi-furnished,7.72,False,True
11290,l00490,2,1,23,29,1997,True,0,semi-furnished,2.58,True,True
11291,l00491,5,3,7,29,2020,True,0,unfurnished,3.83,False,False
11292,l00492,5,1,1,22,2023,True,1,furnished,7.46,True,False
11293,l00493,3,3,8,21,2018,True,0,unfurnished,0.53,True,False
11294,l00494,3,2,3,31,2006,False,0,semi-furnished,7.33,False,True
11295,l00495,1,4,22,25,2011,True,1,furnished,7.34,True,True
11296,l00496,4,4,10,34,2010,True,2,furnished,5.12,False,True
11297,l00497,4,4,6,32,2000,False,0,semi-furnished,4.6,True,True
11298,l00498,2,2,19,29,2017,True,0,furnished,1.38,True,True
11299,l00499,2,2,11,21,1999,True,1,semi-furnished,4.04,True,False
11300,l00500,3,1,6,27,2020,True,2,semi-furnished,4.55,True,True
11301,l00501,2,4,2,33,2015,False,0,furnished,7.33,False,True
11302,l00502,1,1,14,35,2006,True,0,semi-furnished,0.27,True,True
11303,l00503,2,4,3,27,2007,True,1,furnished,6.33,True,False
11304,l00504,2,4,8,34,2022,False,0,unfurnished,3.14,False,False
11305,l00505,5,3,14,40,1995,True,3,furnished,4.28,False,False
11306,l00506,2,2,10,33,2016,True,0,unfurnished,4.42,False,False
11308,l00508,2,2,17,24,2015,True,3,furnished,5.8,True,True
11309,l00509,1,1,23,37,2010,True,3,furnished,3.35,True,False
11310,l00510,2,4,17,28,2021,False,0,unfurnished,4.58,False,True
11312,l00512,2,1,0,8,2008,True,3,semi-furnished,2.02,False,False
11313,l00513,1,1,8,21,2007,False,0,semi-furnished,7.5,True,True
11314,l00514,1,2,11,23,1995,True,0,unfurnished,7.71,False,False
11315,l00515,4,4,15,20,1998,False,0,furnished,4.66,True,True
11317,l00517,1,1,5,6,2020,False,0,furnished,4.24,False,True
11318,l00518,3,4,15,26,2023,True,1,semi-furnished,3.32,True,False
11319,l00519,3,4,2,24,1997,True,0,unfurnished,7.85,True,False
11320,l00520,3,2,24,38,2000,True,2,unfurnished,7.9,True,False
11325,l00525,5,1,2,6,1999,False,0,furnished,6.57,True,False
11327,l00527,5,3,12,30,2016,False,0,unfurnished,7.58,False,True
11328,l00528,3,2,5,19,2014,False,0,semi-furnished,4.53,False,True
11329,l00529,3,3,7,27,2018,True,0,semi-furnished,0.93,False,True
11330,l00530,5,1,12,22,2019,True,0,unfurnished,0.45,True,True
11331,l00531,3,4,20,21,2010,False,0,semi-furnished,2.92,True,False
11332,l00532,3,2,12,28,2020,False,0,semi-furnished,6.56,True,True
11334,l00534,4,3,24,35,2008,False,0,semi-furnished,2.71,True,False
11335,l00535,3,2,6,40,2018,True,1,unfurnished,6.29,True,False
11337,l00537,3,3,15,33,2014,True,1,furnished,4.01,True,True
11338,l00538,1,4,13,14,2005,False,0,furnished,6.59,True,False
11340,l00540,5,1,22,39,2010,True,3,unfurnished,3.25,False,True
11341,l00541,5,2,20,37,2000,True,4,unfurnished,6.15,True,False
11342,l00542,4,3,12,20,2011,True,1,furnished,7.48,True,True
11343,l00543,2,2,3,7,2012,False,0,unfurnished,4.17,True,False
11344,l00544,2,2,15,20,1998,False,0,unfurnished,2.5,False,True
11345,l00545,1,2,1,7,2008,True,1,semi-furnished,2.13,True,False
11346,l00546,1,4,2,11,1995,True,1,unfurnished,5.04,True,False
11347,l00547,4,2,7,27,2016,True,2,furnished,4.14,False,True
11348,l00548,1,4,6,38,1999,False,0,furnished,2.41,False,True
11350,l00550,3,2,9,26,2011,False,0,furnished,2.39,False,True
11351,l00551,5,4,23,34,2013,True,1,unfurnished,3.93,False,True
11352,l00552,2,2,4,8,1997,False,0,unfurnished,0.65,True,False
11353,l00553,4,2,6,28,2001,True,3,furnished,1.8,False,True
11354,l00554,4,2,4,28,2007,True,0,furnished,4.2,True,True
11356,l00556,2,4,19,38,1995,False,0,semi-furnished,6.91,True,False
11358,l00558,5,2,19,36,2011,False,0,furnished,5.41,True,False
11359,l00559,4,4,24,31,2003,False,0,unfurnished,6.31,True,False
11360,l00560,3,3,3,20,2019,False,0,semi-furnished,5.44,False,False
11361,l00561,3,3,8,22,1998,True,3,unfurnished,3.27,False,False
11362,l00562,3,4,18,36,2000,False,0,furnished,3.74,False,False
11363,l00563,1,4,23,33,1995,False,0,furnished,1.45,True,False
11364,l00564,5,2,18,23,2012,False,0,semi-furnished,4.47,True,True
11365,l00565,1,1,7,13,2018,True,4,unfurnished,6.93,False,False
11366,l00566,1,4,21,28,1997,True,1,unfurnished,1.82,True,False
11367,l00567,3,4,15,15,2011,False,0,furnished,4.27,True,True
11368,l00568,4,1,2,17,2010,False,0,unfurnished,5.29,True,False
11369,l00569,2,2,11,26,2009,False,0,furnished,0.55,False,False
11370,l00570,3,1,4,5,2018,False,0,unfurnished,2.88,False,False
11372,l00572,2,4,1,26,2021,True,1,furnished,2.7,True,False
11373,l00573,1,2,11,24,2011,False,0,unfurnished,3.05,True,False
11374,l00574,4,4,4,7,2009,True,1,furnished,4.74,False,True
11375,l00575,2,3,8,17,2015,False,0,unfurnished,3.7,False,False
11376,l00576,2,2,7,23,2009,True,2,semi-furnished,3.48,True,True
11377,l00577,2,3,15,28,1997,True,4,furnished,7.46,True,False
11379,l00579,2,3,11,13,2002,True,0,furnished,1.56,True,True
11380,l00580,1,1,14,17,1997,False,0,semi-furnished,1.89,True,True
11381,l00581,3,3,0,33,2023,False,0,furnished,6.14,False,False
11382,l00582,1,3,1,39,2014,True,0,unfurnished,7.98,True,False
11384,l00584,2,2,24,27,1998,False,0,furnished,4.5,False,False
11386,l00586,2,2,6,34,2023,True,0,furnished,2.83,False,True
11387,l00587,5,4,3,9,2016,True,4,unfurnished,0.31,False,True
11388,l00588,5,4,15,21,2013,True,1,unfurnished,1.18,False,False
11389,l00589,1,4,11,12,2009,True,2,unfurnished,0.93,False,False
11390,l00590,5,4,15,28,1999,False,0,semi-furnished,1.73,True,True
11391,l00591,3,4,8,26,2006,True,4,unfurnished,2.83,True,True
11392,l00592,3,3,0,13,2001,False,0,furnished,4.74,True,False
11393,l00593,3,1,9,11,2022,False,0,semi-furnished,5.48,False,True
11394,l00594,5,1,22,37,2006,False,0,unfurnished,1.45,True,False
11395,l00595,4,3,9,25,2009,True,2,semi-furnished,0.59,False,False
11396,l00596,3,3,16,24,2018,True,4,semi-furnished,6.83,False,True
11397,l00597,3,1,22,36,2005,False,0,furnished,1.24,True,False
11398,l00598,1,4,14,38,1998,False,0,semi-furnished,1.75,True,True
11399,l00599,2,2,9,40,2015,True,3,furnished,3.56,True,False
11400,l00600,3,1,13,38,1996,True,1,unfurnished,3.63,True,True
11401,l00601,3,4,7,25,2010,False,0,semi-furnished,7.35,True,False
11402,l00602,3,2,22,32,2022,False,0,semi-furnished,3.02,False,False
11404,l00604,3,3,10,15,2016,False,0,furnished,5.63,True,False
11406,l00606,4,4,14,18,2004,True,0,semi-furnished,5.97,False,True
11407,l00607,1,1,1,27,2018,False,0,semi-furnished,1.59,False,True
11408,l00608,4,4,0,32,2017,True,2,unfurnished,4.41,False,True
11409,l00609,3,1,8,33,2010,True,1,unfurnished,7.04,True,False
11411,l00611,3,1,12,17,2008,True,1,semi-furnished,4.24,False,False
11412,l00612,5,2,3,15,2000,False,0,semi-furnished,2.34,True,False
11413,l00613,5,2,0,23,1996,True,1,furnished,2.2,True,False
11414,l00614,1,3,3,36,2012,False,0,furnished,0.56,True,True
11415,l00615,3,2,5,21,1995,False,0,furnished,1.22,True,True
11417,l00617,5,2,21,32,2014,False,0,semi-furnished,7.01,False,False
11418,l00618,3,4,0,28,2005,False,0,furnished,1.69,True,False
11419,l00619,5,2,17,23,2020,False,0,unfurnished,0.93,False,False
11420,l00620,2,4,21,40,2019,False,0,semi-furnished,1.74,False,False
11422,l00622,4,3,8,13,2020,False,0,furnished,6.55,False,False
11424,l00624,5,4,0,20,1997,True,2,furnished,6.38,False,True
11425,l00625,5,2,1,25,2004,True,1,semi-furnished,5.41,False,True
11426,l00626,4,2,7,38,2006,True,3,unfurnished,4.46,False,False
11427,l00627,1,3,23,23,2022,True,1,furnished,6.42,False,True
11429,l00629,1,3,23,28,1998,True,4,unfurnished,6.36,True,True
11430,l00630,5,2,4,29,2014,False,0,furnished,1.61,True,False
11431,l00631,3,4,12,31,2015,False,0,semi-furnished,6.01,False,True
11432,l00632,2,3,5,27,2005,False,0,furnished,1.42,True,False
11434,l00634,5,4,10,23,2009,False,0,unfurnished,5.95,False,False
11436,l00636,1,3,3,34,2000,False,0,semi-furnished,1.57,False,False
11437,l00637,2,3,20,21,2023,False,0,furnished,7.19,False,True
11438,l00638,5,3,3,39,2001,True,0,semi-furnished,7.7,False,False
11440,l00640,5,1,25,28,2000,False,0,semi-furnished,4.52,True,True
11442,l00642,5,3,19,28,2014,True,0,unfurnished,4.05,True,False
11443,l00643,5,2,0,20,1998,True,0,furnished,6.35,True,True
11444,l00644,2,3,17,27,2005,True,0,semi-furnished,1.87,True,True
11445,l00645,3,2,7,21,2022,False,0,semi-furnished,1.08,True,True
11446,l00646,3,4,4,8,2011,True,0,semi-furnished,5.68,True,False
11447,l00647,3,2,20,34,2004,False,0,unfurnished,6.99,True,True
11448,l00648,4,1,17,38,2005,False,0,furnished,1.42,True,True
11450,l00650,5,2,22,26,2017,True,1,furnished,4.52,False,False
11451,l00651,3,3,7,13,2002,False,0,semi-furnished,3.59,True,False
11452,l00652,5,1,21,35,2000,False,0,unfurnished,6.99,False,False
11453,l00653,3,2,0,38,2000,False,0,furnished,1.03,False,True
11454,l00654,4,2,14,19,2022,True,2,unfurnished,6.38,False,False
11456,l00656,1,1,3,34,1996,False,0,unfurnished,0.88,False,False
11458,l00658,4,3,8,13,1996,True,3,furnished,5.22,False,True
11459,l00659,4,3,18,21,1998,True,2,furnished,3.02,True,False
11460,l00660,4,1,0,20,2001,False,0,furnished,6.76,False,True
11461,l00661,4,2,0,38,2020,False,0,furnished,2.93,True,True
11462,l00662,5,1,13,26,2017,True,2,semi-furnished,6.58,True,True
11463,l00663,5,4,11,22,2017,False,0,unfurnished,6.39,True,True
11465,l00665,1,1,12,19,2012,True,3,unfurnished,4.85,True,True
11466,l00666,3,2,5,19,2007,False,0,semi-furnished,3.84,True,False
11468,l00668,1,3,5,24,2023,True,1,unfurnished,2.28,True,False
11469,l00669,3,4,6,13,2007,True,0,furnished,0.74,True,False
11470,l00670,4,2,0,35,1998,False,0,furnished,4.27,False,False
11472,l00672,2,3,19,29,2019,True,2,semi-furnished,4.37,False,True
11473,l00673,1,1,20,21,2000,True,3,unfurnished,4.61,True,False
11474,l00674,1,3,1,35,2017,False,0,semi-furnished,5.97,False,False
11475,l00675,1,2,6,7,2014,False,0,unfurnished,4.37,True,False
11476,l00676,3,1,17,39,2005,True,0,furnished,7.2,True,True
11477,l00677,5,4,11,23,2015,False,0,semi-furnished,0.26,True,False
11478,l00678,1,2,14,37,2000,False,0,furnished,5.8,False,False
11479,l00679,1,3,10,24,2016,True,2,furnished,1.09,True,False
11480,l00680,5,2,24,27,2014,False,0,furnished,7.39,True,False
11481,l00681,2,2,20,38,1998,True,2,unfurnished,3.48,False,True
11482,l00682,3,2,12,20,2012,True,1,semi-furnished,7.54,True,True
11483,l00683,3,3,24,26,2018,False,0,semi-furnished,5.24,False,True
11484,l00684,1,4,5,8,2023,True,0,unfurnished,1.34,True,True
11485,l00685,2,1,10,18,2015,True,0,unfurnished,7.4,True,False
11486,l00686,4,3,19,31,2017,True,3,furnished,1.31,True,False
11487,l00687,2,1,17,22,2008,False,0,semi-furnished,5.25,True,True
11488,l00688,1,3,14,26,2005,False,0,unfurnished,5.32,True,True
11489,l00689,3,3,14,37,2008,True,0,unfurnished,2.98,True,False
11490,l00690,2,1,14,20,2014,False,0,unfurnished,6.91,False,False
11492,l00692,1,4,6,30,1997,False,0,furnished,0.38,False,False
11494,l00694,5,1,20,31,2002,True,3,unfurnished,3.55,True,True
11496,l00696,4,3,2,33,1995,True,2,semi-furnished,3.81,False,False
11497,l00697,3,2,3,37,2006,False,0,semi-furnished,4.03,True,False
11498,l00698,2,2,7,10,2014,True,2,furnished,3.25,False,True
11499,l00699,5,3,25,26,2000,False,0,furnished,3.1,True,False
11500,l00700,3,1,22,35,2016,True,1,unfurnished,7.89,False,False
11501,l00701,2,3,5,28,2009,True,0,furnished,3.31,True,False
11502,l00702,3,1,18,19,1996,True,4,furnished,0.25,False,True
11503,l00703,1,2,10,35,2022,False,0,unfurnished,5.77,True,True
11506,l00706,2,4,22,40,2014,False,0,semi-furnished,1.93,True,False
11508,l00708,2,3,20,25,2014,False,0,semi-furnished,3.37,False,True
11510,l00710,5,2,7,32,2005,True,3,furnished,0.69,False,True
11511,l00711,3,1,17,27,2000,False,0,unfurnished,7.34,True,True
11512,l00712,1,4,3,31,2015,False,0,semi-furnished,1.15,False,True
11514,l00714,3,3,12,32,2004,True,2,semi-furnished,3.92,True,True
11515,l00715,3,1,22,22,2019,True,1,furnished,0.24,False,False
11517,l00717,4,2,9,17,1995,True,0,semi-furnished,4.15,True,True
11518,l00718,1,4,19,25,1998,False,0,furnished,4.86,True,True
11519,l00719,4,4,3,32,2001,True,2,semi-furnished,0.36,False,False
11521,l00721,5,4,25,27,1995,False,0,unfurnished,6.1,False,True
11522,l00722,5,4,11,20,2014,True,2,unfurnished,4.06,False,True
11523,l00723,2,2,1,30,2011,False,0,semi-furnished,0.66,False,False
11524,l00724,4,1,20,27,2001,True,3,furnished,2.07,True,False
11525,l00725,2,2,2,7,1995,False,0,furnished,2.72,False,False
11526,l00726,3,3,16,24,1997,False,0,furnished,1.52,True,True
11527,l00727,2,1,5,17,1996,True,4,unfurnished,7.22,True,True
11528,l00728,2,3,8,30,2012,False,0,unfurnished,2.52,False,True
11529,l00729,5,3,10,26,1998,False,0,semi-furnished,0.35,False,False
11530,l00730,3,4,0,21,1998,True,4,furnished,4.6,False,False
11531,l00731,2,3,14,23,2001,False,0,furnished,3.98,True,True
11535,l00735,1,1,19,21,1996,False,0,semi-furnished,3.14,False,True
11537,l00737,4,1,9,11,2017,True,2,unfurnished,5.75,False,False
11538,l00738,4,1,7,30,2004,True,4,unfurnished,4.24,False,False
11539,l00739,4,2,0,11,2009,True,0,semi-furnished,4.15,False,True
11541,l00741,2,2,7,36,2014,False,0,unfurnished,6.15,False,True
11542,l00742,3,4,9,34,1995,True,0,semi-furnished,1.03,True,True
11543,l00743,1,1,2,32,2012,True,1,unfurnished,1.56,False,True
11544,l00744,1,1,15,38,2019,True,3,furnished,1.16,False,True
11545,l00745,1,3,20,20,1999,False,0,furnished,3.2,False,False
11546,l00746,1,1,25,31,1997,False,0,unfurnished,3.37,False,False
11547,l00747,4,2,17,21,1999,False,0,unfurnished,6.84,True,False
11548,l00748,5,1,16,21,2004,False,0,semi-furnished,4.81,False,False
11549,l00749,1,4,3,22,2012,False,0,unfurnished,4.58,False,True
11550,l00750,1,4,14,34,2012,True,4,unfurnished,4.64,True,False
11551,l00751,5,2,7,37,2012,True,0,furnished,5.05,True,False
11552,l00752,2,2,14,23,1998,True,4,semi-furnished,7.03,False,False
11553,l00753,3,3,9,19,2019,False,0,furnished,5.39,False,False
11554,l00754,4,3,12,38,2020,True,4,unfurnished,3.66,False,False
11555,l00755,1,3,18,19,2001,True,3,unfurnished,2.62,True,True
11556,l00756,3,3,12,22,2021,False,0,semi-furnished,7.2,False,False
11557,l00757,2,2,14,29,2019,True,4,unfurnished,0.22,True,True
11558,l00758,1,2,10,15,2014,False,0,semi-furnished,5.57,True,True
11559,l00759,5,1,9,11,2019,False,0,furnished,4.44,False,True
11560,l00760,5,4,12,33,2006,False,0,unfurnished,1.0,True,True
11561,l00761,4,2,8,38,2003,False,0,furnished,3.28,True,False
11562,l00762,2,4,17,22,2020,False,0,semi-furnished,6.74,True,True
11563,l00763,2,1,19,24,2011,False,0,unfurnished,7.25,False,True
11564,l00764,2,2,1,18,2009,True,1,unfurnished,3.25,False,False
11565,l00765,3,2,10,23,1998,True,0,semi-furnished,0.67,True,True
11566,l00766,3,2,12,16,2016,False,0,furnished,2.03,True,False
11567,l00767,2,3,22,32,2019,False,0,unfurnished,4.95,False,False
11569,l00769,5,1,7,38,1999,True,1,unfurnished,4.76,False,False
11570,l00770,2,1,12,31,2003,False,0,unfurnished,5.7,False,False
11571,l00771,2,4,10,36,2018,False,0,furnished,3.06,False,True
11572,l00772,5,1,18,22,1998,True,0,unfurnished,2.94,False,False
11573,l00773,5,1,3,34,2009,False,0,unfurnished,0.32,True,True
11574,l00774,4,3,8,13,1998,True,3,semi-furnished,5.69,False,True
11575,l00775,5,2,19,36,2013,True,2,semi-furnished,6.53,False,True
11576,l00776,2,3,20,40,2016,False,0,semi-furnished,4.33,True,True
11577,l00777,4,3,14,32,2001,True,2,semi-furnished,7.69,False,False
11579,l00779,2,2,7,30,2021,False,0,furnished,3.87,True,False
11580,l00780,5,4,1,22,2014,False,0,semi-furnished,0.43,False,False
11581,l00781,5,4,5,22,2012,True,4,semi-furnished,5.03,True,False
11582,l00782,3,4,20,27,1997,True,4,semi-furnished,6.32,True,True
11583,l00783,1,3,14,26,2000,False,0,furnished,1.35,True,False
11584,l00784,5,4,24,29,1999,False,0,furnished,3.4,False,False
11585,l00785,4,1,7,37,2006,True,2,unfurnished,0.64,True,False
11586,l00786,3,2,7,40,2009,False,0,furnished,2.09,True,False
11587,l00787,4,1,12,39,2002,True,3,furnished,0.78,False,False
11589,l00789,2,3,3,26,1998,False,0,furnished,3.37,False,False
11591,l00791,1,3,21,27,2020,False,0,furnished,7.94,True,True
11593,l00793,2,3,17,19,2014,True,0,furnished,2.52,True,True
11594,l00794,5,3,25,25,2010,False,0,unfurnished,0.32,True,True
11595,l00795,5,4,10,10,2001,True,1,furnished,4.45,True,False
11596,l00796,5,1,6,6,2002,True,4,furnished,2.29,True,True
11597,l00797,5,4,14,33,2002,False,0,semi-furnished,4.39,True,False
11598,l00798,2,3,17,33,2011,False,0,unfurnished,6.93,False,False
11601,l00801,4,4,13,21,2016,True,3,unfurnished,1.25,True,True
11602,l00802,5,1,12,15,2005,False,0,furnished,4.59,True,False
11604,l00804,2,2,19,23,1997,True,4,unfurnished,5.68,False,True
11605,l00805,5,3,10,22,2015,True,0,furnished,1.89,False,True
11607,l00807,5,3,2,7,2019,True,2,unfurnished,4.15,False,False
11608,l00808,5,2,4,39,2017,True,2,unfurnished,3.73,False,False
11609,l00809,3,3,9,37,2014,True,0,unfurnished,7.8,True,True
11611,l00811,5,3,22,31,2012,False,0,unfurnished,0.37,True,True
11612,l00812,1,3,7,22,2016,False,0,furnished,3.61,False,False
11613,l00813,1,4,9,17,1998,True,4,unfurnished,3.09,False,False
11617,l00817,1,2,1,16,1999,True,2,furnished,1.95,False,True
11619,l00819,2,2,6,31,2011,True,3,semi-furnished,1.89,True,False
11620,l00820,4,3,8,10,2005,True,4,furnished,4.39,False,False
11621,l00821,2,1,6,32,2010,False,0,semi-furnished,4.91,True,False
11622,l00822,2,2,3,5,2001,True,0,furnished,3.95,False,False
11624,l00824,4,3,25,32,2019,True,1,unfurnished,1.12,True,True
11627,l00827,5,3,2,21,2003,False,0,unfurnished,3.35,True,False
11628,l00828,1,3,16,22,2023,False,0,unfurnished,2.67,False,True
11629,l00829,1,1,1,20,2009,True,0,unfurnished,1.5,False,False
11630,l00830,4,2,9,11,2015,True,4,semi-furnished,3.17,False,False
11632,l00832,5,1,25,39,2004,False,0,unfurnished,6.97,True,False
11633,l00833,4,3,5,9,2022,False,0,furnished,6.8,False,False
11635,l00835,2,1,23,32,2020,False,0,unfurnished,7.45,True,True
11636,l00836,4,4,14,28,2005,False,0,semi-furnished,1.07,False,False
11637,l00837,1,1,8,15,1998,True,3,unfurnished,5.34,True,True
11638,l00838,3,2,12,37,1998,False,0,semi-furnished,1.62,True,True
11639,l00839,2,4,7,30,2001,False,0,unfurnished,4.91,True,False
11640,l00840,5,3,10,32,2004,True,2,unfurnished,7.36,True,True
11641,l00841,4,1,12,24,2003,True,0,unfurnished,1.87,True,True
11642,l00842,4,3,17,25,1998,True,1,unfurnished,5.9,True,True
11643,l00843,4,1,8,32,2016,False,0,unfurnished,4.38,False,False
11645,l00845,1,3,22,33,2005,True,2,unfurnished,0.85,False,True
11646,l00846,5,2,13,24,2010,False,0,semi-furnished,5.25,True,True
11647,l00847,3,1,18,22,2006,False,0,semi-furnished,6.43,True,True
11648,l00848,1,4,0,38,2004,True,4,unfurnished,0.93,False,True
11649,l00849,5,4,12,20,2004,False,0,unfurnished,4.84,False,False
11650,l00850,1,2,12,17,2000,True,3,semi-furnished,2.45,False,True
11652,l00852,4,3,22,32,2002,True,2,unfurnished,5.02,True,True
11655,l00855,1,3,19,27,1997,True,3,unfurnished,7.59,True,True
11657,l00857,1,3,13,38,2016,False,0,furnished,5.8,True,True
11658,l00858,1,3,2,26,2016,False,0,semi-furnished,3.05,False,True
11659,l00859,5,2,25,27,2004,True,3,semi-furnished,6.65,True,False
11660,l00860,2,1,22,33,2023,False,0,furnished,3.78,True,True
11661,l00861,1,4,7,22,1996,True,0,unfurnished,4.38,False,False
11662,l00862,5,3,18,27,2000,True,4,semi-furnished,3.25,True,False
11663,l00863,3,3,2,13,2017,True,2,furnished,5.88,True,True
11665,l00865,4,1,5,6,2004,True,2,furnished,2.68,True,True
11666,l00866,1,3,5,32,2002,True,1,furnished,5.98,False,False
11667,l00867,4,4,0,31,1998,True,2,semi-furnished,7.88,True,False
11668,l00868,3,3,6,7,2013,True,4,unfurnished,4.05,False,True
11670,l00870,5,3,2,14,2015,False,0,semi-furnished,2.18,False,True
11671,l00871,4,2,7,35,1999,True,1,semi-furnished,1.83,False,True
11673,l00873,3,4,6,10,2007,False,0,unfurnished,1.75,False,False
11674,l00874,5,2,1,17,2003,True,3,furnished,7.04,False,True
11675,l00875,3,4,24,24,2018,False,0,unfurnished,2.74,True,False
11676,l00876,3,3,10,18,2017,True,1,unfurnished,6.17,True,False
11677,l00877,3,1,17,22,1997,True,4,unfurnished,4.66,True,True
11678,l00878,5,4,11,27,2002,False,0,furnished,2.79,False,True
11679,l00879,3,4,1,26,2012,False,0,furnished,2.24,True,True
11681,l00881,4,2,15,39,2000,True,1,unfurnished,2.01,False,True
11682,l00882,5,4,0,23,1997,False,0,semi-furnished,7.49,True,False
11683,l00883,3,1,6,29,2000,False,0,semi-furnished,6.8,False,True
11684,l00884,5,4,6,21,1999,False,0,semi-furnished,0.54,False,True
11685,l00885,4,1,4,5,1998,False,0,furnished,5.67,True,True
11686,l00886,4,4,6,18,2001,False,0,furnished,0.8,False,False
11687,l00887,1,3,0,21,2011,True,4,semi-furnished,2.56,False,False
11688,l00888,2,2,21,34,2019,False,0,unfurnished,2.84,False,True
11689,l00889,4,4,8,21,2005,True,2,furnished,0.37,True,True
11690,l00890,2,3,4,26,2009,False,0,furnished,7.2,False,True
11691,l00891,5,2,14,30,2020,False,0,unfurnished,3.24,True,True
11692,l00892,2,3,24,25,1996,False,0,semi-furnished,5.35,False,True
11696,l00896,2,4,5,26,2004,False,0,furnished,7.07,False,False
11697,l00897,4,1,7,33,2012,False,0,semi-furnished,0.78,True,True
11698,l00898,5,1,25,25,1998,False,0,furnished,3.75,False,False
11699,l00899,1,1,3,37,2022,False,0,semi-furnished,5.57,False,True
11700,l00900,2,1,4,15,1995,True,0,furnished,3.54,True,True
11702,l00902,2,4,19,38,2010,False,0,semi-furnished,5.81,False,False
11703,l00903,1,4,2,28,2012,False,0,unfurnished,1.12,True,False
11704,l00904,4,4,4,26,2009,True,2,semi-furnished,7.92,False,False
11705,l00905,5,3,9,26,2001,True,3,unfurnished,3.27,True,True
11706,l00906,2,3,11,37,2002,True,1,furnished,7.59,True,False
11707,l00907,5,1,11,24,2000,True,2,furnished,2.67,True,False
11711,l00911,3,2,2,32,2001,False,0,furnished,2.2,False,True
11712,l00912,2,4,20,37,2023,True,4,semi-furnished,2.62,True,True
11713,l00913,5,1,4,40,1996,True,4,unfurnished,7.88,True,True
11714,l00914,4,2,3,17,2003,True,3,furnished,3.23,False,True
11717,l00917,3,4,17,22,2007,True,0,semi-furnished,0.77,True,False
11718,l00918,4,2,24,34,2016,True,2,unfurnished,3.52,True,True
11719,l00919,4,4,9,16,2001,True,2,semi-furnished,4.14,True,False
11720,l00920,4,2,18,26,2019,False,0,semi-furnished,6.47,False,True
11722,l00922,4,2,13,36,2020,True,1,unfurnished,4.25,False,False
11724,l00924,1,4,8,15,2015,True,1,unfurnished,2.45,False,False
11725,l00925,5,2,8,29,1995,True,2,furnished,3.06,False,False
11726,l00926,3,2,8,31,2002,False,0,unfurnished,1.18,True,True
11728,l00928,2,3,12,21,2010,False,0,unfurnished,6.04,True,True
11729,l00929,5,3,24,38,2022,True,2,unfurnished,4.28,True,True
11730,l00930,3,3,10,23,2002,True,3,unfurnished,1.1,False,True
11731,l00931,3,4,14,35,2019,False,0,unfurnished,4.85,False,True
11732,l00932,2,1,9,9,2004,False,0,unfurnished,6.45,False,False
11733,l00933,5,4,11,33,2012,False,0,furnished,4.93,True,True
11734,l00934,1,1,8,18,1996,False,0,unfurnished,7.01,True,False
11735,l00935,1,4,6,10,2008,True,0,unfurnished,2.03,True,True
11736,l00936,2,2,12,13,2018,False,0,unfurnished,6.28,True,False
11738,l00938,1,3,16,23,1995,False,0,semi-furnished,6.17,True,False
11740,l00940,3,1,4,32,2006,False,0,furnished,5.3,False,True
11741,l00941,5,2,16,25,2009,False,0,semi-furnished,2.72,True,False
11742,l00942,5,4,20,38,2012,True,2,unfurnished,4.56,False,True
11743,l00943,3,1,13,32,2007,True,1,semi-furnished,3.15,True,False
11746,l00946,5,2,12,30,1996,True,2,unfurnished,7.85,False,True
11747,l00947,2,1,23,33,2011,False,0,semi-furnished,4.69,False,False
11749,l00949,4,4,0,29,2002,False,0,semi-furnished,7.86,True,True
11750,l00950,5,1,15,36,2001,False,0,semi-furnished,2.0,True,False
11751,l00951,3,1,7,14,2009,True,0,semi-furnished,5.15,True,True
11752,l00952,1,4,20,25,2001,True,0,semi-furnished,6.55,False,True
11753,l00953,1,4,5,5,2014,True,0,furnished,5.46,True,False
11755,l00955,4,1,18,23,2010,False,0,unfurnished,6.25,True,True
11756,l00956,2,2,1,38,2006,False,0,furnished,7.31,True,True
11757,l00957,4,3,21,34,2023,False,0,semi-furnished,0.94,True,True
11758,l00958,4,1,4,5,1998,False,0,semi-furnished,4.0,False,True
11759,l00959,2,2,10,10,2008,True,0,unfurnished,1.59,True,True
11760,l00960,4,3,16,17,2011,False,0,furnished,4.79,True,True
11761,l00961,2,2,9,21,2006,True,0,furnished,6.31,True,True
11763,l00963,4,4,16,39,2012,True,3,semi-furnished,4.18,False,False
11765,l00965,5,4,23,27,2008,False,0,furnished,1.2,False,True
11766,l00966,3,3,17,17,2006,False,0,semi-furnished,3.3,False,False
11767,l00967,1,2,19,29,2020,False,0,furnished,6.24,True,False
11770,l00970,1,2,18,35,2021,True,3,furnished,4.82,False,True
11772,l00972,1,2,5,10,2009,False,0,semi-furnished,7.45,False,True
11774,l00974,4,4,6,37,1996,True,3,furnished,2.93,True,True
11775,l00975,5,4,5,8,1996,True,1,unfurnished,0.64,True,True
11776,l00976,2,2,19,24,1996,True,2,semi-furnished,5.15,True,False
11777,l00977,3,3,16,20,2012,False,0,furnished,4.52,False,False
11778,l00978,1,1,16,39,2005,True,3,unfurnished,3.62,False,True
11779,l00979,1,1,5,8,1996,False,0,furnished,0.33,True,False
11780,l00980,5,4,5,20,2010,True,2,unfurnished,2.68,True,True
11781,l00981,5,4,3,13,2004,True,0,semi-furnished,1.82,False,False
11782,l00982,5,1,17,38,2009,True,4,unfurnished,6.47,True,True
11783,l00983,4,3,6,10,2014,True,2,semi-furnished,7.63,True,True
11785,l00985,1,2,2,24,2006,False,0,unfurnished,5.86,False,True
11786,l00986,1,2,24,39,2021,True,2,semi-furnished,1.28,False,False
11787,l00987,4,3,21,31,2003,False,0,unfurnished,7.09,True,False
11788,l00988,5,2,2,38,1997,True,0,furnished,1.23,False,True
11789,l00989,2,3,4,21,2017,True,1,semi-furnished,1.61,True,True
11790,l00990,1,4,15,23,2011,False,0,semi-furnished,7.83,True,False
11791,l00991,5,2,3,38,2001,False,0,furnished,4.84,False,True
11792,l00992,4,4,16,38,2022,True,2,unfurnished,6.81,True,True
11793,l00993,4,1,8,29,2014,True,1,unfurnished,0.84,False,False
11794,l00994,5,2,12,29,1996,True,2,furnished,4.8,True,False
11795,l00995,3,4,9,20,2018,False,0,semi-furnished,6.99,True,False
11797,l00997,1,3,13,23,2005,True,4,unfurnished,7.9,False,True
11798,l00998,3,1,2,14,2005,False,0,semi-furnished,1.73,False,False
11799,l00999,1,4,18,37,1996,True,3,semi-furnished,5.88,True,True
11800,l01000,1,4,13,14,2000,False,0,semi-furnished,3.76,True,False
11801,l01001,5,3,20,35,2009,True,1,semi-furnished,1.17,True,True
11802,l01002,1,1,23,33,2002,True,1,semi-furnished,0.25,False,True
11803,l01003,1,4,0,31,2023,False,0,furnished,0.44,True,True
11804,l01004,1,4,4,29,1995,True,0,unfurnished,1.48,True,False
11805,l01005,1,3,11,20,2005,True,0,furnished,7.16,False,True
11806,l01006,5,4,8,37,2004,False,0,semi-furnished,7.82,False,False
11807,l01007,5,1,5,25,2009,True,4,semi-furnished,6.71,False,False
11809,l01009,5,3,1,8,2011,False,0,semi-furnished,3.91,True,True
11810,l01010,4,3,19,22,2013,False,0,furnished,0.31,True,False
11811,l01011,5,4,4,23,2010,False,0,unfurnished,6.68,True,True
11812,l01012,5,1,5,27,1995,False,0,furnished,4.26,False,True
11813,l01013,1,3,2,32,1995,False,0,unfurnished,1.8,True,True
11814,l01014,5,2,20,30,2005,False,0,semi-furnished,3.21,True,True
11815,l01015,2,3,5,19,1999,False,0,unfurnished,6.09,True,False
11816,l01016,2,3,8,21,2005,False,0,furnished,1.22,True,False
11817,l01017,3,4,6,11,2022,False,0,semi-furnished,6.27,False,True
11818,l01018,4,3,2,29,2003,False,0,furnished,2.35,False,False
11819,l01019,5,3,7,17,2005,True,4,semi-furnished,2.53,True,True
11821,l01021,3,2,22,38,2001,True,1,unfurnished,5.07,False,True
11822,l01022,4,4,4,27,1997,True,0,semi-furnished,1.24,False,True
11823,l01023,4,4,15,39,2005,False,0,furnished,3.18,True,True
11824,l01024,1,2,10,24,2021,False,0,semi-furnished,1.79,False,True
11825,l01025,2,4,9,10,2022,True,4,furnished,6.99,False,False
11827,l01027,1,4,4,29,1999,True,3,semi-furnished,5.27,True,False
11828,l01028,1,2,5,25,2011,False,0,furnished,2.4,False,False
11829,l01029,3,1,24,27,2009,True,3,unfurnished,2.79,False,False
11830,l01030,1,3,0,25,2004,False,0,semi-furnished,1.89,True,False
11831,l01031,1,3,12,34,2023,False,0,semi-furnished,4.76,True,True
11832,l01032,4,1,16,19,2004,False,0,unfurnished,2.24,False,True
11835,l01035,5,3,3,29,2000,True,0,unfurnished,5.68,True,False
11836,l01036,1,4,7,27,2004,True,0,semi-furnished,1.67,True,True
11837,l01037,5,4,6,10,1999,True,1,unfurnished,1.52,True,False
11840,l01040,3,3,22,27,2002,True,2,furnished,4.73,True,True
11842,l01042,2,2,22,30,2019,True,0,unfurnished,0.39,True,False
11843,l01043,1,1,5,14,2021,False,0,furnished,5.18,True,True
11844,l01044,2,3,9,32,2021,False,0,unfurnished,3.77,False,True
11846,l01046,3,1,9,15,2005,False,0,unfurnished,6.52,True,True
11847,l01047,4,4,18,32,1997,False,0,unfurnished,7.19,True,True
11848,l01048,3,2,7,28,1997,False,0,unfurnished,3.05,False,False
11849,l01049,3,2,16,17,2023,False,0,furnished,2.93,False,True
11850,l01050,5,3,14,20,2022,False,0,furnished,5.77,False,False
11851,l01051,4,2,3,21,2005,False,0,semi-furnished,6.2,False,False
11852,l01052,2,1,5,10,2022,True,3,furnished,3.91,False,False
11854,l01054,5,1,6,40,2012,True,4,unfurnished,2.16,False,False
11855,l01055,2,2,13,18,2011,True,1,semi-furnished,2.08,True,True
11856,l01056,5,3,2,31,2004,True,1,semi-furnished,4.57,True,True
11857,l01057,2,4,0,13,2012,True,2,unfurnished,1.99,False,True
11858,l01058,3,4,20,37,2002,False,0,furnished,4.21,False,True
11860,l01060,4,1,13,37,2011,False,0,furnished,3.08,False,True
11861,l01061,3,4,2,35,2006,True,3,furnished,7.48,False,True
11862,l01062,4,3,9,35,2012,True,0,unfurnished,1.47,False,True
11863,l01063,5,4,23,35,2011,False,0,furnished,5.23,True,True
11864,l01064,4,3,0,37,1995,False,0,furnished,4.88,False,False
11865,l01065,5,3,23,38,2006,True,0,unfurnished,3.12,False,True
11866,l01066,5,3,1,17,2015,True,0,unfurnished,2.69,False,False
11867,l01067,2,1,24,29,2004,True,1,unfurnished,7.08,False,False
11868,l01068,1,1,22,27,2012,False,0,furnished,6.02,False,False
11869,l01069,4,1,11,30,2001,False,0,furnished,4.59,False,True
11871,l01071,3,4,6,8,1995,False,0,unfurnished,4.17,False,True
11873,l01073,4,1,10,22,2010,True,0,furnished,6.45,False,True
11874,l01074,3,4,13,24,2021,True,4,furnished,5.37,False,False
11876,l01076,5,3,12,40,1998,True,1,semi-furnished,5.27,True,False
11878,l01078,4,4,2,27,1995,False,0,unfurnished,2.8,False,False
11879,l01079,2,1,3,21,2006,True,1,semi-furnished,5.31,False,True
11880,l01080,2,4,5,8,2007,True,3,unfurnished,3.28,False,False
11881,l01081,1,4,18,39,1998,False,0,semi-furnished,4.65,False,True
11882,l01082,5,1,2,38,2006,False,0,furnished,7.79,False,False
11883,l01083,5,2,8,31,2010,True,0,semi-furnished,3.08,False,True
11885,l01085,1,2,18,25,1998,False,0,unfurnished,1.92,False,False
11886,l01086,4,4,18,19,1995,False,0,semi-furnished,1.53,False,True
11887,l01087,1,2,16,35,2014,True,3,semi-furnished,5.97,True,False
11888,l01088,3,2,22,22,2003,False,0,furnished,4.61,False,False
11889,l01089,1,1,0,26,2014,False,0,unfurnished,7.88,False,False
11890,l01090,4,3,3,14,2021,False,0,furnished,2.91,True,True
11891,l01091,5,2,6,9,2000,False,0,semi-furnished,1.27,True,True
11892,l01092,3,1,7,37,2001,True,0,unfurnished,4.22,True,True
11893,l01093,2,2,1,38,2000,False,0,unfurnished,0.87,True,False
11894,l01094,2,3,2,10,1999,False,0,unfurnished,7.22,False,False
11895,l01095,1,2,10,11,2000,False,0,semi-furnished,7.9,False,True
11898,l01098,3,2,15,20,1997,True,0,semi-furnished,6.24,False,False
11899,l01099,1,2,20,20,1995,False,0,furnished,1.0,True,True
11900,l01100,1,1,10,24,2000,True,2,unfurnished,5.87,False,True
11901,l01101,3,3,5,26,2004,False,0,unfurnished,5.02,False,False
11902,l01102,5,3,9,32,2004,True,4,furnished,1.47,False,True
11903,l01103,1,2,13,16,1998,True,3,furnished,7.06,False,False
11904,l01104,4,3,1,5,2019,False,0,semi-furnished,3.29,True,True
11906,l01106,5,4,13,32,2009,False,0,unfurnished,1.76,True,False
11907,l01107,2,3,5,35,2022,True,4,semi-furnished,7.65,False,False
11909,l01109,3,3,1,38,1996,False,0,semi-furnished,4.68,False,True
11912,l01112,3,2,2,15,2018,False,0,furnished,4.97,True,False
11913,l01113,1,3,7,12,2020,False,0,semi-furnished,2.87,False,True
11914,l01114,3,1,9,37,1996,False,0,unfurnished,4.9,False,True
11915,l01115,5,1,11,31,2001,False,0,semi-furnished,4.03,True,False
11916,l01116,1,3,1,11,2001,False,0,furnished,5.29,True,False
11917,l01117,4,3,7,13,1999,False,0,furnished,6.31,False,False
11918,l01118,4,3,5,19,2003,True,1,semi-furnished,4.72,False,False
11919,l01119,3,4,15,20,2009,True,4,furnished,4.26,False,True
11920,l01120,1,3,6,27,2017,False,0,semi-furnished,7.94,False,False
11921,l01121,5,2,12,13,1997,True,0,unfurnished,1.82,False,False
11922,l01122,5,1,13,34,1999,False,0,unfurnished,6.23,False,True
11923,l01123,5,1,4,33,2000,False,0,semi-furnished,5.61,False,False
11924,l01124,5,2,6,25,2022,True,3,furnished,2.59,False,True
11925,l01125,3,3,4,39,2002,True,0,semi-furnished,5.07,False,True
11926,l01126,2,1,15,15,2012,True,0,unfurnished,3.93,True,False
11927,l01127,4,3,3,11,1999,True,0,unfurnished,5.51,True,False
11928,l01128,5,3,14,23,2004,False,0,furnished,1.42,False,True
11931,l01131,2,4,19,31,2001,True,2,unfurnished,4.86,True,True
11932,l01132,3,4,6,15,2020,True,2,semi-furnished,3.91,True,False
11933,l01133,5,1,3,8,1996,True,1,unfurnished,7.7,True,True
11934,l01134,4,1,13,18,2020,False,0,unfurnished,5.25,True,True
11935,l01135,5,2,22,40,2007,True,3,furnished,0.42,False,False
11937,l01137,1,2,19,35,2008,False,0,furnished,6.17,False,False
11938,l01138,2,4,25,27,2000,False,0,furnished,6.02,False,False
11939,l01139,1,3,0,29,2008,True,3,semi-furnished,0.27,False,False
11940,l01140,1,4,6,6,2003,False,0,furnished,3.11,True,False
11941,l01141,5,2,6,12,2000,False,0,unfurnished,1.72,False,True
11943,l01143,2,4,0,11,2006,False,0,unfurnished,3.62,True,False
11944,l01144,5,3,7,29,2005,True,1,unfurnished,5.43,False,True
11945,l01145,4,3,7,31,2003,True,2,furnished,4.45,True,True
11946,l01146,5,3,11,36,2018,True,0,furnished,1.17,True,True
11947,l01147,4,4,6,26,1998,False,0,semi-furnished,1.03,False,True
11948,l01148,3,3,12,27,2022,False,0,furnished,1.75,False,False
11949,l01149,1,4,5,40,2002,False,0,unfurnished,1.54,True,True
11950,l01150,2,3,9,14,2011,True,2,furnished,4.85,True,True
11951,l01151,1,2,1,28,2018,False,0,semi-furnished,7.79,True,False
11953,l01153,5,2,18,26,2007,False,0,furnished,2.73,False,True
11955,l01155,2,3,5,29,2019,False,0,unfurnished,7.54,True,False
11956,l01156,3,2,1,39,2009,False,0,furnished,3.0,True,False
11957,l01157,3,3,8,25,2012,False,0,semi-furnished,4.79,False,False
11958,l01158,2,3,9,32,2002,False,0,furnished,0.8,False,False
11961,l01161,4,2,19,38,2018,False,0,furnished,3.96,True,True
11962,l01162,3,2,2,14,2015,False,0,unfurnished,1.19,True,False
11963,l01163,5,1,6,18,2023,False,0,unfurnished,5.46,True,True
11964,l01164,5,1,22,38,2006,False,0,unfurnished,1.02,False,False
11965,l01165,5,2,10,40,1998,False,0,semi-furnished,3.4,True,True
11966,l01166,3,2,19,38,1995,False,0,unfurnished,6.12,True,False
11967,l01167,3,3,2,40,1999,False,0,semi-furnished,7.88,True,True
11968,l01168,1,4,2,7,2000,True,0,unfurnished,0.55,False,False
11969,l01169,1,2,11,40,2004,False,0,furnished,1.64,True,True
11970,l01170,4,2,12,18,2015,True,0,furnished,3.09,False,True
11971,l01171,2,2,19,40,1996,False,0,unfurnished,7.14,True,True
11972,l01172,3,2,12,35,2002,True,3,unfurnished,2.12,True,True
11973,l01173,1,2,8,23,2009,False,0,semi-furnished,3.72,False,False
11974,l01174,3,3,3,5,2017,True,2,furnished,3.14,False,True
11976,l01176,1,3,23,27,2023,False,0,unfurnished,3.23,False,True
11977,l01177,1,2,6,23,2007,False,0,semi-furnished,6.21,True,True
11981,l01181,5,3,1,33,2020,False,0,unfurnished,6.16,False,False
11982,l01182,5,4,20,37,2020,False,0,furnished,3.56,False,True
11984,l01184,4,3,5,15,1996,False,0,unfurnished,7.7,False,True
11985,l01185,1,3,6,14,2017,True,4,semi-furnished,7.83,False,True
11986,l01186,4,3,4,30,2012,False,0,unfurnished,1.34,True,True
11987,l01187,2,4,6,27,2011,True,2,semi-furnished,2.26,False,False
11990,l01190,3,4,15,19,2001,False,0,semi-furnished,7.6,True,True
11991,l01191,5,4,14,18,1995,True,4,semi-furnished,5.6,False,True
11992,l01192,1,3,2,8,2015,False,0,furnished,5.16,True,True
11993,l01193,2,3,0,10,2023,False,0,furnished,3.98,False,False
11994,l01194,3,3,16,29,2007,True,1,semi-furnished,1.03,False,True
11995,l01195,1,4,12,32,2003,True,1,furnished,5.24,True,False
11996,l01196,2,2,10,28,2010,True,4,semi-furnished,0.93,False,False
11998,l01198,1,1,14,33,2000,True,0,unfurnished,5.47,False,False
11999,l01199,2,3,7,13,1997,True,1,semi-furnished,4.4,True,False
12000,l01200,1,2,7,24,2007,True,1,semi-furnished,6.38,True,True
12001,l00001,5,1,0,19,2005,False,0,unfurnished,4.31,True,False
12002,l00002,5,3,8,15,2002,False,0,semi-furnished,1.01,False,True
12003,l00003,1,3,11,31,2009,False,0,unfurnished,6.59,True,True
12004,l00004,3,1,22,38,2015,True,4,semi-furnished,7.65,False,False
12005,l00005,5,2,23,33,1996,True,1,semi-furnished,2.81,False,False
12006,l00006,1,2,24,30,1999,True,0,semi-furnished,7.75,False,False
12007,l00007,4,2,12,35,2020,False,0,semi-furnished,7.96,False,True
12010,l00010,3,3,5,16,2009,False,0,furnished,5.22,False,True
12011,l00011,4,3,5,11,1998,False,0,furnished,7.02,False,True
12013,l00013,2,1,17,28,2023,True,4,unfurnished,7.35,False,True
12014,l00014,1,4,12,30,2005,False,0,unfurnished,5.49,False,True
12015,l00015,4,1,7,8,1996,True,0,furnished,6.03,False,False
12017,l00017,4,4,3,8,2018,True,3,unfurnished,1.42,False,False
12018,l00018,2,1,2,18,2007,False,0,furnished,1.78,True,True
12019,l00019,1,4,15,33,2023,True,3,furnished,5.62,False,False
12021,l00021,1,2,11,16,2008,False,0,furnished,6.31,True,True
12023,l00023,3,3,20,21,1999,True,1,semi-furnished,1.72,True,False
12025,l00025,2,4,18,23,2021,False,0,unfurnished,7.48,False,False
12026,l00026,1,3,5,28,2016,False,0,unfurnished,4.44,False,True
12027,l00027,3,4,2,32,2005,True,1,unfurnished,2.27,True,False
12028,l00028,3,3,11,18,2014,False,0,furnished,5.66,True,True
12029,l00029,3,2,9,19,2017,False,0,furnished,2.64,False,True
12030,l00030,4,4,6,40,2009,True,2,furnished,4.52,True,False
12032,l00032,1,3,6,16,1996,False,0,unfurnished,0.93,True,True
12033,l00033,5,4,15,19,2016,True,0,furnished,2.72,False,False
12035,l00035,5,2,1,14,2015,True,0,semi-furnished,3.21,True,False
12036,l00036,1,1,16,25,2011,False,0,semi-furnished,5.53,False,True
12039,l00039,5,4,1,11,2000,False,0,unfurnished,1.76,False,True
12040,l00040,2,1,8,32,2010,False,0,semi-furnished,3.8,True,True
12042,l00042,4,2,14,35,2018,True,3,furnished,5.65,True,False
12043,l00043,4,1,4,30,2023,True,0,furnished,6.62,True,True
12046,l00046,1,4,1,34,2023,False,0,semi-furnished,3.56,False,False
12047,l00047,1,2,21,30,2014,False,0,furnished,3.22,False,True
12049,l00049,1,1,5,26,2017,True,0,furnished,5.14,False,True
12050,l00050,5,2,7,38,2004,True,1,furnished,2.06,False,True
12051,l00051,1,1,16,26,2006,True,4,unfurnished,1.02,False,False
12052,l00052,3,1,17,31,2013,False,0,furnished,4.78,True,True
12053,l00053,4,2,1,35,1995,True,1,semi-furnished,3.27,True,False
12054,l00054,2,3,22,34,2019,False,0,semi-furnished,5.24,True,True
12055,l00055,1,4,8,15,1998,True,4,semi-furnished,5.81,True,True
12056,l00056,4,3,20,29,2009,True,1,furnished,5.64,True,False
12057,l00057,1,2,9,35,2012,False,0,furnished,1.26,True,False
12058,l00058,4,4,21,39,2007,True,1,unfurnished,6.28,False,False
12059,l00059,5,4,2,21,2007,True,1,furnished,1.28,False,False
12061,l00061,4,2,6,16,2017,False,0,unfurnished,1.24,True,False
12062,l00062,3,2,23,29,2007,True,3,furnished,3.91,True,False
12064,l00064,3,3,4,16,2017,False,0,unfurnished,1.59,True,True
12066,l00066,3,4,19,29,2002,True,0,furnished,4.33,False,False
12067,l00067,3,3,0,29,2023,False,0,unfurnished,2.49,True,False
12068,l00068,1,3,23,39,1997,False,0,semi-furnished,5.96,True,True
12069,l00069,4,4,15,28,2005,False,0,semi-furnished,0.91,False,False
12070,l00070,5,1,20,35,2010,False,0,semi-furnished,5.02,False,False
12071,l00071,2,1,10,19,2014,False,0,unfurnished,4.01,False,True
12072,l00072,5,4,18,40,2001,True,3,semi-furnished,5.02,True,True
12073,l00073,4,3,18,27,2011,True,3,unfurnished,1.25,False,False
12074,l00074,1,1,3,17,2019,True,2,furnished,3.71,False,True
12075,l00075,2,3,9,23,2010,True,4,unfurnished,1.54,True,False
12076,l00076,2,1,9,24,2018,False,0,semi-furnished,1.42,False,False
12077,l00077,3,4,11,36,2022,False,0,unfurnished,3.53,False,True
12078,l00078,3,3,6,7,2005,True,0,semi-furnished,2.81,True,False
12079,l00079,3,2,16,16,2020,False,0,unfurnished,2.87,True,False
12081,l00081,5,2,1,10,1995,True,0,furnished,2.12,False,True
12082,l00082,5,1,8,19,2014,False,0,unfurnished,2.36,False,True
12083,l00083,4,1,4,38,2008,True,1,furnished,0.92,False,False
12084,l00084,5,2,4,40,2007,True,2,furnished,1.36,False,False
12086,l00086,3,2,7,19,2000,False,0,furnished,3.72,True,False
12087,l00087,5,3,8,25,1996,False,0,semi-furnished,3.36,False,False
12088,l00088,1,1,5,32,2019,True,0,unfurnished,7.18,True,True
12090,l00090,1,3,21,35,2019,False,0,unfurnished,0.84,False,False
12092,l00092,5,1,5,5,1996,False,0,furnished,2.67,True,False
12093,l00093,3,1,2,14,2012,False,0,semi-furnished,5.41,False,True
12094,l00094,3,1,7,40,1999,True,3,unfurnished,4.45,True,True
12095,l00095,3,3,7,24,1996,True,2,unfurnished,4.22,False,False
12097,l00097,3,3,6,10,2008,True,2,semi-furnished,0.67,True,True
12098,l00098,3,4,9,35,2006,True,1,semi-furnished,2.16,True,True
12099,l00099,2,1,5,38,1999,True,4,furnished,2.84,True,False
12100,l00100,5,3,1,40,2022,False,0,unfurnished,2.82,False,True
12101,l00101,1,2,3,26,2012,True,2,unfurnished,1.8,True,True
12106,l00106,3,3,24,29,2009,False,0,furnished,3.96,True,False
12107,l00107,2,2,6,21,2011,True,0,semi-furnished,7.24,False,True
12108,l00108,3,2,1,9,2018,False,0,semi-furnished,0.74,True,False
12110,l00110,4,3,4,17,2006,False,0,unfurnished,7.13,False,False
12111,l00111,4,4,3,8,2012,True,3,unfurnished,2.99,False,False
12112,l00112,4,4,8,9,2012,True,1,unfurnished,0.25,True,False
12113,l00113,5,1,12,38,2023,True,3,furnished,6.09,True,True
12114,l00114,5,4,10,26,2003,True,4,unfurnished,5.3,True,True
12115,l00115,1,2,7,15,2015,True,1,furnished,4.66,True,True
12117,l00117,3,2,10,25,2014,True,0,furnished,5.17,False,False
12118,l00118,3,1,11,16,2001,False,0,semi-furnished,5.31,True,True
12119,l00119,3,1,24,38,1999,True,2,furnished,5.44,True,True
12121,l00121,5,1,0,34,2006,True,0,unfurnished,5.12,False,False
12122,l00122,4,4,24,35,2013,False,0,semi-furnished,7.39,True,False
12123,l00123,4,3,13,26,2021,False,0,furnished,7.18,False,False
12124,l00124,4,4,14,37,1997,False,0,furnished,5.98,True,False
12125,l00125,3,1,12,26,2002,False,0,unfurnished,5.71,False,False
12126,l00126,4,1,0,19,1998,True,2,semi-furnished,1.17,True,False
12127,l00127,1,3,5,5,2020,False,0,semi-furnished,1.32,True,False
12129,l00129,2,3,7,18,1995,False,0,semi-furnished,1.64,False,True
12130,l00130,4,3,9,15,2004,False,0,semi-furnished,0.9,False,False
12134,l00134,2,2,21,33,2008,True,4,semi-furnished,3.91,False,False
12135,l00135,2,4,5,17,2013,False,0,semi-furnished,3.74,False,True
12136,l00136,3,4,0,20,2000,True,0,semi-furnished,6.98,True,False
12138,l00138,4,2,24,30,1996,True,3,semi-furnished,7.58,True,False
12140,l00140,2,2,1,26,2022,False,0,semi-furnished,3.68,True,True
12141,l00141,2,4,22,33,2014,True,0,unfurnished,2.0,True,False
12142,l00142,3,3,9,22,2005,True,0,furnished,0.52,False,True
12143,l00143,2,2,8,29,2009,False,0,semi-furnished,3.43,False,False
12146,l00146,5,1,22,39,2006,False,0,semi-furnished,2.06,False,True
12147,l00147,3,4,21,38,2007,False,0,semi-furnished,4.53,False,True
12148,l00148,3,1,11,16,1997,False,0,semi-furnished,5.43,False,True
12150,l00150,2,3,3,17,2011,True,0,furnished,5.54,True,False
12151,l00151,3,1,15,29,2016,False,0,unfurnished,6.64,True,True
12152,l00152,2,2,2,38,2018,False,0,furnished,1.98,True,False
12154,l00154,1,2,10,32,2004,True,3,unfurnished,2.96,False,False
12156,l00156,4,4,3,9,2012,True,4,furnished,1.07,False,True
12157,l00157,3,4,9,30,2007,True,2,unfurnished,5.27,True,False
12158,l00158,4,4,10,24,2023,True,1,unfurnished,2.13,False,True
12159,l00159,2,4,14,23,2004,True,0,semi-furnished,5.28,True,False
12160,l00160,3,1,7,40,2018,True,2,unfurnished,4.51,False,False
12161,l00161,3,3,8,28,2008,True,3,furnished,2.45,False,False
12162,l00162,3,2,8,20,2005,True,2,semi-furnished,7.29,False,False
12163,l00163,2,1,20,38,2021,False,0,furnished,6.26,False,True
12164,l00164,2,3,1,26,2011,True,0,semi-furnished,3.94,True,False
12165,l00165,1,1,15,17,2017,False,0,semi-furnished,2.78,False,True
12166,l00166,1,1,4,24,1997,True,3,unfurnished,7.18,False,False
12167,l00167,5,3,4,6,2019,True,1,semi-furnished,4.89,True,True
12170,l00170,2,3,11,21,2015,True,1,furnished,6.23,True,True
12172,l00172,1,3,0,11,2015,True,2,semi-furnished,1.03,True,True
12174,l00174,3,2,3,30,2009,False,0,semi-furnished,1.86,True,False
12175,l00175,2,1,23,31,2006,False,0,unfurnished,4.78,True,True
12176,l00176,5,3,12,34,2012,False,0,furnished,3.82,False,False
12178,l00178,3,3,6,7,2006,False,0,semi-furnished,1.51,False,False
12179,l00179,1,4,18,18,2011,True,3,semi-furnished,6.74,False,True
12180,l00180,5,4,23,36,2011,True,2,unfurnished,7.9,False,True
12181,l00181,3,4,17,21,2002,True,0,unfurnished,4.85,True,True
12184,l00184,4,4,6,28,2005,False,0,furnished,1.59,False,False
12185,l00185,4,1,21,40,1997,True,1,furnished,0.56,True,False
12186,l00186,3,3,17,32,2012,True,1,furnished,3.54,False,True
12187,l00187,5,3,9,12,2005,True,0,semi-furnished,4.14,False,False
12188,l00188,3,4,18,38,2020,True,1,semi-furnished,5.62,True,True
12189,l00189,4,4,5,35,2008,False,0,furnished,2.76,True,False
12190,l00190,1,3,0,28,2004,True,0,semi-furnished,0.34,True,True
12191,l00191,1,3,0,35,2023,False,0,unfurnished,3.72,False,True
12192,l00192,1,4,3,37,1996,True,0,unfurnished,4.66,True,True
12193,l00193,2,4,20,37,2007,True,1,unfurnished,5.54,True,False
12194,l00194,5,2,10,26,2002,True,4,semi-furnished,3.19,False,False
12195,l00195,3,2,24,30,2004,False,0,semi-furnished,1.48,True,True
12196,l00196,2,2,6,6,2014,False,0,unfurnished,4.64,False,False
12197,l00197,2,3,5,23,1995,True,2,unfurnished,2.52,True,True
12198,l00198,2,2,2,9,2009,True,2,unfurnished,7.84,True,False
12199,l00199,3,4,12,18,2000,True,1,unfurnished,6.86,True,True
12200,l00200,2,1,4,35,2023,True,4,furnished,5.1,False,False
12201,l00201,4,3,17,30,2007,False,0,semi-furnished,4.55,True,True
12203,l00203,1,2,8,18,2015,True,3,furnished,6.26,False,True
12204,l00204,5,3,7,18,1998,True,2,furnished,1.98,False,False
12205,l00205,1,4,11,37,2012,False,0,unfurnished,0.77,True,False
12206,l00206,5,2,1,38,2002,True,3,semi-furnished,5.9,True,True
12207,l00207,2,4,18,36,2023,True,2,semi-furnished,7.29,False,False
12208,l00208,3,4,11,22,2011,False,0,unfurnished,7.58,False,True
12209,l00209,1,1,17,28,2019,False,0,unfurnished,4.46,True,False
12210,l00210,1,2,4,22,2023,False,0,furnished,5.35,True,False
12211,l00211,2,1,16,24,1995,False,0,semi-furnished,3.88,True,False
12212,l00212,3,2,12,12,1998,True,0,furnished,0.37,True,False
12213,l00213,4,1,4,14,2008,True,2,unfurnished,7.47,True,False
12214,l00214,3,3,24,24,2010,True,0,semi-furnished,0.4,False,False
12216,l00216,4,2,15,23,2023,True,2,furnished,7.43,False,True
12217,l00217,2,1,15,38,2008,True,2,unfurnished,6.47,True,False
12218,l00218,3,2,18,32,2010,False,0,furnished,3.42,False,False
12220,l00220,5,4,5,21,2018,True,2,unfurnished,6.12,True,True
12221,l00221,3,1,7,22,2017,False,0,semi-furnished,6.86,True,False
12222,l00222,4,4,23,31,2021,True,0,semi-furnished,3.51,False,True
12223,l00223,2,1,18,27,2005,True,2,furnished,5.3,True,False
12224,l00224,2,4,7,11,1995,False,0,unfurnished,3.25,True,False
12228,l00228,5,3,20,38,2010,False,0,unfurnished,0.45,True,False
12229,l00229,2,1,24,36,2023,True,1,furnished,0.97,False,True
12230,l00230,5,1,1,18,2023,True,4,semi-furnished,2.34,False,False
12231,l00231,3,3,5,26,2023,False,0,unfurnished,2.78,False,False
12233,l00233,1,1,0,25,2002,False,0,unfurnished,6.44,False,True
12234,l00234,2,2,9,23,2002,False,0,furnished,7.79,False,True
12235,l00235,5,1,1,34,2001,False,0,furnished,0.55,True,True
12237,l00237,4,2,0,12,2007,True,4,semi-furnished,3.35,False,False
12238,l00238,3,3,4,19,2008,False,0,furnished,7.53,False,True
12239,l00239,4,1,14,27,2003,True,0,semi-furnished,0.89,True,True
12240,l00240,5,2,4,37,2014,True,4,unfurnished,6.43,True,False
12242,l00242,5,4,14,35,2005,True,1,semi-furnished,2.16,True,False
12244,l00244,1,3,21,25,2015,False,0,semi-furnished,4.44,True,False
12245,l00245,5,2,1,11,1995,False,0,unfurnished,1.11,True,False
12246,l00246,3,1,5,16,2022,False,0,unfurnished,3.35,True,False
12247,l00247,1,4,17,27,2005,False,0,semi-furnished,7.01,False,False
12248,l00248,5,4,6,12,2010,True,4,unfurnished,1.31,True,True
12249,l00249,3,2,14,23,1998,False,0,semi-furnished,2.87,False,False
12250,l00250,2,1,12,25,2006,True,3,semi-furnished,6.16,True,False
12252,l00252,2,4,9,27,1995,True,2,furnished,3.8,False,False
12253,l00253,2,3,15,39,2019,True,4,furnished,6.13,True,False
12254,l00254,5,2,1,20,2006,True,3,semi-furnished,7.65,True,True
12255,l00255,5,2,12,21,2019,False,0,furnished,2.6,True,False
12256,l00256,2,4,20,27,2013,False,0,unfurnished,5.99,True,False
12258,l00258,1,2,24,30,2001,True,0,unfurnished,4.34,False,True
12259,l00259,3,4,7,34,1997,False,0,semi-furnished,6.48,False,False
12260,l00260,2,2,18,35,2023,False,0,furnished,4.54,True,False
12261,l00261,1,1,5,23,2022,False,0,unfurnished,4.72,False,False
12262,l00262,1,2,3,11,2014,False,0,semi-furnished,2.31,False,False
12263,l00263,2,2,2,31,2011,False,0,furnished,7.49,False,False
12264,l00264,4,2,7,29,2002,False,0,semi-furnished,2.49,True,False
12266,l00266,3,1,16,16,2006,True,0,unfurnished,2.85,False,True
12267,l00267,3,2,22,38,2008,True,0,semi-furnished,5.1,False,True
12268,l00268,5,1,19,29,2021,False,0,semi-furnished,4.31,False,False
12269,l00269,2,3,12,27,2022,True,3,semi-furnished,1.75,False,False
12270,l00270,4,1,23,28,2014,True,3,unfurnished,2.13,False,True
12271,l00271,1,2,2,29,2005,False,0,semi-furnished,3.74,False,True
12272,l00272,3,4,17,29,2007,False,0,semi-furnished,7.7,False,True
12273,l00273,4,1,10,14,2013,False,0,furnished,6.61,False,True
12274,l00274,1,4,24,36,1995,True,3,furnished,2.69,False,False
12275,l00275,2,2,7,28,1997,False,0,furnished,4.94,False,True
12277,l00277,5,2,12,32,2017,True,3,semi-furnished,3.76,False,False
12280,l00280,4,4,3,28,1996,False,0,semi-furnished,4.54,True,True
12282,l00282,1,3,18,20,2004,True,0,furnished,5.7,False,False
12285,l00285,1,3,6,28,2013,False,0,unfurnished,7.1,True,True
12287,l00287,4,4,12,38,1997,True,0,semi-furnished,6.58,True,False
12288,l00288,3,4,2,38,2006,True,4,furnished,5.19,True,True
12289,l00289,1,1,8,12,2014,False,0,unfurnished,4.93,False,False
12290,l00290,1,3,9,31,2010,True,1,furnished,7.98,False,False
12291,l00291,3,4,13,17,2009,False,0,semi-furnished,6.3,False,True
12292,l00292,5,1,17,34,2000,False,0,semi-furnished,3.03,True,True
12293,l00293,3,4,3,28,2022,True,2,semi-furnished,5.71,False,False
12294,l00294,5,3,8,21,2013,False,0,unfurnished,3.89,False,False
12295,l00295,1,2,10,20,2011,True,3,furnished,5.48,True,True
12298,l00298,5,2,4,22,2005,True,2,unfurnished,0.76,True,False
12299,l00299,5,3,6,32,1995,False,0,furnished,4.39,False,True
12300,l00300,3,3,3,8,2015,True,3,unfurnished,7.23,False,False
12301,l00301,5,3,12,34,2002,False,0,furnished,6.99,True,True
12303,l00303,3,1,13,36,2012,True,1,unfurnished,4.74,False,True
12304,l00304,5,3,1,6,1999,False,0,furnished,3.18,False,False
12305,l00305,1,2,13,37,1998,True,1,unfurnished,3.62,True,True
12306,l00306,3,3,0,19,2009,True,2,unfurnished,7.98,False,True
12307,l00307,5,1,0,26,1998,True,3,unfurnished,1.11,False,False
12308,l00308,1,3,6,26,1995,False,0,furnished,3.2,True,True
12309,l00309,5,1,8,11,2007,False,0,furnished,6.72,True,False
12310,l00310,5,4,0,35,2017,True,0,semi-furnished,1.15,True,True
12311,l00311,2,2,5,11,1999,False,0,semi-furnished,2.43,True,True
12312,l00312,4,3,21,21,2001,False,0,semi-furnished,6.94,False,True
12313,l00313,5,4,5,25,2006,True,3,unfurnished,0.87,True,True
12314,l00314,5,1,9,10,2018,True,1,furnished,1.08,False,False
12315,l00315,4,1,3,35,2000,True,3,unfurnished,0.94,False,True
12316,l00316,4,4,25,27,2017,True,1,semi-furnished,5.64,True,False
12318,l00318,3,3,23,26,2015,True,0,semi-furnished,5.78,False,False
12319,l00319,5,2,2,12,2004,True,4,furnished,3.08,True,False
12320,l00320,1,2,20,22,2014,False,0,furnished,3.94,False,True
12321,l00321,2,3,21,37,1997,True,3,unfurnished,3.04,False,False
12322,l00322,5,4,3,22,2002,False,0,semi-furnished,3.5,False,True
12323,l00323,5,2,15,27,2003,True,0,furnished,0.73,False,True
12324,l00324,4,1,0,32,2015,False,0,unfurnished,1.33,False,False
12325,l00325,1,2,7,23,2020,True,1,semi-furnished,5.47,False,True
12326,l00326,3,3,0,14,2013,False,0,unfurnished,0.22,False,True
12327,l00327,1,2,6,34,2017,False,0,unfurnished,5.84,True,False
12330,l00330,1,2,0,11,1998,False,0,furnished,6.68,True,True
12331,l00331,4,3,8,32,2022,True,2,semi-furnished,2.46,False,False
12332,l00332,4,4,10,40,2009,True,4,furnished,2.99,False,True
12333,l00333,3,2,10,26,2012,False,0,furnished,1.58,True,False
12334,l00334,3,4,20,34,2004,False,0,unfurnished,2.08,False,False
12336,l00336,5,2,3,39,1998,False,0,furnished,3.79,False,False
12337,l00337,3,4,6,22,2001,True,3,semi-furnished,1.96,False,False
12338,l00338,3,4,0,12,2003,False,0,semi-furnished,2.61,False,False
12340,l00340,1,1,6,24,2015,True,2,unfurnished,3.49,True,True
12341,l00341,3,3,20,20,2019,False,0,furnished,3.31,True,True
12342,l00342,2,3,10,14,2014,False,0,furnished,7.4,True,False
12343,l00343,1,4,23,29,1995,False,0,semi-furnished,5.24,True,False
12344,l00344,2,1,0,35,2004,True,3,semi-furnished,6.46,False,True
12345,l00345,3,1,6,26,2020,False,0,semi-furnished,2.63,True,False
12346,l00346,3,2,14,35,2009,False,0,unfurnished,4.13,True,False
12348,l00348,5,4,20,38,2004,True,2,unfurnished,2.01,True,False
12349,l00349,1,1,3,22,2008,True,0,unfurnished,0.89,False,False
12351,l00351,5,1,11,29,2017,False,0,unfurnished,5.66,False,False
12352,l00352,4,1,3,36,2017,False,0,semi-furnished,0.87,True,False
12353,l00353,4,4,17,26,2019,True,0,furnished,1.96,True,True
12354,l00354,5,1,8,23,2021,True,3,semi-furnished,3.36,False,True
12355,l00355,3,3,25,34,2007,True,1,furnished,7.61,True,False
12356,l00356,3,2,7,11,1996,False,0,unfurnished,2.51,False,False
12358,l00358,3,3,0,39,2005,False,0,semi-furnished,3.95,True,False
12359,l00359,3,3,17,29,2002,False,0,unfurnished,6.22,False,True
12360,l00360,3,2,16,17,1997,False,0,furnished,6.59,False,False
12361,l00361,2,2,1,13,2005,True,3,semi-furnished,6.75,True,False
12362,l00362,2,3,12,32,2002,True,2,unfurnished,1.94,False,False
12363,l00363,4,2,4,18,2011,False,0,unfurnished,7.94,True,True
12364,l00364,3,4,12,12,2023,True,2,furnished,4.49,True,True
12365,l00365,3,1,4,20,2011,False,0,furnished,2.66,False,True
12366,l00366,3,1,1,16,2009,True,4,unfurnished,3.73,True,True
12367,l00367,3,3,2,28,2010,False,0,furnished,6.28,True,True
12368,l00368,4,2,3,40,2011,False,0,semi-furnished,0.42,False,True
12369,l00369,1,4,8,10,2007,True,2,furnished,5.97,True,False
12370,l00370,3,2,7,21,2008,True,1,semi-furnished,1.64,False,False
12371,l00371,2,1,23,35,2019,False,0,furnished,1.23,True,True
12372,l00372,4,4,6,32,2013,True,2,unfurnished,7.31,True,False
12373,l00373,2,1,5,12,2016,False,0,furnished,0.69,True,True
12374,l00374,3,3,16,36,2013,True,0,unfurnished,5.19,True,True
12375,l00375,4,3,19,29,2007,True,3,furnished,5.39,False,False
12376,l00376,5,3,9,15,1997,True,0,furnished,6.04,False,True
12377,l00377,2,2,24,27,1996,False,0,unfurnished,5.42,False,False
12378,l00378,5,1,0,6,2006,False,0,furnished,2.99,True,False
12379,l00379,1,4,9,28,2001,True,0,unfurnished,5.06,True,True
12380,l00380,1,4,15,19,2005,True,3,unfurnished,5.42,False,False
12382,l00382,4,3,3,34,2016,True,4,semi-furnished,5.76,False,True
12383,l00383,1,2,17,26,1995,True,1,furnished,2.19,True,True
12385,l00385,3,3,2,24,2020,False,0,furnished,7.54,False,True
12386,l00386,3,4,15,36,2014,False,0,semi-furnished,7.52,True,False
12387,l00387,4,4,19,31,2008,False,0,unfurnished,4.63,True,False
12388,l00388,2,2,16,31,2000,False,0,furnished,4.6,False,False
12389,l00389,2,2,11,21,2013,False,0,furnished,3.79,False,False
12390,l00390,4,2,2,22,2001,False,0,unfurnished,1.12,False,False
12391,l00391,5,4,1,19,2022,False,0,unfurnished,7.92,True,False
12392,l00392,2,2,0,40,2011,False,0,furnished,1.12,False,False
12393,l00393,1,3,22,34,2000,False,0,semi-furnished,1.95,True,False
12394,l00394,1,2,17,40,1995,False,0,semi-furnished,0.62,False,True
12395,l00395,2,3,3,17,2004,False,0,furnished,3.46,False,False
12396,l00396,5,1,4,28,2003,False,0,unfurnished,1.76,True,True
12397,l00397,5,2,7,7,1995,False,0,unfurnished,4.98,False,False
12398,l00398,2,2,4,22,2014,False,0,furnished,3.07,True,True
12400,l00400,4,3,23,40,2003,True,1,semi-furnished,4.76,True,True
12402,l00402,2,4,13,28,2022,True,2,semi-furnished,3.81,True,True
12403,l00403,2,4,17,23,2004,False,0,furnished,3.23,False,False
12404,l00404,3,4,15,40,2019,False,0,furnished,2.08,False,False
12408,l00408,5,1,10,11,2010,True,3,semi-furnished,6.42,False,True
12409,l00409,2,1,7,40,2000,False,0,unfurnished,5.43,True,True
12410,l00410,2,2,8,14,2018,True,4,semi-furnished,7.02,False,True
12411,l00411,1,4,16,17,1995,False,0,semi-furnished,4.12,False,True
12412,l00412,1,1,15,22,2010,False,0,semi-furnished,5.41,True,False
12413,l00413,4,1,14,30,2000,False,0,semi-furnished,4.89,False,True
12414,l00414,2,1,11,17,1999,True,2,unfurnished,0.44,False,True
12415,l00415,3,2,4,10,2016,False,0,furnished,2.27,True,False
12416,l00416,5,3,1,7,2014,True,0,furnished,7.32,False,True
12417,l00417,3,4,19,19,2011,True,1,semi-furnished,0.71,False,True
12419,l00419,2,3,11,20,1997,True,4,semi-furnished,3.41,True,False
12420,l00420,2,1,11,24,2014,False,0,unfurnished,4.02,True,False
12421,l00421,3,2,4,8,2001,False,0,furnished,2.04,True,True
12423,l00423,4,2,3,31,2008,False,0,unfurnished,6.07,True,False
12424,l00424,3,4,11,30,1995,False,0,furnished,4.58,True,True
12425,l00425,3,4,7,22,2012,True,3,furnished,3.96,False,False
12427,l00427,5,3,1,15,2000,False,0,unfurnished,3.04,False,True
12430,l00430,3,4,5,17,1999,False,0,semi-furnished,7.25,False,True
12431,l00431,3,3,9,18,2015,True,0,furnished,5.13,True,True
12432,l00432,4,2,17,30,2010,False,0,unfurnished,2.03,True,True
12434,l00434,4,4,2,19,2000,False,0,semi-furnished,6.27,False,False
12435,l00435,1,3,12,16,2019,True,1,semi-furnished,4.93,False,True
12437,l00437,5,1,17,22,2011,False,0,semi-furnished,5.54,True,True
12438,l00438,3,2,20,35,2003,False,0,unfurnished,7.04,False,True
12440,l00440,2,4,22,35,2008,False,0,semi-furnished,7.53,False,True
12441,l00441,4,4,11,11,2006,True,2,semi-furnished,0.89,False,False
12445,l00445,5,3,0,7,2019,True,1,furnished,6.08,True,True
12446,l00446,5,1,10,27,2006,False,0,semi-furnished,2.53,False,False
12447,l00447,5,3,8,37,2022,True,4,furnished,3.62,True,True
12448,l00448,4,2,12,15,2008,False,0,semi-furnished,3.14,True,False
12450,l00450,5,1,6,24,2022,True,1,unfurnished,7.09,False,False
12451,l00451,2,2,0,15,2021,True,0,furnished,0.91,True,True
12452,l00452,2,4,9,30,2003,False,0,furnished,6.26,False,True
12453,l00453,5,2,21,30,2011,True,0,semi-furnished,2.01,False,False
12454,l00454,2,2,18,31,2010,True,2,unfurnished,3.31,False,False
12455,l00455,5,3,25,29,2012,False,0,furnished,2.23,False,False
12456,l00456,2,2,11,36,2006,False,0,semi-furnished,5.01,False,False
12457,l00457,2,3,3,6,2000,True,3,unfurnished,1.98,False,True
12459,l00459,3,1,0,26,2012,False,0,unfurnished,3.71,False,False
12460,l00460,4,3,0,5,2019,True,1,furnished,7.59,False,True
12462,l00462,2,4,21,39,2023,True,0,semi-furnished,3.57,True,True
12465,l00465,4,3,3,35,1997,True,2,furnished,1.02,True,True
12467,l00467,2,4,5,27,2012,True,3,furnished,5.51,True,True
12468,l00468,2,3,20,25,2013,False,0,furnished,7.48,False,True
12470,l00470,3,3,25,26,2004,False,0,unfurnished,6.29,True,False
12473,l00473,1,4,9,14,2018,False,0,unfurnished,4.59,False,False
12474,l00474,4,1,20,36,2018,True,1,unfurnished,2.69,False,True
12475,l00475,2,2,21,33,2008,True,1,semi-furnished,2.53,True,True
12479,l00479,5,3,8,20,2010,True,1,furnished,3.81,True,True
12480,l00480,4,1,4,5,2005,False,0,furnished,5.64,True,False
12481,l00481,4,3,6,10,2023,True,2,unfurnished,2.62,True,True
12482,l00482,3,1,20,36,2013,True,2,unfurnished,2.2,True,False
12483,l00483,4,2,12,28,2003,False,0,unfurnished,6.53,True,False
12484,l00484,4,4,11,19,2022,True,4,furnished,2.61,False,True
12485,l00485,2,2,20,34,1999,False,0,semi-furnished,6.39,False,False
12486,l00486,4,1,17,36,2011,True,3,furnished,2.92,False,True
12487,l00487,3,1,21,32,1995,False,0,unfurnished,7.9,True,False
12488,l00488,1,2,6,6,2007,False,0,unfurnished,3.91,True,False
12489,l00489,2,3,9,11,2007,False,0,unfurnished,5.74,True,True
12490,l00490,2,4,6,14,2013,False,0,unfurnished,7.82,True,False
12491,l00491,1,2,11,31,2004,False,0,furnished,5.04,False,False
12493,l00493,5,3,9,22,2021,True,2,unfurnished,5.33,False,False
12494,l00494,2,4,5,12,2008,False,0,semi-furnished,0.43,True,True
12495,l00495,1,1,9,15,2003,True,0,semi-furnished,5.58,True,False
12496,l00496,1,3,18,28,2017,True,0,furnished,5.46,True,False
12497,l00497,2,1,3,14,1995,True,0,furnished,7.32,False,True
12498,l00498,5,4,15,40,2020,False,0,unfurnished,3.55,True,True
12499,l00499,3,2,2,13,2002,True,1,semi-furnished,0.38,True,False
12501,l00501,3,4,14,30,2015,True,0,unfurnished,4.35,True,False
12502,l00502,1,1,12,31,1999,False,0,unfurnished,5.44,False,True
12503,l00503,1,2,3,19,2003,True,0,semi-furnished,4.88,False,True
12504,l00504,4,2,4,10,2020,True,0,unfurnished,2.88,True,False
12505,l00505,5,3,16,26,2000,True,1,furnished,5.57,True,True
12506,l00506,2,2,4,23,2017,False,0,furnished,2.62,True,False
12507,l00507,3,1,12,22,2016,False,0,unfurnished,7.21,True,False
12508,l00508,5,1,7,30,2004,True,3,unfurnished,3.56,True,True
12509,l00509,5,2,6,27,2015,False,0,furnished,4.28,False,False
12510,l00510,1,4,14,25,1995,True,0,unfurnished,4.98,True,False
12511,l00511,5,3,19,30,1999,True,4,furnished,3.22,True,False
12512,l00512,1,1,17,23,2003,True,0,semi-furnished,1.87,False,False
12513,l00513,3,3,1,24,2013,False,0,unfurnished,4.45,False,False
12517,l00517,5,1,12,24,2008,True,0,semi-furnished,0.4,True,False
12518,l00518,4,2,3,13,2001,False,0,unfurnished,5.74,False,False
12519,l00519,5,4,7,40,2021,True,3,furnished,1.53,True,True
12520,l00520,5,4,10,18,2020,False,0,unfurnished,7.86,True,False
12522,l00522,2,4,8,24,2003,False,0,unfurnished,5.99,False,False
12523,l00523,4,4,16,24,2014,True,3,furnished,6.14,False,True
12525,l00525,4,3,22,33,2004,False,0,unfurnished,2.5,False,False
12528,l00528,5,3,21,40,2006,True,4,semi-furnished,2.26,True,False
12529,l00529,2,2,5,11,2005,False,0,unfurnished,6.0,False,True
12530,l00530,2,4,3,8,1998,False,0,unfurnished,2.49,False,True
12531,l00531,5,1,19,36,2011,False,0,unfurnished,0.32,True,True
12533,l00533,4,2,17,31,2009,True,1,semi-furnished,5.44,False,True
12537,l00537,5,1,15,39,2016,True,0,furnished,2.1,True,True
12538,l00538,3,4,2,18,2003,True,4,unfurnished,7.85,False,False
12539,l00539,2,4,1,27,2009,True,1,semi-furnished,2.0,True,False
12542,l00542,2,4,1,9,2021,False,0,furnished,3.96,False,True
12543,l00543,4,3,18,30,2007,True,1,furnished,0.74,False,False
12544,l00544,1,4,5,38,2009,False,0,unfurnished,5.68,True,False
12546,l00546,4,4,9,29,1995,True,4,unfurnished,0.62,False,True
12547,l00547,5,2,19,29,2014,False,0,semi-furnished,3.0,True,True
12550,l00550,1,3,9,29,2023,False,0,furnished,1.17,False,True
12551,l00551,2,4,14,32,2001,True,3,semi-furnished,2.13,False,False
12552,l00552,1,3,10,25,2013,True,4,furnished,4.48,False,False
12553,l00553,2,3,22,38,2018,False,0,semi-furnished,1.47,True,False
12554,l00554,1,1,25,29,2017,False,0,furnished,1.22,False,True
12555,l00555,5,4,23,30,2008,False,0,semi-furnished,3.25,True,True
12556,l00556,4,4,12,22,2015,False,0,unfurnished,5.11,False,False
12557,l00557,5,3,1,31,2010,False,0,semi-furnished,1.83,False,True
12558,l00558,1,4,14,17,1995,False,0,unfurnished,0.99,True,True
12559,l00559,4,1,2,6,2014,True,0,furnished,2.89,True,False
12560,l00560,1,2,17,40,2009,True,0,semi-furnished,5.55,True,True
12561,l00561,3,2,21,21,1998,True,0,furnished,1.79,True,True
12563,l00563,5,1,0,11,1999,False,0,furnished,5.1,True,False
12565,l00565,3,3,1,20,2021,False,0,unfurnished,6.29,True,True
12566,l00566,4,3,7,40,2007,True,4,unfurnished,5.72,False,True
12567,l00567,3,4,10,37,2000,False,0,furnished,6.06,True,False
12568,l00568,3,3,5,22,2002,True,0,semi-furnished,0.83,True,False
12569,l00569,2,2,11,12,2008,False,0,semi-furnished,2.82,True,False
12570,l00570,4,2,16,33,2001,True,3,furnished,3.65,False,False
12571,l00571,4,4,13,38,2006,True,2,furnished,3.04,False,True
12572,l00572,4,3,10,39,2007,False,0,furnished,6.47,True,False
12573,l00573,1,3,9,25,2004,False,0,semi-furnished,1.09,True,False
12574,l00574,1,3,7,12,2006,True,1,furnished,4.94,False,False
12575,l00575,2,3,17,24,1999,True,4,semi-furnished,3.2,True,True
12576,l00576,4,3,7,35,2005,False,0,furnished,1.59,True,True
12577,l00577,5,4,21,33,2016,False,0,unfurnished,5.39,False,False
12578,l00578,2,2,15,24,1997,False,0,unfurnished,3.65,True,True
12579,l00579,4,2,22,32,2020,False,0,furnished,2.18,False,True
12580,l00580,5,4,9,35,2008,False,0,semi-furnished,5.31,True,False
12581,l00581,5,2,15,31,1996,False,0,unfurnished,4.15,True,False
12583,l00583,2,2,1,40,2022,True,2,unfurnished,4.08,True,False
12584,l00584,1,2,2,35,2023,False,0,unfurnished,3.59,False,False
12586,l00586,5,2,1,11,2004,True,3,unfurnished,1.67,True,True
12587,l00587,4,1,9,30,2018,False,0,furnished,4.35,True,False
12592,l00592,1,1,8,14,2015,True,3,furnished,1.68,False,True
12593,l00593,4,3,1,17,1996,False,0,furnished,2.99,True,True
12594,l00594,4,2,1,22,2015,True,2,semi-furnished,4.19,False,False
12595,l00595,4,3,22,28,2002,True,3,furnished,7.3,False,True
12596,l00596,5,2,13,13,2022,True,2,furnished,4.62,True,True
12597,l00597,3,3,17,34,2002,False,0,semi-furnished,6.19,False,False
12598,l00598,4,3,5,5,2009,False,0,furnished,6.07,False,True
12599,l00599,2,1,22,26,2017,False,0,semi-furnished,3.63,False,True
12600,l00600,4,2,5,35,2005,True,2,unfurnished,6.95,False,True
12601,l00601,1,2,2,5,2011,True,0,semi-furnished,7.56,True,False
12602,l00602,2,2,23,39,2018,True,4,furnished,1.42,False,True
12603,l00603,1,4,2,28,2003,True,2,furnished,7.39,False,False
12604,l00604,4,4,5,24,2023,True,3,semi-furnished,0.73,False,True
12605,l00605,5,3,3,38,2023,True,4,furnished,6.68,True,True
12606,l00606,4,1,6,30,2021,False,0,unfurnished,4.45,True,True
12607,l00607,3,4,9,9,2008,False,0,semi-furnished,5.54,True,True
12609,l00609,3,1,6,7,2003,True,0,furnished,0.74,True,False
12610,l00610,3,3,5,28,1995,False,0,semi-furnished,6.47,True,True
12611,l00611,1,1,8,18,2015,True,1,unfurnished,2.23,True,True
12612,l00612,2,4,0,23,2000,False,0,furnished,4.22,False,False
12613,l00613,4,2,5,39,2013,True,4,unfurnished,6.46,False,False
12614,l00614,1,1,4,33,2013,False,0,furnished,7.3,True,True
12615,l00615,3,2,5,25,2009,True,1,furnished,5.66,False,True
12616,l00616,5,2,25,25,1998,False,0,furnished,6.86,False,True
12617,l00617,4,1,1,39,2004,True,2,furnished,2.98,True,True
12618,l00618,5,1,6,39,2006,True,0,furnished,7.81,False,True
12619,l00619,2,1,20,24,2014,False,0,unfurnished,0.6,True,False
12621,l00621,1,3,10,10,1997,True,2,unfurnished,1.19,False,False
12622,l00622,3,1,17,27,1999,True,0,unfurnished,5.04,False,True
12623,l00623,1,1,5,25,1999,True,2,unfurnished,6.43,True,False
12625,l00625,5,4,7,12,1995,False,0,furnished,1.81,False,False
12626,l00626,2,1,11,14,2006,False,0,semi-furnished,5.68,True,True
12627,l00627,5,3,17,36,2019,True,3,semi-furnished,3.64,True,False
12628,l00628,2,4,18,33,1997,True,2,semi-furnished,5.18,True,False
12629,l00629,5,1,4,32,2002,False,0,unfurnished,3.84,False,True
12630,l00630,3,4,15,38,1995,False,0,furnished,6.2,True,False
12631,l00631,3,2,0,26,2018,True,2,unfurnished,2.34,True,False
12632,l00632,5,4,10,16,2011,True,0,semi-furnished,2.17,True,False
12635,l00635,2,1,7,25,2001,True,0,furnished,6.43,True,False
12637,l00637,3,2,6,36,2010,False,0,unfurnished,5.72,True,True
12638,l00638,3,4,13,28,2020,False,0,unfurnished,2.59,False,True
12639,l00639,4,3,21,26,2005,False,0,semi-furnished,3.74,True,True
12640,l00640,1,4,7,18,2010,True,4,unfurnished,5.38,True,True
12641,l00641,1,1,5,39,1997,True,3,furnished,1.12,True,False
12642,l00642,3,3,21,39,2015,False,0,furnished,2.96,False,True
12643,l00643,2,2,7,37,2020,True,2,unfurnished,1.53,True,True
12645,l00645,1,2,9,28,2008,False,0,furnished,2.93,True,False
12646,l00646,1,4,5,37,2020,False,0,semi-furnished,5.93,True,True
12647,l00647,2,1,5,23,2005,True,3,unfurnished,2.49,True,True
12648,l00648,3,2,12,15,2021,True,2,furnished,5.06,False,True
12649,l00649,5,2,5,36,1995,True,1,furnished,3.95,False,False
12650,l00650,5,3,23,34,2013,True,1,semi-furnished,5.4,True,True
12651,l00651,1,1,6,20,2004,False,0,unfurnished,4.73,True,True
12652,l00652,5,3,1,5,2013,True,3,unfurnished,0.3,True,True
12653,l00653,1,1,0,38,2005,False,0,furnished,6.34,False,True
12654,l00654,5,4,7,33,2009,True,4,unfurnished,2.59,False,True
12655,l00655,1,3,14,15,2023,False,0,furnished,4.27,False,True
12656,l00656,5,1,12,30,2011,False,0,furnished,5.76,True,False
12657,l00657,1,4,15,23,2006,True,3,furnished,3.69,True,True
12658,l00658,4,2,20,35,2021,True,4,furnished,0.26,True,True
12659,l00659,4,4,12,39,2019,True,4,semi-furnished,2.0,True,False
12663,l00663,5,1,1,33,2008,True,0,unfurnished,4.49,False,False
12664,l00664,5,4,4,8,2022,False,0,unfurnished,7.69,False,False
12665,l00665,3,3,6,12,1999,False,0,unfurnished,6.9,True,False
12667,l00667,2,4,25,27,2020,False,0,furnished,1.27,False,False
12668,l00668,5,4,2,37,2011,True,3,unfurnished,5.09,True,True
12669,l00669,3,2,14,24,1999,False,0,semi-furnished,7.02,True,False
12671,l00671,4,4,23,25,2002,False,0,semi-furnished,5.2,True,False
12673,l00673,3,1,19,33,1999,False,0,unfurnished,1.31,False,False
12674,l00674,2,4,18,25,2023,False,0,unfurnished,3.77,True,False
12675,l00675,4,4,4,8,2004,True,1,furnished,4.81,True,True
12676,l00676,3,4,9,28,1995,False,0,unfurnished,5.07,True,False
12677,l00677,3,4,0,21,2000,False,0,furnished,1.42,False,True
12678,l00678,5,1,0,30,2014,True,1,furnished,1.72,True,True
12680,l00680,3,3,20,35,2007,True,1,semi-furnished,7.11,False,True
12683,l00683,3,1,21,25,2004,True,2,semi-furnished,6.12,False,True
12684,l00684,4,1,6,23,2016,True,0,unfurnished,7.85,True,False
12685,l00685,5,1,18,34,1998,False,0,furnished,4.28,True,False
12686,l00686,1,1,7,36,2001,True,1,furnished,0.86,False,False
12687,l00687,2,1,6,7,1997,True,2,furnished,5.07,False,True
12689,l00689,1,1,10,30,2008,True,4,semi-furnished,7.69,True,True
12690,l00690,4,2,6,25,2019,True,4,furnished,5.17,False,True
12691,l00691,1,3,13,20,2017,True,0,furnished,1.53,False,True
12692,l00692,1,3,11,23,2020,False,0,semi-furnished,6.86,False,True
12693,l00693,2,3,4,10,2021,False,0,furnished,7.99,True,True
12696,l00696,3,3,0,8,2005,True,4,unfurnished,5.71,True,False
12697,l00697,3,2,4,22,2022,True,0,furnished,6.28,False,False
12698,l00698,5,1,0,26,1996,True,2,unfurnished,2.02,False,False
12699,l00699,4,4,8,18,2017,True,2,furnished,2.99,True,True
12701,l00701,4,1,19,36,2018,True,4,furnished,5.25,True,True
12702,l00702,4,4,11,12,2018,False,0,unfurnished,2.24,True,True
12703,l00703,1,3,20,23,2013,True,3,semi-furnished,3.14,False,True
12704,l00704,4,1,22,33,2019,True,4,semi-furnished,7.73,True,True
12705,l00705,3,3,9,39,1999,False,0,furnished,0.51,True,True
12706,l00706,1,2,3,34,1997,False,0,unfurnished,5.97,False,False
12707,l00707,2,3,14,15,2016,True,2,furnished,4.73,True,True
12708,l00708,1,2,2,15,2017,False,0,furnished,6.99,True,False
12709,l00709,2,4,0,38,2022,False,0,semi-furnished,1.01,False,False
12710,l00710,5,4,8,9,1996,True,1,semi-furnished,4.89,True,True
12712,l00712,4,2,14,34,2016,False,0,semi-furnished,3.4,True,True
12714,l00714,5,2,0,18,1999,False,0,furnished,3.91,False,False
12715,l00715,3,4,0,35,2009,False,0,unfurnished,3.51,True,True
12716,l00716,1,3,17,38,1999,True,0,semi-furnished,5.8,True,True
12717,l00717,3,2,3,33,2013,False,0,furnished,3.99,False,True
12719,l00719,5,1,11,21,2006,False,0,furnished,7.34,True,False
12720,l00720,1,1,18,29,2010,True,3,unfurnished,7.54,True,False
12721,l00721,3,1,8,15,2005,True,3,semi-furnished,4.79,False,True
12722,l00722,2,3,3,8,1997,True,4,furnished,3.52,False,True
12723,l00723,4,1,14,15,2005,True,3,unfurnished,0.65,False,True
12724,l00724,5,2,11,13,2009,True,1,semi-furnished,3.2,True,False
12725,l00725,3,1,13,30,2017,False,0,semi-furnished,0.54,True,True
12726,l00726,3,2,11,36,2015,True,2,semi-furnished,0.6,False,False
12727,l00727,2,4,1,26,1999,False,0,furnished,5.45,True,False
12730,l00730,2,2,7,23,2004,True,1,furnished,5.85,False,False
12731,l00731,1,1,1,23,2011,True,1,furnished,2.17,False,True
12732,l00732,3,2,24,25,1996,False,0,unfurnished,2.96,False,False
12734,l00734,2,2,0,7,2020,False,0,furnished,2.25,True,True
12735,l00735,1,3,12,33,1997,True,1,furnished,0.45,False,False
12736,l00736,3,1,3,31,2001,False,0,furnished,5.45,False,True
12737,l00737,4,1,22,39,2003,False,0,unfurnished,7.6,False,False
12738,l00738,1,2,19,33,2016,True,2,unfurnished,4.54,True,False
12741,l00741,3,2,24,40,2000,True,3,unfurnished,6.28,True,True
12742,l00742,1,1,5,34,2022,False,0,unfurnished,2.95,True,False
12744,l00744,3,1,8,17,2020,True,0,furnished,4.83,True,True
12745,l00745,2,3,7,35,2000,True,0,furnished,4.39,True,False
12746,l00746,5,1,12,18,2014,False,0,semi-furnished,5.78,False,True
12747,l00747,4,3,18,35,2001,True,2,semi-furnished,6.98,True,False
12748,l00748,3,3,22,35,1999,True,1,furnished,0.71,False,True
12749,l00749,1,1,2,36,2013,False,0,furnished,3.87,False,True
12750,l00750,2,3,18,22,1996,False,0,furnished,5.83,True,True
12752,l00752,5,3,12,24,2010,True,4,semi-furnished,0.83,False,True
12753,l00753,4,2,9,31,2005,True,1,unfurnished,2.33,False,False
12755,l00755,3,3,15,16,2008,True,2,unfurnished,6.96,True,True
12756,l00756,1,1,15,26,2022,False,0,furnished,5.63,True,False
12758,l00758,4,1,2,29,2002,False,0,semi-furnished,3.72,False,False
12759,l00759,3,1,11,37,1996,True,2,unfurnished,6.56,True,False
12760,l00760,2,2,20,30,2005,True,1,semi-furnished,3.39,True,False
12761,l00761,4,2,15,28,2003,True,1,semi-furnished,5.64,False,True
12763,l00763,2,1,7,31,2023,False,0,unfurnished,1.9,False,False
12764,l00764,1,4,0,16,2022,True,1,furnished,7.41,True,False
12765,l00765,5,1,24,29,2015,True,1,semi-furnished,6.56,True,False
12766,l00766,5,2,5,11,2020,True,4,unfurnished,2.44,False,False
12767,l00767,1,3,16,19,2014,True,1,furnished,7.47,False,False
12769,l00769,5,4,18,36,2021,False,0,furnished,2.94,True,False
12770,l00770,4,3,16,19,2003,False,0,semi-furnished,3.22,True,True
12771,l00771,2,3,0,39,2010,True,0,semi-furnished,2.2,True,False
12773,l00773,5,2,11,29,1995,False,0,semi-furnished,6.41,True,True
12774,l00774,2,3,2,25,1999,False,0,semi-furnished,1.56,False,True
12776,l00776,5,2,20,40,2012,False,0,furnished,0.35,False,True
12777,l00777,5,4,7,7,2016,True,3,semi-furnished,6.91,False,False
12778,l00778,3,3,17,20,2021,False,0,furnished,1.0,True,False
12779,l00779,1,3,1,37,1999,False,0,semi-furnished,1.93,False,True
12780,l00780,1,4,8,35,2014,False,0,semi-furnished,5.42,True,False
12781,l00781,4,4,10,18,2001,True,4,furnished,4.77,True,False
12782,l00782,4,1,11,29,2009,False,0,unfurnished,1.27,False,True
12785,l00785,5,2,9,32,2021,False,0,unfurnished,2.2,True,True
12786,l00786,5,1,21,28,2006,False,0,unfurnished,2.98,False,True
12787,l00787,5,3,17,38,2011,True,3,semi-furnished,7.55,True,False
12788,l00788,2,3,9,16,1998,False,0,unfurnished,1.24,False,True
12789,l00789,5,3,21,39,2007,True,3,unfurnished,4.38,True,True
12790,l00790,4,1,6,34,2000,True,3,unfurnished,2.66,False,False
12793,l00793,2,2,9,32,2020,True,3,unfurnished,6.1,True,True
12795,l00795,2,2,12,24,1996,False,0,semi-furnished,6.2,False,False
12796,l00796,3,3,13,21,2003,True,2,furnished,4.12,False,True
12798,l00798,1,3,19,31,2022,True,4,semi-furnished,3.15,True,True
12802,l00802,5,3,5,28,2021,True,0,unfurnished,2.64,False,False
12804,l00804,4,1,0,9,2000,True,1,furnished,1.15,False,False
12805,l00805,1,2,5,21,1995,True,3,furnished,4.93,False,True
12806,l00806,1,2,21,23,1995,True,1,unfurnished,7.67,True,False
12807,l00807,5,3,14,32,2012,True,2,furnished,7.75,False,False
12808,l00808,3,2,0,39,2006,True,1,semi-furnished,3.22,False,True
12809,l00809,2,1,21,24,2022,True,4,unfurnished,0.36,False,False
12810,l00810,2,2,3,17,2021,True,2,unfurnished,1.75,True,False
12811,l00811,2,1,13,22,2005,False,0,unfurnished,6.3,True,False
12814,l00814,1,1,18,20,2015,True,1,furnished,3.72,True,False
12815,l00815,2,2,15,27,2002,True,2,unfurnished,4.33,False,False
12816,l00816,4,3,7,8,2005,False,0,unfurnished,6.08,True,True
12817,l00817,5,2,23,30,2008,False,0,semi-furnished,5.38,True,True
12818,l00818,1,3,21,33,1999,False,0,semi-furnished,7.33,False,False
12819,l00819,5,3,1,15,2020,True,1,semi-furnished,2.42,True,True
12822,l00822,5,1,18,21,2008,False,0,furnished,4.46,True,False
12823,l00823,4,2,4,36,1999,False,0,semi-furnished,5.61,False,False
12824,l00824,2,1,6,36,2010,True,0,semi-furnished,7.99,False,False
12826,l00826,4,3,18,23,1995,True,1,furnished,2.8,True,False
12827,l00827,3,2,15,24,2018,True,0,furnished,3.61,False,False
12828,l00828,4,2,3,38,2022,True,3,furnished,0.59,True,False
12829,l00829,2,1,6,36,2017,True,1,semi-furnished,1.31,True,True
12830,l00830,5,4,15,33,2020,False,0,unfurnished,1.53,False,True
12831,l00831,4,3,5,28,2018,False,0,furnished,3.47,True,True
12832,l00832,2,4,8,35,2014,False,0,furnished,2.84,True,False
12834,l00834,1,2,24,32,2006,False,0,unfurnished,3.32,False,False
12835,l00835,4,4,3,6,2014,False,0,unfurnished,3.13,False,True
12836,l00836,2,3,6,17,2017,True,3,semi-furnished,4.22,True,False
12837,l00837,5,4,19,22,1997,False,0,semi-furnished,1.58,True,False
12838,l00838,4,3,3,32,2010,True,0,unfurnished,5.94,True,False
12839,l00839,3,1,7,15,2002,False,0,furnished,2.44,False,True
12842,l00842,2,2,10,30,2021,True,1,furnished,1.57,False,True
12843,l00843,4,4,18,27,2011,True,4,unfurnished,2.78,True,False
12844,l00844,3,4,8,32,2016,False,0,furnished,1.51,True,False
12845,l00845,2,3,16,20,1997,True,0,furnished,6.95,False,False
12846,l00846,2,2,1,9,1999,False,0,unfurnished,3.73,True,True
12847,l00847,2,1,3,8,1997,True,2,semi-furnished,5.18,True,True
12849,l00849,3,4,10,19,2001,False,0,furnished,1.72,False,True
12850,l00850,2,1,15,31,1997,True,0,semi-furnished,4.1,False,True
12852,l00852,1,3,0,21,2019,False,0,semi-furnished,4.77,True,False
12853,l00853,2,2,8,36,2001,False,0,semi-furnished,0.55,False,True
12854,l00854,2,2,14,24,1996,True,3,semi-furnished,2.07,True,True
12855,l00855,4,2,0,14,1998,True,4,unfurnished,0.49,True,False
12856,l00856,4,1,4,38,2005,True,2,semi-furnished,4.87,True,True
12858,l00858,1,3,2,40,1997,True,0,unfurnished,4.18,True,False
12859,l00859,1,1,4,19,2003,True,0,semi-furnished,6.32,False,True
12861,l00861,4,1,8,31,2011,True,3,semi-furnished,3.5,False,False
12862,l00862,5,3,2,34,2018,False,0,furnished,5.92,True,True
12863,l00863,4,2,22,39,2016,False,0,semi-furnished,3.84,True,False
12865,l00865,4,1,4,23,2003,False,0,unfurnished,2.31,False,False
12866,l00866,2,3,0,32,2008,True,4,unfurnished,5.91,False,True
12870,l00870,5,4,13,34,2004,False,0,semi-furnished,1.38,False,True
12871,l00871,1,4,15,29,2017,True,3,semi-furnished,6.46,True,False
12872,l00872,4,2,6,25,1999,False,0,unfurnished,7.32,False,True
12873,l00873,5,2,14,27,2010,False,0,furnished,1.65,False,True
12874,l00874,3,1,13,40,2009,True,3,furnished,4.48,False,False
12875,l00875,1,3,12,12,2007,True,4,unfurnished,3.7,True,False
12876,l00876,4,1,17,18,2000,True,3,unfurnished,1.75,True,False
12877,l00877,3,4,24,35,2002,False,0,unfurnished,7.05,False,False
12878,l00878,4,3,11,20,2008,False,0,unfurnished,3.16,False,True
12879,l00879,5,4,11,38,1996,True,2,unfurnished,3.66,False,True
12880,l00880,2,1,11,33,2001,False,0,unfurnished,5.37,True,True
12881,l00881,1,4,16,19,2022,True,0,unfurnished,6.71,True,False
12882,l00882,4,1,15,25,2010,True,4,furnished,7.43,False,False
12883,l00883,5,2,15,31,2006,True,2,semi-furnished,1.57,False,True
12884,l00884,4,4,1,11,2022,False,0,furnished,2.96,False,True
12887,l00887,5,2,19,38,2002,True,2,semi-furnished,5.09,True,False
12888,l00888,5,4,10,28,2022,False,0,unfurnished,4.04,False,True
12889,l00889,5,1,1,13,2021,False,0,furnished,5.09,True,True
12890,l00890,4,3,3,35,1997,False,0,furnished,6.64,False,False
12892,l00892,3,1,24,25,2007,False,0,unfurnished,5.72,False,False
12893,l00893,1,2,12,14,2023,True,1,semi-furnished,1.01,True,False
12895,l00895,1,3,9,34,2020,True,3,furnished,6.45,True,False
12896,l00896,2,2,14,16,1995,True,0,unfurnished,0.21,False,False
12897,l00897,4,3,0,38,2004,True,3,semi-furnished,1.95,False,False
12901,l00901,4,3,9,21,2014,False,0,furnished,7.02,True,False
12902,l00902,2,2,1,38,2017,False,0,unfurnished,0.88,True,True
12903,l00903,2,1,6,34,2002,False,0,furnished,3.23,False,True
12904,l00904,4,1,19,23,2004,True,1,furnished,3.09,False,False
12905,l00905,3,4,23,36,2022,True,0,unfurnished,5.95,False,False
12907,l00907,5,2,14,37,2011,False,0,unfurnished,4.32,True,False
12908,l00908,2,2,8,30,1998,True,1,unfurnished,2.12,True,False
12910,l00910,2,3,12,13,2022,False,0,unfurnished,1.48,True,True
12911,l00911,5,1,20,22,2012,False,0,furnished,4.6,False,True
12912,l00912,1,2,3,36,2020,True,4,unfurnished,3.38,False,True
12914,l00914,1,1,11,31,2010,True,1,furnished,6.01,False,True
12915,l00915,1,2,13,26,2009,False,0,furnished,4.88,True,False
12916,l00916,4,2,20,25,1999,True,1,unfurnished,6.97,False,True
12917,l00917,3,2,2,9,2011,True,4,furnished,4.92,True,True
12920,l00920,5,4,11,29,2010,True,0,furnished,6.34,False,False
12921,l00921,1,4,11,24,2002,True,0,semi-furnished,0.86,False,True
12922,l00922,5,4,5,30,2000,False,0,unfurnished,2.66,True,True
12924,l00924,5,3,7,17,2020,False,0,unfurnished,6.96,True,True
12925,l00925,4,4,15,37,2023,False,0,semi-furnished,1.56,False,False
12928,l00928,1,4,21,37,2010,False,0,semi-furnished,0.84,False,True
12929,l00929,1,2,10,38,1997,False,0,semi-furnished,0.99,False,False
12930,l00930,1,1,3,23,1997,False,0,semi-furnished,3.77,True,True
12931,l00931,2,3,7,32,2002,False,0,semi-furnished,2.58,True,False
12932,l00932,5,2,8,21,2018,False,0,semi-furnished,2.04,False,True
12934,l00934,5,4,22,25,2010,True,0,semi-furnished,4.68,False,False
12935,l00935,3,2,7,27,2017,False,0,furnished,1.56,False,True
12936,l00936,1,4,3,16,2011,False,0,furnished,6.02,False,False
12937,l00937,5,4,19,32,2020,True,4,furnished,7.36,False,True
12938,l00938,4,4,16,17,2016,True,0,unfurnished,5.02,True,True
12939,l00939,3,1,6,18,2005,False,0,unfurnished,6.21,False,False
12942,l00942,4,3,11,26,2020,False,0,semi-furnished,4.95,True,False
12943,l00943,2,2,25,32,2021,True,4,unfurnished,2.21,True,True
12944,l00944,1,4,8,38,2007,True,3,semi-furnished,0.86,False,True
12945,l00945,3,4,1,20,1995,False,0,semi-furnished,7.74,True,True
12946,l00946,4,4,5,16,2008,False,0,semi-furnished,1.89,True,False
12948,l00948,5,3,4,13,2008,True,4,furnished,6.19,False,True
12950,l00950,1,3,19,38,2005,True,2,semi-furnished,1.37,True,False
12952,l00952,4,4,1,14,2021,True,4,semi-furnished,6.58,True,True
12953,l00953,5,2,13,19,2018,False,0,furnished,1.85,True,False
12954,l00954,5,3,8,36,1996,True,3,unfurnished,4.3,True,False
12955,l00955,5,1,24,32,1999,True,1,semi-furnished,4.77,False,False
12957,l00957,5,3,1,17,2001,True,4,unfurnished,0.56,False,False
12960,l00960,5,2,0,9,1996,True,4,furnished,7.89,False,True
12961,l00961,2,4,2,36,2001,True,4,unfurnished,4.07,True,True
12962,l00962,1,1,8,25,2015,False,0,unfurnished,7.76,True,False
12963,l00963,2,2,3,27,2007,True,0,unfurnished,4.89,True,True
12964,l00964,1,4,5,31,2012,False,0,unfurnished,6.44,False,False
12965,l00965,4,3,9,23,2017,True,2,furnished,0.35,True,False
12966,l00966,4,3,7,12,1995,False,0,semi-furnished,6.7,True,False
12967,l00967,4,1,6,27,2007,False,0,unfurnished,5.85,True,True
12968,l00968,3,4,22,26,2002,True,3,unfurnished,6.33,True,True
12970,l00970,5,4,3,8,2020,True,0,semi-furnished,2.19,True,True
12971,l00971,1,4,18,24,1995,False,0,furnished,0.31,False,False
12972,l00972,2,3,2,19,2003,True,4,semi-furnished,6.86,True,False
12973,l00973,3,1,1,35,2012,False,0,unfurnished,0.89,False,False
12975,l00975,1,4,2,23,2008,False,0,furnished,6.13,False,True
12976,l00976,4,1,22,39,2020,True,0,semi-furnished,4.19,False,True
12977,l00977,1,4,1,32,2005,False,0,unfurnished,2.19,False,True
12979,l00979,1,2,2,11,2023,False,0,unfurnished,7.79,False,False
12980,l00980,1,4,6,8,1995,True,3,unfurnished,5.0,True,True
12981,l00981,4,1,17,39,2022,False,0,unfurnished,3.88,True,True
12982,l00982,4,2,6,28,2002,False,0,furnished,5.51,True,True
12983,l00983,5,4,13,24,2022,False,0,semi-furnished,3.45,True,True
12984,l00984,3,4,11,35,2002,True,1,unfurnished,7.36,True,True
12985,l00985,4,3,3,8,2014,True,0,furnished,2.21,False,False
12986,l00986,3,1,19,33,1997,True,2,furnished,5.27,True,True
12987,l00987,4,2,17,39,2007,True,4,furnished,3.16,True,False
12988,l00988,1,1,11,19,2000,True,2,unfurnished,1.65,True,True
12989,l00989,1,2,22,33,2018,True,4,semi-furnished,3.25,True,False
12990,l00990,2,4,9,17,2007,True,1,semi-furnished,4.44,False,False
12992,l00992,2,3,14,32,2018,True,1,semi-furnished,6.89,True,False
12993,l00993,4,1,10,13,2011,False,0,semi-furnished,3.81,True,False
12994,l00994,5,3,18,25,2007,False,0,unfurnished,7.76,False,False
12996,l00996,1,2,19,32,2009,False,0,furnished,5.6,True,False
12997,l00997,4,4,14,31,2013,True,1,semi-furnished,1.73,True,False
12998,l00998,1,1,13,31,2001,False,0,furnished,0.87,True,True
13000,l01000,4,2,4,33,2000,False,0,furnished,4.2,True,False
13001,l01001,5,4,6,18,2012,False,0,furnished,7.74,True,True
13002,l01002,5,4,17,26,2023,True,2,semi-furnished,7.87,False,False
13006,l01006,2,2,1,33,2006,False,0,furnished,5.18,True,True
13007,l01007,3,1,9,30,2002,True,1,furnished,6.0,True,True
13008,l01008,5,2,12,39,2006,False,0,unfurnished,1.46,True,True
13009,l01009,4,1,13,29,2015,False,0,semi-furnished,5.26,True,False
13011,l01011,5,3,0,20,2013,False,0,semi-furnished,1.08,False,True
13012,l01012,5,2,11,28,1995,False,0,unfurnished,5.53,False,False
13013,l01013,3,3,21,25,2019,False,0,furnished,4.63,True,False
13014,l01014,4,4,6,40,2018,True,2,furnished,4.88,False,True
13016,l01016,3,1,15,16,1997,False,0,unfurnished,6.32,True,False
13017,l01017,2,4,16,28,2023,False,0,unfurnished,7.32,True,True
13018,l01018,1,1,11,28,2004,False,0,furnished,5.5,False,False
13019,l01019,3,4,12,17,2016,True,2,semi-furnished,1.86,False,False
13020,l01020,2,1,1,8,1997,False,0,semi-furnished,5.64,False,False
13023,l01023,2,2,19,22,2003,True,0,semi-furnished,1.64,True,False
13024,l01024,3,4,7,8,2017,False,0,semi-furnished,6.35,True,True
13025,l01025,3,1,12,26,2012,False,0,semi-furnished,6.17,False,False
13026,l01026,2,3,24,39,1995,True,3,semi-furnished,2.69,False,False
13027,l01027,4,3,14,32,2001,True,3,furnished,3.34,True,False
13030,l01030,3,4,6,26,2016,True,0,semi-furnished,6.12,True,True
13031,l01031,2,1,2,25,2009,True,3,unfurnished,7.07,True,False
13032,l01032,4,4,3,5,1998,True,3,semi-furnished,1.67,True,False
13033,l01033,5,3,25,38,2000,False,0,furnished,1.34,True,False
13034,l01034,5,1,2,28,2019,True,2,furnished,5.86,True,False
13035,l01035,1,1,9,19,2007,True,2,furnished,7.85,False,False
13036,l01036,1,4,21,35,2013,True,3,furnished,3.04,False,True
13037,l01037,3,4,7,8,1995,False,0,furnished,5.52,False,False
13038,l01038,1,4,10,13,2001,False,0,semi-furnished,3.53,True,False
13039,l01039,2,1,1,18,2008,False,0,unfurnished,6.51,False,True
13040,l01040,3,4,13,33,2011,True,1,unfurnished,4.11,False,True
13042,l01042,2,4,9,32,2000,False,0,furnished,5.6,True,False
13044,l01044,5,1,5,32,1999,True,2,unfurnished,5.1,False,False
13046,l01046,4,3,10,17,2011,False,0,unfurnished,2.22,True,False
13047,l01047,2,1,4,17,1997,True,2,semi-furnished,0.41,True,True
13049,l01049,3,4,12,21,2017,False,0,furnished,1.25,False,False
13050,l01050,1,1,21,31,1998,True,1,semi-furnished,0.77,True,True
13051,l01051,5,4,19,28,2014,False,0,unfurnished,0.48,False,False
13052,l01052,1,2,7,14,2007,False,0,unfurnished,6.38,True,True
13053,l01053,5,2,25,25,2004,False,0,semi-furnished,0.75,False,True
13054,l01054,3,3,18,38,2020,True,3,unfurnished,5.84,False,False
13055,l01055,3,2,6,40,1997,True,4,unfurnished,0.31,True,True
13056,l01056,2,3,0,6,2011,True,0,unfurnished,0.91,True,True
13057,l01057,4,1,7,34,2007,True,2,furnished,6.78,False,False
13058,l01058,4,2,7,8,2003,False,0,semi-furnished,3.35,True,True
13059,l01059,5,1,19,34,2014,True,0,furnished,0.37,True,False
13060,l01060,4,4,2,37,2021,True,2,semi-furnished,6.92,False,False
13061,l01061,2,4,16,25,2007,False,0,furnished,2.22,False,True
13062,l01062,2,4,16,30,2004,True,2,furnished,2.04,False,True
13063,l01063,5,2,8,12,2001,True,4,furnished,6.07,True,False
13064,l01064,4,4,3,39,1999,True,2,unfurnished,1.61,False,False
13065,l01065,3,3,4,22,1996,True,4,furnished,4.27,True,True
13066,l01066,5,4,13,24,2007,True,3,unfurnished,2.28,False,True
13067,l01067,2,2,4,11,1995,True,4,unfurnished,3.86,False,False
13068,l01068,2,2,4,31,2001,False,0,unfurnished,0.21,True,True
13069,l01069,3,4,10,16,2018,False,0,semi-furnished,3.78,False,False
13070,l01070,2,3,21,33,2019,False,0,unfurnished,4.61,False,True
13071,l01071,2,1,15,17,2005,True,2,semi-furnished,3.96,False,False
13072,l01072,1,2,6,21,2009,False,0,unfurnished,1.6,False,False
13073,l01073,1,2,10,29,2005,True,4,unfurnished,1.69,True,True
13074,l01074,3,3,9,27,2017,False,0,unfurnished,6.86,True,False
13075,l01075,2,1,12,26,1995,True,2,furnished,1.05,True,True
13077,l01077,3,1,4,40,2023,True,0,furnished,4.07,True,True
13080,l01080,2,1,3,15,2008,True,0,unfurnished,7.82,True,False
13082,l01082,4,1,11,27,1996,True,0,semi-furnished,3.1,False,False
13083,l01083,2,2,4,21,1995,True,3,semi-furnished,7.24,True,False
13085,l01085,4,4,12,27,2019,False,0,furnished,4.05,False,True
13087,l01087,1,4,12,15,2010,False,0,semi-furnished,4.28,False,False
13088,l01088,2,4,6,16,2018,False,0,unfurnished,3.73,False,False
13090,l01090,3,3,7,38,2021,True,4,furnished,7.12,True,False
13091,l01091,3,1,1,12,2014,True,4,unfurnished,3.28,False,False
13092,l01092,1,4,16,40,2022,False,0,semi-furnished,7.7,True,False
13093,l01093,2,1,8,26,2014,False,0,semi-furnished,5.59,True,False
13095,l01095,1,4,18,35,2003,False,0,unfurnished,4.27,False,True
13098,l01098,5,3,17,39,2004,True,4,semi-furnished,2.34,False,False
13101,l01101,1,1,22,27,2020,True,3,semi-furnished,5.3,True,False
13102,l01102,1,4,17,32,2017,False,0,semi-furnished,0.87,False,True
13103,l01103,3,2,8,22,2012,True,3,semi-furnished,3.77,True,False
13104,l01104,4,3,24,26,2021,False,0,unfurnished,4.1,False,True
13105,l01105,5,1,17,37,2017,True,1,semi-furnished,7.46,False,True
13110,l01110,3,3,12,37,2000,False,0,semi-furnished,7.43,False,True
13111,l01111,4,4,9,13,2004,False,0,semi-furnished,7.17,False,True
13112,l01112,2,3,2,19,1996,True,1,unfurnished,2.66,False,False
13113,l01113,2,4,24,30,2013,False,0,unfurnished,7.49,False,False
13114,l01114,4,2,14,40,2012,True,4,unfurnished,3.08,True,True
13115,l01115,3,3,7,10,2021,True,3,semi-furnished,0.91,False,True
13116,l01116,1,3,4,28,2003,True,4,semi-furnished,2.64,True,True
13117,l01117,1,2,0,19,2006,True,4,unfurnished,4.67,True,False
13118,l01118,4,1,5,5,2016,True,3,furnished,2.05,True,True
13119,l01119,5,3,4,34,2016,True,3,semi-furnished,1.92,True,False
13121,l01121,3,1,11,40,2020,False,0,furnished,5.47,True,False
13122,l01122,2,4,5,26,2007,False,0,unfurnished,3.46,True,True
13123,l01123,4,4,12,22,2007,False,0,furnished,6.48,False,True
13124,l01124,2,4,8,12,2023,True,4,semi-furnished,7.52,True,False
13126,l01126,1,3,5,14,2021,True,1,furnished,7.27,False,False
13128,l01128,4,2,9,39,2021,False,0,semi-furnished,7.94,True,False
13129,l01129,3,2,3,21,1997,False,0,semi-furnished,4.97,True,False
13130,l01130,5,2,1,33,1998,True,4,semi-furnished,3.25,False,True
13131,l01131,2,4,7,27,2001,False,0,furnished,4.2,False,True
13132,l01132,1,1,13,25,2011,False,0,furnished,0.25,False,True
13133,l01133,4,3,1,17,2009,False,0,unfurnished,1.22,False,False
13134,l01134,5,4,18,21,2012,False,0,semi-furnished,3.71,False,True
13135,l01135,2,4,4,15,1999,True,2,unfurnished,4.59,False,False
13136,l01136,4,3,6,6,2015,True,0,furnished,6.28,True,True
13137,l01137,3,4,14,40,1996,True,0,semi-furnished,3.85,True,False
13138,l01138,5,2,10,29,2000,False,0,semi-furnished,3.62,True,False
13139,l01139,1,3,10,17,1999,False,0,unfurnished,5.95,True,True
13140,l01140,3,2,9,27,1998,False,0,unfurnished,2.87,True,True
13141,l01141,1,4,5,20,2014,True,4,semi-furnished,1.21,False,False
13142,l01142,1,1,0,14,2016,False,0,unfurnished,6.94,False,False
13143,l01143,3,3,11,24,2013,True,2,semi-furnished,5.75,False,True
13144,l01144,5,1,2,13,2000,False,0,furnished,3.92,True,False
13146,l01146,5,2,18,29,2012,False,0,semi-furnished,6.85,True,True
13148,l01148,2,4,3,30,2009,True,0,semi-furnished,1.0,False,False
13152,l01152,1,4,3,25,2020,True,3,unfurnished,5.92,False,True
13153,l01153,2,1,7,34,2008,False,0,unfurnished,0.47,False,False
13154,l01154,4,1,11,35,2018,False,0,semi-furnished,3.8,False,False
13157,l01157,2,1,15,16,2020,True,2,unfurnished,3.87,False,True
13158,l01158,4,4,22,33,2013,True,4,unfurnished,2.44,False,False
13159,l01159,3,3,7,38,2018,True,1,furnished,4.97,False,True
13161,l01161,1,3,0,18,2008,True,4,unfurnished,3.62,True,False
13162,l01162,3,4,19,37,1995,False,0,furnished,1.4,False,False
13163,l01163,3,3,15,34,2006,True,0,unfurnished,4.05,True,False
13164,l01164,3,2,7,21,2018,False,0,furnished,7.38,True,True
13166,l01166,1,4,1,38,2017,False,0,semi-furnished,3.55,False,True
13167,l01167,3,2,4,29,1999,False,0,unfurnished,2.74,True,False
13168,l01168,5,4,12,24,2002,False,0,furnished,1.84,False,True
13169,l01169,1,2,1,13,1999,False,0,furnished,3.82,False,False
13172,l01172,3,3,20,20,2002,True,0,semi-furnished,1.75,True,True
13173,l01173,3,4,12,36,2023,True,3,semi-furnished,1.2,True,True
13174,l01174,2,3,1,18,2008,False,0,semi-furnished,1.89,True,False
13175,l01175,5,3,9,32,2017,True,4,unfurnished,1.57,False,True
13177,l01177,3,4,12,38,2006,True,1,unfurnished,1.66,True,False
13178,l01178,5,3,1,11,2023,False,0,unfurnished,7.38,True,False
13180,l01180,3,1,10,36,2007,False,0,semi-furnished,0.64,True,True
13181,l01181,2,3,22,30,2019,True,1,unfurnished,1.91,True,False
13182,l01182,3,2,16,37,2012,False,0,semi-furnished,0.31,False,False
13184,l01184,4,1,8,26,2010,False,0,semi-furnished,1.97,False,True
13185,l01185,3,1,5,27,1998,False,0,furnished,7.39,False,True
13186,l01186,5,3,15,17,1996,False,0,unfurnished,2.04,True,True
13187,l01187,3,4,7,38,2018,False,0,unfurnished,6.84,True,True
13188,l01188,2,2,21,28,2003,False,0,semi-furnished,1.14,True,False
13189,l01189,5,1,22,23,2001,False,0,semi-furnished,5.59,False,True
13190,l01190,5,3,12,40,2011,False,0,furnished,0.8,False,True
13191,l01191,1,4,8,27,2010,True,4,furnished,0.55,False,False
13192,l01192,3,2,15,17,2000,True,4,unfurnished,4.14,False,False
13194,l01194,2,3,0,7,2020,False,0,semi-furnished,5.7,True,False
13195,l01195,3,3,10,12,1999,True,1,semi-furnished,7.75,False,False
13196,l01196,1,2,20,38,2001,False,0,semi-furnished,2.97,True,False
13198,l01198,4,3,7,35,1995,False,0,unfurnished,1.11,True,True
13199,l01199,3,2,19,34,2011,True,3,furnished,1.07,False,True
13200,l01200,1,2,4,36,2008,False,0,furnished,1.9,True,True
13201,l00001,4,4,15,24,2001,True,4,furnished,0.73,False,False
13202,l00002,2,2,17,19,1996,True,0,semi-furnished,6.34,True,False
13203,l00003,3,1,7,9,2022,False,0,semi-furnished,6.94,True,False
13204,l00004,3,1,17,17,2002,False,0,semi-furnished,0.71,False,True
13205,l00005,4,3,8,20,2016,False,0,semi-furnished,6.72,False,False
13206,l00006,4,3,3,10,2014,True,1,semi-furnished,2.26,False,False
13208,l00008,2,3,13,26,2020,False,0,semi-furnished,1.38,False,False
13209,l00009,5,1,9,12,2009,True,4,furnished,5.77,True,False
13210,l00010,4,1,14,37,1996,True,1,furnished,3.45,True,False
13211,l00011,5,4,24,35,2006,True,3,unfurnished,7.85,False,False
13212,l00012,5,3,7,27,2012,False,0,semi-furnished,0.86,False,False
13213,l00013,2,1,21,34,2000,True,0,unfurnished,5.12,False,False
13214,l00014,2,3,7,34,2005,False,0,furnished,5.77,False,True
13215,l00015,3,2,11,17,2010,True,0,semi-furnished,0.76,True,False
13217,l00017,2,2,10,28,2008,True,1,unfurnished,1.38,False,False
13218,l00018,5,2,24,39,2022,True,3,semi-furnished,5.77,False,False
13219,l00019,3,3,9,9,2009,True,2,unfurnished,7.89,True,True
13220,l00020,3,2,0,7,2015,True,2,unfurnished,1.58,True,True
13221,l00021,3,3,23,32,1998,True,3,unfurnished,1.35,True,True
13222,l00022,4,1,23,27,1997,False,0,furnished,2.24,True,False
13224,l00024,4,2,14,23,2018,False,0,unfurnished,2.93,False,True
13225,l00025,1,1,2,6,2000,True,1,furnished,6.65,False,False
13226,l00026,5,3,23,39,1998,True,3,furnished,5.47,False,False
13227,l00027,2,4,21,31,2011,False,0,semi-furnished,6.77,True,False
13229,l00029,2,1,2,12,2001,False,0,unfurnished,6.48,False,True
13230,l00030,1,2,5,14,2018,False,0,unfurnished,0.98,True,False
13231,l00031,2,4,20,27,1996,False,0,furnished,7.62,True,True
13232,l00032,3,4,11,21,2000,False,0,furnished,7.66,True,False
13233,l00033,4,1,16,16,2001,True,3,furnished,4.41,True,False
13234,l00034,1,2,2,23,2011,True,0,furnished,4.01,True,False
13235,l00035,4,1,6,28,2017,False,0,furnished,2.06,True,False
13236,l00036,3,3,14,21,2007,False,0,furnished,4.72,False,True
13238,l00038,4,4,7,34,2009,True,0,semi-furnished,6.26,False,False
13240,l00040,2,4,4,24,1997,False,0,semi-furnished,0.68,False,True
13242,l00042,5,3,6,40,2016,False,0,semi-furnished,3.42,False,True
13243,l00043,4,3,7,8,2001,False,0,furnished,7.32,True,True
13244,l00044,1,4,2,29,2007,False,0,semi-furnished,5.43,True,False
13245,l00045,4,4,5,30,2001,False,0,semi-furnished,2.58,False,False
13246,l00046,2,1,0,26,2009,False,0,unfurnished,6.01,False,True
13247,l00047,3,3,11,20,1996,True,3,semi-furnished,6.81,True,False
13248,l00048,1,2,18,30,2006,False,0,furnished,0.57,True,False
13249,l00049,3,4,12,19,2004,True,1,furnished,6.68,True,True
13250,l00050,1,1,17,31,2022,False,0,unfurnished,5.69,True,False
13251,l00051,5,3,14,31,2013,True,2,furnished,4.56,False,True
13253,l00053,3,3,8,29,2011,False,0,semi-furnished,7.3,False,False
13255,l00055,1,4,4,29,2017,False,0,unfurnished,5.99,True,True
13256,l00056,1,3,6,26,2019,True,2,semi-furnished,1.13,True,False
13257,l00057,4,3,9,20,2021,True,3,furnished,3.95,False,False
13259,l00059,3,2,17,29,2016,False,0,unfurnished,5.23,False,True
13260,l00060,4,3,4,19,1999,False,0,semi-furnished,6.87,False,True
13261,l00061,4,4,11,12,2016,True,2,semi-furnished,0.97,True,True
13263,l00063,1,3,9,27,2020,False,0,furnished,0.42,True,True
13264,l00064,3,4,6,10,2014,True,3,semi-furnished,7.47,False,True
13265,l00065,3,3,14,18,2021,True,0,semi-furnished,6.49,False,False
13266,l00066,5,4,2,21,2013,False,0,furnished,4.92,True,False
13268,l00068,2,2,8,32,2003,True,1,furnished,5.17,True,False
13269,l00069,5,1,23,35,2009,True,4,unfurnished,2.89,False,True
13270,l00070,4,2,25,36,1998,False,0,semi-furnished,7.95,False,True
13271,l00071,3,4,9,17,2000,True,2,semi-furnished,3.11,True,True
13272,l00072,5,1,10,21,1998,True,1,semi-furnished,5.89,True,False
13273,l00073,2,3,13,21,2001,True,4,semi-furnished,5.6,False,True
13274,l00074,4,2,1,6,2013,True,0,semi-furnished,3.46,False,True
13275,l00075,4,3,3,14,2002,True,1,unfurnished,4.83,True,False
13277,l00077,5,3,11,19,2011,False,0,unfurnished,2.05,False,False
13281,l00081,3,3,0,19,2000,False,0,unfurnished,6.95,False,True
13283,l00083,4,3,0,12,1996,True,1,unfurnished,2.4,False,False
13284,l00084,4,2,10,15,1995,True,4,furnished,5.33,False,True
13285,l00085,4,4,15,35,2015,True,4,furnished,4.51,False,True
13286,l00086,3,1,21,39,2009,False,0,unfurnished,0.86,False,False
13287,l00087,2,1,23,36,2021,False,0,semi-furnished,5.45,True,True
13288,l00088,1,4,10,16,2016,True,0,furnished,3.29,False,False
13289,l00089,1,4,0,29,2007,True,2,semi-furnished,7.49,False,True
13290,l00090,1,4,5,17,2001,False,0,unfurnished,7.52,True,True
13291,l00091,3,3,21,23,2019,False,0,semi-furnished,7.27,False,False
13292,l00092,5,4,10,39,2000,False,0,semi-furnished,7.31,True,False
13294,l00094,4,3,12,32,2022,True,1,semi-furnished,1.51,True,False
13295,l00095,2,2,9,33,2012,False,0,furnished,4.28,False,False
13296,l00096,1,4,3,8,2013,False,0,furnished,2.89,False,False
13297,l00097,2,3,22,39,2001,False,0,furnished,4.57,True,True
13298,l00098,4,3,22,40,2011,False,0,semi-furnished,4.93,True,True
13299,l00099,3,4,7,26,2003,False,0,unfurnished,6.8,True,True
13301,l00101,3,4,12,35,2019,True,1,unfurnished,5.44,False,True
13302,l00102,5,2,7,7,2021,False,0,unfurnished,5.14,True,True
13303,l00103,5,2,13,34,2003,False,0,unfurnished,0.26,True,False
13304,l00104,1,3,18,32,2014,False,0,furnished,3.32,True,True
13305,l00105,5,3,10,39,2014,True,1,unfurnished,5.35,False,False
13306,l00106,2,4,16,39,1995,False,0,unfurnished,0.77,True,True
13307,l00107,5,2,19,19,2007,True,1,unfurnished,3.31,False,False
13308,l00108,5,4,15,22,1997,False,0,semi-furnished,5.2,False,True
13309,l00109,4,4,7,33,2001,False,0,furnished,2.88,False,False
13310,l00110,2,2,2,31,2022,False,0,unfurnished,1.97,True,False
13311,l00111,3,2,12,28,1999,True,3,semi-furnished,7.58,False,True
13312,l00112,2,4,4,17,2007,True,3,semi-furnished,7.88,True,True
13314,l00114,4,3,7,13,2015,False,0,semi-furnished,2.28,False,False
13315,l00115,3,4,19,28,1997,False,0,unfurnished,3.65,False,True
13316,l00116,5,3,15,36,2005,True,4,furnished,1.57,False,True
13317,l00117,1,3,3,33,2022,True,1,unfurnished,5.16,True,False
13318,l00118,1,3,11,15,2010,False,0,furnished,5.56,True,True
13319,l00119,1,1,12,15,2003,False,0,furnished,6.24,False,True
13320,l00120,2,4,5,20,2002,False,0,furnished,0.97,True,True
13324,l00124,1,4,3,35,2016,False,0,semi-furnished,5.28,True,True
13325,l00125,4,3,2,17,2002,True,2,semi-furnished,6.74,True,True
13326,l00126,2,1,4,15,2019,True,4,unfurnished,0.74,True,False
13327,l00127,1,4,3,40,2003,False,0,unfurnished,6.85,True,True
13328,l00128,2,4,7,21,2015,False,0,furnished,0.92,False,True
13329,l00129,2,1,6,31,2005,False,0,unfurnished,2.37,False,False
13330,l00130,3,2,1,20,2003,True,1,semi-furnished,7.87,True,True
13331,l00131,1,1,21,38,2014,False,0,semi-furnished,7.14,False,True
13332,l00132,4,4,25,27,2009,False,0,semi-furnished,6.76,True,True
13334,l00134,1,1,4,13,1995,False,0,furnished,2.66,True,True
13335,l00135,2,4,23,30,2012,False,0,unfurnished,1.74,True,False
13336,l00136,4,3,14,27,2003,True,4,unfurnished,7.26,False,False
13337,l00137,3,1,10,12,2001,True,0,unfurnished,4.94,True,True
13338,l00138,3,4,15,25,2015,False,0,semi-furnished,4.51,False,False
13342,l00142,5,4,22,39,1999,False,0,unfurnished,7.73,False,True
13343,l00143,5,3,19,30,2014,True,0,furnished,1.54,False,False
13344,l00144,3,3,17,31,2001,False,0,semi-furnished,3.34,False,True
13345,l00145,4,2,9,33,2003,True,0,unfurnished,2.69,True,False
13346,l00146,5,3,24,39,1997,False,0,semi-furnished,7.5,False,False
13347,l00147,1,2,25,29,2015,True,4,furnished,7.36,True,True
13348,l00148,4,3,6,23,1996,False,0,furnished,2.21,True,False
13349,l00149,4,3,5,12,2010,True,4,semi-furnished,1.36,False,True
13350,l00150,3,4,3,26,2007,True,3,unfurnished,2.44,True,False
13351,l00151,1,2,17,21,2018,True,1,furnished,6.93,False,True
13352,l00152,1,4,19,30,1995,True,4,furnished,1.75,True,False
13355,l00155,5,2,3,10,2003,True,1,semi-furnished,6.94,True,True
13356,l00156,3,3,22,30,2007,True,0,unfurnished,4.7,False,True
13357,l00157,2,1,0,24,1997,True,3,semi-furnished,5.54,True,True
13359,l00159,4,3,19,35,2018,True,4,semi-furnished,2.78,False,True
13361,l00161,2,4,3,37,2022,False,0,semi-furnished,7.01,True,True
13363,l00163,4,1,1,16,2006,True,1,unfurnished,5.06,False,True
13364,l00164,5,1,18,37,1999,False,0,semi-furnished,4.67,False,False
13366,l00166,2,3,20,22,1997,True,3,semi-furnished,6.13,True,False
13367,l00167,1,3,18,34,2009,True,1,furnished,6.86,True,True
13368,l00168,2,2,8,38,2016,False,0,furnished,6.52,False,True
13369,l00169,3,2,16,31,2006,True,2,furnished,2.09,True,False
13370,l00170,3,3,0,20,2010,False,0,furnished,6.0,False,True
13371,l00171,4,1,0,9,2006,False,0,semi-furnished,7.83,False,True
13372,l00172,1,1,19,33,2021,True,2,unfurnished,1.14,True,True
13373,l00173,2,3,3,31,2011,False,0,semi-furnished,7.16,False,True
13375,l00175,1,3,25,40,2011,False,0,semi-furnished,2.64,True,False
13376,l00176,4,4,8,12,2017,True,0,furnished,5.1,False,True
13378,l00178,4,4,13,24,2003,True,4,furnished,4.15,True,True
13379,l00179,5,2,8,28,2012,False,0,semi-furnished,4.24,True,False
13380,l00180,2,1,2,20,1999,False,0,furnished,0.48,True,True
13381,l00181,5,4,16,33,2003,False,0,furnished,5.36,True,True
13382,l00182,4,4,3,6,2005,True,2,furnished,1.94,True,False
13383,l00183,2,1,19,30,2009,False,0,unfurnished,1.65,False,True
13384,l00184,5,2,17,33,2019,True,0,semi-furnished,0.56,True,True
13385,l00185,2,1,25,25,1998,False,0,unfurnished,7.49,True,True
13386,l00186,4,1,6,25,2013,False,0,semi-furnished,2.15,True,False
13389,l00189,1,3,5,15,2014,False,0,semi-furnished,1.74,False,False
13390,l00190,3,4,4,39,1999,True,1,semi-furnished,5.51,False,True
13391,l00191,5,3,0,18,2009,True,4,unfurnished,1.84,True,True
13392,l00192,3,4,9,36,2017,True,4,unfurnished,6.9,True,False
13393,l00193,1,2,1,28,2013,False,0,furnished,3.54,True,True
13394,l00194,5,1,16,23,2018,True,3,unfurnished,1.81,False,True
13395,l00195,1,1,4,32,2013,False,0,furnished,1.82,False,True
13396,l00196,3,1,8,28,1998,True,0,semi-furnished,2.03,True,True
13398,l00198,1,2,11,23,2004,False,0,semi-furnished,0.26,False,False
13399,l00199,2,2,3,27,2006,False,0,unfurnished,7.73,False,False
13401,l00201,5,1,7,26,1995,False,0,furnished,3.44,False,True
13403,l00203,4,2,2,20,2013,True,0,semi-furnished,5.94,True,True
13404,l00204,4,1,4,11,2010,True,4,semi-furnished,3.84,True,True
13405,l00205,1,2,6,6,1995,False,0,furnished,6.97,True,False
13406,l00206,2,3,5,36,2002,False,0,unfurnished,0.73,True,False
13407,l00207,2,2,1,29,2014,False,0,unfurnished,4.43,False,True
13408,l00208,4,4,10,22,2003,False,0,unfurnished,2.4,True,True
13409,l00209,5,3,9,27,2019,True,4,semi-furnished,1.61,False,True
13410,l00210,2,2,11,36,2016,True,3,unfurnished,1.18,False,False
13411,l00211,1,1,15,20,2022,True,2,furnished,6.52,False,True
13412,l00212,5,4,3,14,2010,True,4,semi-furnished,7.73,False,True
13413,l00213,1,4,2,25,2018,True,3,semi-furnished,5.75,False,False
13414,l00214,4,2,21,40,2011,True,0,furnished,3.81,False,False
13415,l00215,3,1,0,39,2018,True,0,unfurnished,2.54,True,True
13418,l00218,2,1,11,39,1996,True,3,furnished,2.11,True,False
13419,l00219,2,2,21,33,1998,True,0,unfurnished,2.63,True,False
13423,l00223,2,3,13,40,2022,False,0,furnished,1.98,False,True
13424,l00224,2,1,5,30,2005,True,0,unfurnished,6.71,True,False
13426,l00226,2,4,14,17,1995,False,0,semi-furnished,5.72,False,False
13427,l00227,2,1,21,24,2014,False,0,furnished,6.83,False,True
13428,l00228,3,2,16,23,2006,False,0,furnished,0.46,False,True
13429,l00229,2,3,25,37,1997,True,4,furnished,6.41,True,True
13430,l00230,3,2,11,40,1996,False,0,furnished,7.66,True,False
13431,l00231,4,4,0,21,2002,False,0,furnished,4.91,True,False
13432,l00232,1,4,10,38,2005,False,0,unfurnished,1.69,True,True
13434,l00234,1,2,21,25,2005,False,0,furnished,5.54,True,True
13435,l00235,4,1,1,28,2002,True,2,unfurnished,0.31,True,True
13436,l00236,2,2,8,13,2011,True,0,furnished,1.27,False,True
13437,l00237,3,4,12,25,2019,True,2,unfurnished,0.29,True,False
13439,l00239,2,3,16,17,1999,False,0,semi-furnished,4.81,False,True
13440,l00240,1,4,8,34,1996,False,0,unfurnished,2.87,True,False
13441,l00241,3,4,13,21,2004,False,0,furnished,6.78,False,False
13443,l00243,2,4,15,33,2004,True,0,unfurnished,0.29,False,False
13445,l00245,3,3,4,5,2010,False,0,unfurnished,5.1,False,True
13446,l00246,2,1,23,29,2019,False,0,unfurnished,1.99,False,False
13447,l00247,1,3,10,13,2015,False,0,unfurnished,3.3,False,False
13448,l00248,3,4,3,19,2021,False,0,semi-furnished,7.15,False,False
13449,l00249,1,3,5,20,2010,False,0,semi-furnished,5.77,True,True
13450,l00250,2,1,2,26,2000,True,0,unfurnished,3.11,True,False
13451,l00251,4,3,1,28,2009,True,1,furnished,0.94,False,False
13452,l00252,2,4,2,11,2000,True,2,unfurnished,3.66,False,True
13453,l00253,4,4,2,20,2012,True,2,semi-furnished,3.44,False,False
13454,l00254,5,2,4,29,2002,False,0,unfurnished,1.45,True,False
13455,l00255,4,1,7,23,2019,False,0,unfurnished,5.05,False,True
13456,l00256,5,4,7,24,2005,False,0,unfurnished,3.73,False,True
13457,l00257,3,1,19,20,2020,True,2,unfurnished,5.07,True,True
13458,l00258,1,1,3,10,2012,False,0,furnished,1.18,True,False
13459,l00259,1,3,3,18,2004,False,0,furnished,3.63,True,True
13460,l00260,3,4,8,15,2013,True,2,furnished,1.18,True,False
13461,l00261,5,2,13,13,1997,True,4,semi-furnished,6.71,True,False
13462,l00262,2,3,15,27,2006,True,3,semi-furnished,6.78,True,False
13463,l00263,3,4,16,26,2012,False,0,furnished,6.73,True,False
13464,l00264,2,3,4,21,2001,False,0,unfurnished,0.84,True,True
13465,l00265,5,2,1,29,2019,True,2,furnished,4.12,False,False
13467,l00267,4,4,6,24,2006,False,0,unfurnished,1.82,False,False
13468,l00268,1,1,6,38,2019,False,0,semi-furnished,7.41,True,True
13469,l00269,1,3,20,29,1997,False,0,semi-furnished,0.48,True,False
13470,l00270,4,1,25,31,2015,False,0,furnished,5.55,True,False
13472,l00272,4,4,14,26,1999,True,2,furnished,5.83,True,False
13474,l00274,4,1,3,5,2006,False,0,unfurnished,5.92,False,False
13475,l00275,1,4,1,31,2003,True,0,unfurnished,7.65,True,True
13478,l00278,4,1,21,27,2023,True,2,unfurnished,7.96,False,True
13479,l00279,5,4,23,27,2001,True,4,semi-furnished,2.74,True,False
13482,l00282,4,3,23,34,1995,True,2,furnished,2.48,True,True
13484,l00284,4,3,7,20,2013,True,2,unfurnished,2.89,False,False
13485,l00285,2,4,14,28,2007,False,0,unfurnished,4.79,True,True
13486,l00286,4,4,1,17,2018,True,0,unfurnished,0.77,True,False
13488,l00288,1,4,6,29,2019,True,2,unfurnished,1.0,False,True
13492,l00292,1,1,10,24,2006,False,0,semi-furnished,0.47,True,True
13493,l00293,5,1,2,8,2008,True,2,unfurnished,3.46,False,True
13494,l00294,4,2,6,8,2011,True,0,semi-furnished,5.93,False,True
13495,l00295,4,4,13,31,2001,False,0,semi-furnished,7.02,True,True
13496,l00296,2,3,1,15,2023,True,4,unfurnished,1.96,False,True
13498,l00298,4,4,0,30,2006,True,1,semi-furnished,5.0,True,False
13499,l00299,4,4,17,27,2022,True,1,unfurnished,5.43,False,True
13500,l00300,5,3,1,5,2000,True,2,furnished,3.92,False,False
13501,l00301,5,4,23,23,2012,True,0,unfurnished,4.82,True,False
13503,l00303,1,2,0,16,2000,False,0,unfurnished,3.37,True,False
13505,l00305,1,2,6,29,2011,False,0,semi-furnished,4.01,False,False
13506,l00306,4,2,13,21,2017,True,3,unfurnished,0.9,False,True
13507,l00307,2,4,2,5,2007,False,0,unfurnished,4.54,False,False
13508,l00308,2,2,23,35,1999,True,0,furnished,1.96,False,True
13509,l00309,1,1,5,26,2018,True,3,unfurnished,7.66,True,False
13510,l00310,2,1,2,35,2003,True,0,furnished,4.22,True,False
13511,l00311,4,2,19,30,2013,True,0,unfurnished,3.34,False,False
13512,l00312,2,2,10,14,2008,True,2,semi-furnished,6.08,False,False
13513,l00313,1,3,9,36,2003,False,0,furnished,4.98,False,False
13514,l00314,2,4,21,29,2015,False,0,furnished,3.4,False,True
13515,l00315,5,2,6,29,2015,False,0,furnished,0.26,True,True
13517,l00317,4,4,21,40,2001,False,0,semi-furnished,0.47,True,True
13519,l00319,1,2,14,39,2017,False,0,semi-furnished,3.75,True,False
13520,l00320,4,4,11,16,2004,False,0,furnished,3.97,True,True
13525,l00325,5,1,16,27,2022,True,4,furnished,0.5,False,True
13526,l00326,1,3,2,28,2018,False,0,furnished,4.21,True,True
13527,l00327,5,2,20,37,2017,False,0,semi-furnished,2.97,True,False
13528,l00328,1,4,3,12,2022,False,0,unfurnished,1.98,False,False
13530,l00330,3,4,21,27,2010,False,0,furnished,7.41,False,True
13531,l00331,4,2,18,22,2007,False,0,semi-furnished,2.4,False,False
13533,l00333,4,1,0,34,1996,True,0,furnished,5.21,True,False
13534,l00334,4,2,9,38,2001,False,0,unfurnished,3.11,True,True
13535,l00335,5,2,8,34,2019,True,0,unfurnished,0.47,False,False
13536,l00336,5,1,17,22,2014,False,0,semi-furnished,7.6,False,True
13537,l00337,5,2,9,19,2021,False,0,unfurnished,1.65,False,False
13538,l00338,4,2,5,40,1997,False,0,unfurnished,6.64,False,False
13539,l00339,3,2,5,37,2007,True,1,semi-furnished,1.32,False,False
13541,l00341,3,4,2,11,2009,True,0,unfurnished,4.39,False,True
13542,l00342,1,2,3,38,2007,False,0,semi-furnished,0.24,False,False
13543,l00343,4,3,2,8,1996,False,0,semi-furnished,0.69,False,True
13544,l00344,1,2,0,15,1999,False,0,furnished,4.93,False,False
13545,l00345,2,1,24,40,2013,False,0,unfurnished,5.14,True,True
13547,l00347,5,3,11,24,2022,True,1,furnished,2.68,True,True
13548,l00348,4,4,10,27,2018,False,0,furnished,7.97,False,False
13550,l00350,1,3,11,28,1996,False,0,furnished,3.16,True,False
13551,l00351,3,4,11,36,2009,False,0,furnished,5.71,False,True
13552,l00352,1,4,5,7,2007,False,0,furnished,2.06,False,True
13553,l00353,3,4,1,25,2000,False,0,unfurnished,6.84,True,False
13554,l00354,2,4,2,6,2009,False,0,furnished,6.97,True,False
13556,l00356,1,2,20,29,2005,False,0,semi-furnished,1.67,True,False
13557,l00357,3,1,9,18,2013,False,0,unfurnished,4.23,True,False
13559,l00359,1,1,14,22,2002,False,0,semi-furnished,7.48,False,False
13562,l00362,2,3,14,22,2012,False,0,semi-furnished,4.2,False,True
13563,l00363,4,2,7,29,2001,False,0,unfurnished,4.04,True,False
13565,l00365,5,4,12,18,2020,True,3,semi-furnished,2.14,True,False
13566,l00366,3,2,21,31,1996,False,0,unfurnished,2.82,False,True
13567,l00367,1,4,2,20,2004,False,0,furnished,7.97,False,True
13569,l00369,5,4,8,16,2022,True,0,furnished,4.61,True,False
13570,l00370,4,1,5,10,2010,True,3,furnished,2.21,False,True
13571,l00371,2,3,14,34,2007,True,1,semi-furnished,5.69,True,False
13572,l00372,4,1,1,7,2014,False,0,unfurnished,7.36,False,True
13573,l00373,5,2,11,32,2020,True,1,furnished,3.53,False,True
13574,l00374,1,2,19,38,1997,True,4,semi-furnished,6.53,True,False
13575,l00375,1,2,18,21,2018,True,4,furnished,3.05,False,True
13578,l00378,5,2,6,15,2023,True,0,unfurnished,5.35,True,False
13579,l00379,1,1,6,17,1997,True,3,furnished,1.1,False,True
13580,l00380,4,2,1,32,2021,False,0,furnished,4.81,True,True
13583,l00383,1,4,2,26,2022,True,1,furnished,2.04,True,False
13585,l00385,5,3,5,21,2019,False,0,furnished,1.03,True,False
13586,l00386,2,3,12,40,2009,False,0,furnished,7.2,True,True
13588,l00388,2,3,10,14,2022,True,3,semi-furnished,6.73,True,False
13589,l00389,4,2,6,29,2011,True,2,unfurnished,2.49,False,False
13590,l00390,5,1,6,12,2013,True,2,unfurnished,3.45,False,True
13591,l00391,3,1,3,29,1996,True,4,semi-furnished,0.65,False,True
13592,l00392,2,2,25,31,2015,True,3,semi-furnished,5.55,False,False
13593,l00393,2,4,5,29,2016,False,0,semi-furnished,1.85,True,False
13595,l00395,1,1,11,38,2008,True,2,furnished,0.42,False,False
13596,l00396,5,2,12,28,2003,False,0,semi-furnished,0.8,False,True
13597,l00397,3,2,2,23,2019,True,4,semi-furnished,1.21,True,True
13598,l00398,4,2,13,39,2009,False,0,semi-furnished,4.76,False,False
13599,l00399,2,4,8,25,2013,False,0,unfurnished,4.53,False,False
13600,l00400,3,4,17,25,2005,True,4,furnished,2.64,True,False
13602,l00402,2,2,21,39,2019,False,0,semi-furnished,0.43,False,False
13604,l00404,5,2,3,30,1999,True,1,unfurnished,4.17,True,True
13606,l00406,5,2,17,37,2003,False,0,furnished,0.39,False,False
13607,l00407,2,1,3,17,2001,True,2,semi-furnished,4.72,False,True
13608,l00408,4,2,7,9,2010,False,0,unfurnished,6.33,True,False
13609,l00409,1,1,10,21,2009,True,2,furnished,5.01,True,False
13610,l00410,2,2,2,13,2023,True,2,semi-furnished,4.45,True,False
13611,l00411,1,1,16,35,2020,False,0,furnished,4.67,False,False
13612,l00412,1,2,22,33,2016,False,0,furnished,1.89,False,True
13613,l00413,4,3,4,31,2020,False,0,furnished,4.98,True,True
13614,l00414,3,3,10,25,2011,False,0,semi-furnished,5.28,True,False
13615,l00415,3,3,23,40,2008,True,4,furnished,2.55,True,True
13616,l00416,4,4,24,38,2019,False,0,furnished,0.62,True,False
13618,l00418,2,3,15,26,2007,True,4,unfurnished,0.76,True,False
13620,l00420,5,1,9,20,2001,False,0,unfurnished,1.11,True,False
13621,l00421,3,2,4,6,1995,True,0,unfurnished,6.81,False,True
13622,l00422,3,4,18,33,2014,True,3,semi-furnished,2.16,False,True
13623,l00423,2,1,7,24,2019,False,0,unfurnished,6.96,False,False
13624,l00424,1,4,10,10,2012,True,4,unfurnished,1.38,False,False
13625,l00425,2,2,2,15,2005,False,0,semi-furnished,7.85,True,True
13627,l00427,4,1,7,33,2015,True,0,unfurnished,6.83,False,False
13628,l00428,4,4,20,35,2012,True,4,furnished,6.71,True,False
13630,l00430,2,2,9,18,2012,False,0,semi-furnished,5.78,False,True
13631,l00431,5,4,2,5,2001,True,3,unfurnished,5.21,False,False
13632,l00432,3,4,15,23,2021,True,1,furnished,5.33,False,True
13633,l00433,2,3,20,39,2021,True,4,unfurnished,0.49,False,True
13634,l00434,5,1,9,39,2022,True,2,furnished,7.14,True,False
13635,l00435,5,2,7,11,2017,False,0,semi-furnished,5.7,True,False
13636,l00436,5,1,7,34,2022,True,4,furnished,1.81,False,True
13637,l00437,2,3,14,34,2014,True,4,furnished,6.6,False,True
13638,l00438,2,4,3,12,2003,False,0,unfurnished,2.75,False,True
13639,l00439,5,2,13,30,2005,False,0,furnished,7.21,False,False
13640,l00440,1,4,0,21,1995,False,0,semi-furnished,4.33,True,False
13641,l00441,3,4,13,35,2011,False,0,unfurnished,5.62,False,True
13642,l00442,2,1,24,30,2003,False,0,semi-furnished,0.46,True,False
13643,l00443,5,1,0,30,2007,False,0,unfurnished,0.23,True,False
13647,l00447,4,2,2,10,2021,True,4,furnished,7.19,True,False
13649,l00449,2,3,9,34,2004,True,2,semi-furnished,2.87,False,False
13650,l00450,5,3,7,34,1999,True,0,unfurnished,4.57,True,False
13651,l00451,4,2,9,39,1998,False,0,semi-furnished,0.88,True,False
13652,l00452,2,2,1,40,1999,False,0,unfurnished,1.64,True,False
13653,l00453,3,4,2,19,2008,False,0,furnished,7.71,True,False
13654,l00454,1,3,5,24,2020,False,0,unfurnished,4.16,True,True
13656,l00456,2,1,11,29,2002,False,0,furnished,7.63,True,False
13657,l00457,3,1,14,30,2017,True,3,unfurnished,5.04,True,True
13658,l00458,2,2,17,36,2009,False,0,unfurnished,5.65,True,False
13660,l00460,5,4,17,31,2016,True,1,furnished,2.05,False,False
13662,l00462,1,1,23,25,1999,False,0,semi-furnished,2.94,False,True
13664,l00464,1,2,24,27,2020,True,2,furnished,0.87,False,True
13665,l00465,4,3,18,36,2023,True,4,semi-furnished,1.17,False,False
13666,l00466,2,1,6,13,2008,False,0,furnished,1.11,True,False
13667,l00467,3,2,6,33,2004,False,0,semi-furnished,7.09,True,True
13668,l00468,1,3,22,24,2016,True,1,semi-furnished,0.59,True,True
13669,l00469,3,1,17,24,2013,True,4,furnished,2.23,False,True
13670,l00470,4,4,4,7,2021,False,0,semi-furnished,0.57,False,False
13671,l00471,1,1,24,39,2015,False,0,furnished,7.33,True,False
13672,l00472,3,4,21,36,2003,False,0,furnished,1.11,False,False
13673,l00473,1,2,2,23,2009,False,0,furnished,5.12,False,False
13674,l00474,2,2,2,34,2019,False,0,furnished,7.35,False,False
13676,l00476,3,4,6,12,2008,True,3,furnished,6.39,False,True
13677,l00477,2,4,18,39,2014,False,0,furnished,6.7,True,False
13678,l00478,5,1,1,20,2022,True,1,furnished,3.59,True,False
13679,l00479,2,2,24,32,2016,True,4,furnished,4.19,True,True
13680,l00480,3,4,10,26,2017,False,0,furnished,6.98,True,True
13682,l00482,5,2,9,28,2000,False,0,furnished,2.93,True,False
13684,l00484,5,2,11,32,2020,False,0,semi-furnished,1.53,False,False
13685,l00485,1,2,1,20,2015,True,2,semi-furnished,1.17,True,False
13686,l00486,5,1,4,31,2008,True,4,unfurnished,1.57,False,True
13688,l00488,1,3,14,37,2023,True,2,furnished,4.43,False,False
13690,l00490,3,2,10,27,2011,False,0,semi-furnished,1.03,False,True
13691,l00491,4,4,11,13,2010,True,0,unfurnished,3.28,True,False
13692,l00492,5,4,11,40,2016,True,1,unfurnished,1.27,False,True
13694,l00494,4,1,4,10,2023,True,3,semi-furnished,3.6,False,True
13696,l00496,4,4,12,25,2022,False,0,semi-furnished,7.47,False,True
13697,l00497,5,1,8,37,1995,True,3,unfurnished,6.04,True,False
13699,l00499,1,1,11,17,2012,False,0,furnished,2.17,True,False
13701,l00501,2,2,4,16,2011,True,3,unfurnished,3.9,False,True
13703,l00503,1,3,7,15,2017,True,4,semi-furnished,5.27,True,True
13704,l00504,1,1,12,36,2022,False,0,semi-furnished,4.52,True,True
13705,l00505,5,1,5,13,2007,False,0,furnished,5.05,False,True
13706,l00506,3,3,13,32,2008,True,2,furnished,6.78,False,False
13708,l00508,5,4,1,27,1997,False,0,semi-furnished,3.76,False,True
13709,l00509,4,4,5,32,2020,True,1,unfurnished,2.99,True,True
13711,l00511,5,3,19,30,1995,False,0,furnished,0.65,False,False
13712,l00512,5,4,9,38,1997,False,0,unfurnished,6.98,False,True
13713,l00513,1,3,12,16,2005,True,3,furnished,3.44,False,False
13714,l00514,4,2,2,6,2004,False,0,furnished,7.84,False,True
13715,l00515,4,1,9,31,2010,True,4,semi-furnished,4.33,True,True
13717,l00517,3,2,24,30,2001,False,0,furnished,7.38,True,False
13718,l00518,2,3,8,26,2007,True,4,unfurnished,3.53,True,False
13719,l00519,4,4,11,17,2008,False,0,furnished,3.58,True,True
13720,l00520,1,3,25,39,2023,True,1,furnished,6.86,False,False
13721,l00521,2,1,10,17,1997,True,2,unfurnished,2.04,True,False
13723,l00523,5,1,11,13,1997,True,4,furnished,6.33,True,False
13725,l00525,3,2,9,28,2014,False,0,semi-furnished,5.47,False,False
13726,l00526,1,4,6,35,2019,True,2,semi-furnished,4.02,True,True
13728,l00528,3,2,12,22,1995,False,0,unfurnished,6.34,False,True
13729,l00529,5,2,4,31,2016,False,0,furnished,7.93,False,True
13730,l00530,5,1,18,33,2022,True,1,unfurnished,6.92,False,False
13731,l00531,3,3,6,18,1999,False,0,furnished,7.23,True,False
13732,l00532,3,1,22,40,1996,False,0,semi-furnished,3.49,True,False
13733,l00533,1,3,8,27,2017,False,0,unfurnished,3.75,False,False
13735,l00535,3,3,8,12,2001,False,0,semi-furnished,3.11,True,False
13737,l00537,4,1,21,28,2000,True,2,semi-furnished,4.09,True,True
13739,l00539,2,3,23,28,2008,False,0,furnished,6.88,True,True
13740,l00540,3,4,8,9,1999,True,3,unfurnished,6.93,False,True
13741,l00541,3,4,15,19,2002,True,1,furnished,6.74,True,False
13743,l00543,3,1,8,28,2021,True,1,unfurnished,5.21,True,False
13744,l00544,5,1,5,17,2010,False,0,furnished,7.6,True,False
13746,l00546,4,1,8,30,1999,False,0,semi-furnished,3.1,True,False
13747,l00547,2,4,0,29,2012,True,1,unfurnished,0.35,False,False
13748,l00548,2,1,12,31,2019,True,0,furnished,6.57,True,True
13749,l00549,4,3,20,35,2002,False,0,semi-furnished,5.42,True,True
13751,l00551,1,1,18,33,2014,True,4,semi-furnished,1.19,False,True
13752,l00552,5,1,14,27,2019,False,0,unfurnished,5.66,True,True
13753,l00553,1,2,9,22,2016,True,2,unfurnished,1.99,False,True
13754,l00554,2,2,1,22,2022,False,0,semi-furnished,3.53,True,True
13755,l00555,1,4,5,10,2012,True,2,semi-furnished,6.84,False,True
13756,l00556,4,2,24,34,2002,False,0,semi-furnished,5.5,False,True
13757,l00557,3,2,4,12,2004,True,2,unfurnished,3.75,True,True
13758,l00558,5,1,7,36,2005,False,0,unfurnished,0.43,True,True
13760,l00560,2,4,7,39,2015,False,0,furnished,5.46,True,True
13761,l00561,4,3,5,13,2013,False,0,semi-furnished,6.79,False,True
13762,l00562,1,2,10,25,2020,False,0,furnished,0.57,True,True
13763,l00563,1,2,7,14,2004,True,1,furnished,0.42,True,False
13764,l00564,5,2,22,23,2006,True,2,semi-furnished,7.97,False,False
13765,l00565,2,3,9,28,2023,False,0,semi-furnished,2.22,False,False
13766,l00566,1,2,2,21,2017,False,0,furnished,7.44,True,True
13767,l00567,1,1,10,18,1996,False,0,furnished,4.38,False,False
13768,l00568,3,2,19,21,2016,True,4,unfurnished,5.27,False,False
13770,l00570,1,1,11,38,1996,True,0,furnished,3.01,True,False
13772,l00572,1,4,24,40,2002,True,2,semi-furnished,7.15,True,True
13773,l00573,4,1,17,26,2016,True,3,furnished,7.42,True,False
13775,l00575,5,1,23,40,2003,True,1,semi-furnished,1.82,False,False
13776,l00576,4,4,11,17,2018,False,0,semi-furnished,2.47,True,True
13777,l00577,4,1,3,28,2015,False,0,semi-furnished,4.89,True,False
13779,l00579,1,1,11,19,2019,True,0,semi-furnished,1.4,True,False
13781,l00581,4,3,18,36,1998,True,4,semi-furnished,6.28,True,False
13782,l00582,3,4,5,25,2012,True,2,furnished,7.26,False,True
13784,l00584,5,3,2,28,2018,False,0,semi-furnished,2.39,True,True
13785,l00585,5,3,7,36,2016,False,0,unfurnished,4.84,True,False
13786,l00586,1,4,14,14,2014,True,3,furnished,4.1,False,True
13788,l00588,5,2,5,27,2013,False,0,furnished,0.68,False,True
13789,l00589,2,1,17,29,2007,False,0,unfurnished,5.38,True,False
13791,l00591,5,3,2,28,2011,False,0,furnished,1.16,True,False
13792,l00592,4,1,9,28,2008,False,0,unfurnished,3.78,False,True
13793,l00593,1,3,20,23,2002,False,0,furnished,3.63,False,True
13796,l00596,2,1,15,37,2013,False,0,semi-furnished,7.17,True,False
13797,l00597,2,4,9,27,2009,True,1,semi-furnished,3.02,False,False
13799,l00599,5,2,11,20,2001,True,1,semi-furnished,8.0,True,True
13800,l00600,2,1,3,15,2007,False,0,furnished,7.6,True,True
13801,l00601,2,3,5,25,2018,False,0,unfurnished,3.08,True,False
13802,l00602,1,2,13,36,2019,True,2,furnished,6.15,True,False
13803,l00603,4,4,4,21,2008,True,3,unfurnished,3.89,True,True
13804,l00604,1,2,9,13,1998,True,1,furnished,4.61,False,False
13805,l00605,5,1,5,33,2009,False,0,unfurnished,5.92,True,False
13809,l00609,1,1,6,26,2021,True,0,semi-furnished,5.77,False,True
13811,l00611,3,4,16,24,2018,False,0,unfurnished,2.7,True,False
13812,l00612,4,2,10,22,2022,False,0,semi-furnished,5.31,True,False
13813,l00613,1,1,14,30,1999,False,0,furnished,5.44,True,False
13814,l00614,2,3,25,40,2015,False,0,semi-furnished,4.88,False,False
13816,l00616,3,3,5,36,2009,True,1,unfurnished,2.59,True,False
13817,l00617,2,2,11,11,2011,False,0,unfurnished,6.79,True,False
13819,l00619,4,1,0,10,2019,True,4,unfurnished,7.52,True,False
13822,l00622,3,2,8,27,2019,False,0,unfurnished,6.33,False,True
13823,l00623,5,1,1,37,2011,False,0,semi-furnished,0.5,False,True
13825,l00625,2,2,24,40,2022,False,0,furnished,6.84,False,True
13826,l00626,5,4,10,14,2010,True,3,semi-furnished,0.77,False,True
13827,l00627,3,3,0,10,2011,True,3,semi-furnished,4.03,True,False
13828,l00628,3,4,0,40,2004,True,4,unfurnished,3.62,False,False
13830,l00630,4,4,0,8,2005,True,4,semi-furnished,2.94,True,True
13831,l00631,1,2,9,23,2020,False,0,unfurnished,3.6,True,False
13832,l00632,4,1,8,31,2009,False,0,furnished,5.97,False,True
13833,l00633,2,2,12,34,2011,False,0,furnished,2.78,True,True
13835,l00635,1,2,1,40,2013,False,0,furnished,0.69,True,True
13836,l00636,1,1,5,22,2000,False,0,furnished,2.57,True,False
13838,l00638,2,2,7,16,2011,True,4,furnished,2.1,True,False
13839,l00639,1,2,18,18,2001,True,3,furnished,7.0,False,True
13840,l00640,1,3,2,10,2009,False,0,unfurnished,4.45,True,False
13841,l00641,5,3,1,33,2003,True,0,furnished,4.12,False,True
13842,l00642,3,2,16,22,2016,False,0,unfurnished,7.09,True,False
13843,l00643,1,1,17,18,2008,False,0,furnished,7.01,False,False
13844,l00644,4,4,7,17,1999,True,2,unfurnished,3.44,True,True
13845,l00645,1,2,15,16,1997,False,0,furnished,0.24,False,False
13846,l00646,2,3,6,33,2015,False,0,semi-furnished,6.64,True,False
13847,l00647,2,4,22,31,2005,False,0,furnished,5.85,True,True
13848,l00648,3,2,5,14,2002,True,1,semi-furnished,4.57,False,True
13849,l00649,3,3,6,32,2018,False,0,semi-furnished,5.8,False,False
13850,l00650,4,4,14,38,2020,False,0,unfurnished,5.72,False,False
13851,l00651,4,4,20,30,2001,True,1,furnished,0.37,True,True
13852,l00652,2,1,4,7,2011,True,0,semi-furnished,7.61,False,False
13853,l00653,4,4,14,27,2018,True,2,furnished,3.47,True,True
13854,l00654,2,1,1,22,2015,False,0,unfurnished,2.52,False,False
13856,l00656,2,4,3,16,2016,True,3,semi-furnished,2.97,False,False
13858,l00658,3,1,11,27,2014,False,0,furnished,7.68,False,False
13859,l00659,4,3,6,26,2005,True,4,semi-furnished,4.92,True,True
13860,l00660,4,4,7,32,2005,True,2,furnished,4.15,True,True
13861,l00661,2,2,0,40,2021,False,0,furnished,6.43,False,False
13862,l00662,1,4,16,39,2007,True,1,furnished,1.01,False,True
13863,l00663,2,3,15,22,2006,True,1,semi-furnished,4.41,True,False
13864,l00664,3,4,17,36,1995,False,0,unfurnished,1.74,False,True
13865,l00665,2,3,23,30,1996,True,3,furnished,7.83,True,True
13868,l00668,3,4,11,13,2007,True,2,furnished,6.6,False,False
13869,l00669,3,4,0,14,2012,True,0,semi-furnished,0.99,True,False
13870,l00670,3,3,19,38,2011,False,0,furnished,2.26,True,True
13871,l00671,4,2,21,25,2007,False,0,semi-furnished,6.58,False,False
13872,l00672,5,1,19,32,2004,True,1,furnished,3.12,False,False
13873,l00673,1,2,15,15,1997,True,3,unfurnished,0.83,False,False
13874,l00674,4,1,4,33,2010,True,2,furnished,4.85,False,False
13875,l00675,1,4,23,29,2021,False,0,furnished,4.12,True,True
13877,l00677,2,1,13,33,2007,True,1,semi-furnished,2.52,True,True
13879,l00679,3,1,5,17,2006,False,0,semi-furnished,4.68,True,False
13880,l00680,5,2,24,35,2009,False,0,unfurnished,0.92,True,False
13881,l00681,4,2,22,27,2020,False,0,furnished,4.09,False,False
13882,l00682,5,4,13,13,1995,False,0,unfurnished,2.2,True,True
13885,l00685,5,3,20,37,2000,True,0,unfurnished,3.43,True,False
13886,l00686,2,3,8,19,2001,False,0,semi-furnished,4.53,True,False
13888,l00688,4,1,15,19,2015,True,1,furnished,7.15,True,False
13890,l00690,2,3,17,33,2017,False,0,semi-furnished,0.4,False,True
13891,l00691,5,1,16,29,2003,False,0,furnished,7.85,True,False
13892,l00692,1,4,21,37,2003,False,0,furnished,7.53,True,True
13893,l00693,2,4,16,29,1997,True,2,unfurnished,0.24,False,True
13894,l00694,2,2,3,37,1998,False,0,semi-furnished,2.06,True,False
13896,l00696,5,3,7,29,2010,False,0,unfurnished,4.69,True,True
13897,l00697,5,4,0,21,2000,False,0,semi-furnished,6.62,True,False
13899,l00699,3,2,9,11,2006,True,4,unfurnished,0.4,True,True
13900,l00700,4,3,20,40,2008,False,0,semi-furnished,6.59,False,True
13902,l00702,4,4,25,32,2020,True,0,unfurnished,7.39,True,True
13903,l00703,5,3,23,24,2013,True,3,furnished,5.68,False,False
13904,l00704,2,2,24,25,2023,True,0,unfurnished,0.66,False,False
13905,l00705,2,1,24,35,2000,False,0,semi-furnished,7.94,True,False
13907,l00707,3,3,5,20,1995,True,1,semi-furnished,4.69,True,True
13908,l00708,5,4,11,31,2001,True,0,semi-furnished,2.18,True,True
13909,l00709,3,2,12,20,1996,True,0,semi-furnished,7.44,True,True
13910,l00710,3,3,6,23,2002,True,4,furnished,2.14,False,True
13911,l00711,1,3,12,16,2002,False,0,unfurnished,6.02,False,False
13912,l00712,4,3,6,11,2005,True,0,unfurnished,3.83,False,True
13913,l00713,2,2,0,21,2017,True,4,furnished,2.37,True,False
13915,l00715,3,4,15,38,2001,True,4,furnished,1.38,True,True
13917,l00717,4,2,5,27,2019,True,1,furnished,1.4,False,True
13918,l00718,3,4,24,40,2010,False,0,semi-furnished,0.7,False,True
13920,l00720,4,4,15,40,2018,False,0,semi-furnished,7.7,False,False
13921,l00721,5,1,0,33,2009,True,4,furnished,6.28,False,True
13922,l00722,4,1,5,11,2000,False,0,furnished,3.41,True,True
13923,l00723,3,1,3,14,1995,False,0,furnished,4.35,False,False
13924,l00724,1,4,10,26,2019,False,0,furnished,1.06,False,True
13925,l00725,3,2,17,20,2013,True,0,semi-furnished,4.51,False,True
13926,l00726,4,4,25,31,2018,True,2,unfurnished,3.92,False,True
13928,l00728,3,4,3,13,2012,False,0,semi-furnished,6.94,True,True
13929,l00729,1,2,18,37,2004,True,1,semi-furnished,7.15,True,True
13930,l00730,3,4,19,22,2001,True,4,semi-furnished,2.03,True,True
13931,l00731,5,2,16,34,1995,False,0,unfurnished,7.08,False,False
13932,l00732,5,2,5,31,2017,False,0,furnished,3.39,True,True
13933,l00733,3,1,5,13,2019,True,0,semi-furnished,3.85,True,True
13934,l00734,4,2,5,12,2014,False,0,furnished,0.95,True,True
13935,l00735,3,4,4,25,1995,False,0,semi-furnished,7.98,True,True
13937,l00737,4,4,8,14,1995,False,0,furnished,1.57,True,False
13938,l00738,4,3,0,7,2014,False,0,unfurnished,4.76,True,False
13940,l00740,2,1,13,13,2022,False,0,unfurnished,1.39,False,True
13941,l00741,3,4,13,18,2021,False,0,unfurnished,6.36,False,False
13942,l00742,3,2,7,13,2002,True,1,furnished,3.75,True,False
13944,l00744,3,3,6,33,2007,False,0,furnished,4.67,False,False
13946,l00746,4,1,9,28,2018,False,0,semi-furnished,0.99,True,False
13947,l00747,1,3,24,29,2010,True,1,furnished,2.16,True,False
13948,l00748,5,3,2,23,2009,True,3,semi-furnished,3.56,False,True
13949,l00749,5,2,5,30,2008,False,0,unfurnished,6.23,False,False
13950,l00750,5,4,13,17,2016,False,0,furnished,4.07,False,False
13951,l00751,1,4,7,31,2012,True,0,semi-furnished,4.26,True,True
13952,l00752,5,4,6,29,2007,True,0,semi-furnished,2.98,False,True
13953,l00753,4,3,17,23,2002,True,3,furnished,2.8,False,False
13954,l00754,2,1,14,37,2011,False,0,unfurnished,2.24,False,False
13955,l00755,3,4,17,31,1995,True,0,unfurnished,2.33,False,True
13956,l00756,3,3,11,32,2008,True,1,unfurnished,0.72,False,True
13957,l00757,2,2,10,33,2006,True,2,furnished,0.31,False,True
13958,l00758,3,3,8,28,2022,False,0,unfurnished,6.31,True,True
13959,l00759,4,1,24,24,1998,False,0,semi-furnished,4.75,True,False
13960,l00760,5,3,7,34,2005,False,0,unfurnished,5.43,False,False
13961,l00761,1,3,3,21,2003,False,0,semi-furnished,1.18,False,False
13963,l00763,4,4,23,26,2022,False,0,furnished,2.02,False,True
13964,l00764,5,3,1,29,2009,False,0,unfurnished,2.24,True,True
13965,l00765,3,1,7,9,2018,False,0,furnished,3.48,True,True
13966,l00766,4,3,19,35,2008,False,0,semi-furnished,6.38,True,False
13967,l00767,2,2,14,39,2017,False,0,unfurnished,7.54,True,True
13968,l00768,3,1,18,29,2022,True,4,furnished,4.13,False,True
13969,l00769,2,3,10,35,2004,False,0,semi-furnished,4.56,True,True
13970,l00770,3,1,0,36,2022,False,0,unfurnished,6.83,True,False
13971,l00771,2,2,2,34,2023,True,1,unfurnished,0.76,False,True
13972,l00772,5,2,19,39,2010,False,0,semi-furnished,1.27,False,True
13973,l00773,4,2,14,24,2007,False,0,unfurnished,1.86,False,False
13974,l00774,5,2,16,32,2015,True,2,semi-furnished,3.31,False,False
13975,l00775,2,2,16,38,1995,False,0,semi-furnished,6.18,False,True
13976,l00776,2,3,11,22,2013,False,0,semi-furnished,2.24,False,False
13977,l00777,2,1,3,9,2003,False,0,semi-furnished,6.51,False,True
13978,l00778,1,1,11,13,1998,False,0,unfurnished,4.41,False,True
13980,l00780,1,4,11,26,2019,True,3,unfurnished,7.81,False,False
13981,l00781,5,3,21,22,2015,False,0,unfurnished,5.6,False,True
13983,l00783,2,2,25,25,2014,True,0,furnished,3.0,False,False
13986,l00786,5,2,0,13,2013,False,0,semi-furnished,1.31,False,False
13987,l00787,4,2,25,29,2016,True,3,semi-furnished,6.79,False,True
13988,l00788,1,3,9,29,2006,False,0,semi-furnished,2.67,False,False
13989,l00789,4,3,2,22,2015,False,0,furnished,0.76,True,False
13990,l00790,4,4,20,24,2010,True,0,furnished,5.03,False,True
13991,l00791,2,1,7,31,2007,True,2,furnished,0.94,True,False
13992,l00792,3,3,15,28,2020,True,1,unfurnished,1.49,False,False
13993,l00793,1,4,10,22,1997,False,0,furnished,2.28,False,False
13994,l00794,1,4,0,21,2002,False,0,unfurnished,1.61,False,True
13997,l00797,5,3,23,39,2003,True,4,unfurnished,4.61,True,True
13998,l00798,4,4,1,38,1999,True,4,semi-furnished,2.6,True,False
13999,l00799,5,3,5,31,2008,True,4,furnished,5.47,True,True
14000,l00800,2,1,14,36,2005,False,0,unfurnished,2.35,False,False
14001,l00801,5,2,2,26,1997,False,0,unfurnished,7.43,True,False
14002,l00802,5,2,17,37,2023,True,4,semi-furnished,4.42,False,False
14003,l00803,2,1,22,29,2016,True,3,semi-furnished,1.32,False,False
14005,l00805,3,3,16,37,2001,False,0,unfurnished,2.04,True,True
14006,l00806,1,1,11,15,2014,False,0,semi-furnished,4.61,True,False
14008,l00808,5,3,22,38,1997,False,0,furnished,7.96,False,False
14009,l00809,1,1,1,29,2019,True,2,furnished,1.95,True,False
14011,l00811,2,3,14,32,1996,True,2,furnished,3.14,True,False
14012,l00812,2,1,14,24,2000,True,2,unfurnished,4.82,True,True
14014,l00814,3,2,7,26,2011,False,0,semi-furnished,6.11,True,False
14015,l00815,2,2,0,5,2018,True,0,unfurnished,1.91,False,False
14016,l00816,5,2,8,23,2004,False,0,unfurnished,0.89,True,False
14017,l00817,2,2,17,22,2009,True,2,unfurnished,3.41,True,True
14018,l00818,3,1,4,8,1998,False,0,unfurnished,3.46,False,True
14019,l00819,5,2,20,22,2007,True,0,unfurnished,4.04,True,False
14020,l00820,1,3,16,25,2023,True,3,unfurnished,7.22,False,False
14022,l00822,3,1,14,31,1999,False,0,unfurnished,3.55,False,True
14023,l00823,5,4,11,12,2013,False,0,furnished,6.16,False,False
14025,l00825,1,3,6,39,2002,True,0,semi-furnished,7.69,True,False
14026,l00826,3,1,10,22,2015,False,0,unfurnished,6.16,True,True
14027,l00827,3,2,23,34,2006,False,0,furnished,0.81,True,True
14029,l00829,2,1,23,30,2014,False,0,semi-furnished,0.68,False,True
14030,l00830,5,4,2,28,2017,False,0,furnished,7.45,False,False
14031,l00831,2,2,22,27,2007,False,0,furnished,3.93,True,False
14032,l00832,4,4,3,5,2021,True,0,unfurnished,7.15,True,False
14033,l00833,2,1,4,34,2011,True,4,semi-furnished,2.43,False,True
14035,l00835,3,4,4,25,2021,False,0,semi-furnished,0.62,True,False
14036,l00836,3,2,0,20,2009,False,0,furnished,5.35,False,True
14037,l00837,5,2,11,39,2022,False,0,unfurnished,6.54,False,True
14038,l00838,5,3,0,14,2021,False,0,semi-furnished,7.98,True,False
14039,l00839,1,3,20,32,2022,False,0,furnished,7.5,True,False
14041,l00841,4,2,11,15,2021,False,0,semi-furnished,6.23,True,True
14042,l00842,5,2,18,18,2009,True,2,furnished,2.48,False,False
14043,l00843,4,3,2,20,2002,True,1,semi-furnished,7.6,False,False
14044,l00844,3,2,19,25,2018,True,3,semi-furnished,4.91,True,True
14045,l00845,3,2,4,19,2006,False,0,semi-furnished,6.54,False,False
14046,l00846,3,1,2,5,2016,True,1,semi-furnished,2.23,True,True
14047,l00847,5,1,21,38,2021,True,1,unfurnished,7.73,False,False
14048,l00848,4,2,10,19,2009,False,0,furnished,6.43,True,False
14049,l00849,1,4,2,5,2015,False,0,unfurnished,7.65,False,True
14051,l00851,2,2,2,29,2023,False,0,unfurnished,7.5,True,True
14052,l00852,2,1,19,31,2008,False,0,unfurnished,0.54,False,True
14053,l00853,3,2,19,20,2022,True,3,unfurnished,3.18,True,False
14054,l00854,5,1,1,19,2023,True,2,furnished,1.23,False,False
14056,l00856,4,4,17,23,2012,False,0,furnished,7.25,True,False
14057,l00857,4,3,8,25,2007,False,0,furnished,3.75,True,False
14058,l00858,2,1,21,35,2007,True,3,unfurnished,3.62,True,True
14059,l00859,3,3,9,28,2019,False,0,unfurnished,4.56,True,False
14062,l00862,2,2,19,22,1998,False,0,unfurnished,2.29,True,False
14063,l00863,3,1,2,29,2009,False,0,semi-furnished,7.94,False,True
14064,l00864,3,1,7,26,2007,False,0,unfurnished,2.81,True,True
14065,l00865,5,4,7,13,2019,False,0,semi-furnished,1.95,False,True
14066,l00866,1,3,12,39,2012,True,1,semi-furnished,5.42,False,True
14067,l00867,1,4,0,7,2022,True,0,furnished,7.52,True,True
14068,l00868,3,1,20,36,2018,True,0,furnished,6.31,False,True
14069,l00869,2,2,17,19,2020,False,0,unfurnished,4.03,True,True
14070,l00870,3,3,13,25,2019,False,0,semi-furnished,5.74,False,True
14071,l00871,5,1,0,31,2009,True,3,furnished,4.84,True,False
14073,l00873,4,4,22,38,2012,True,1,unfurnished,5.09,True,False
14074,l00874,3,1,4,34,2010,False,0,furnished,0.23,True,True
14076,l00876,5,4,3,38,2005,False,0,furnished,7.16,False,False
14077,l00877,4,2,4,19,2022,True,1,furnished,6.23,True,True
14078,l00878,1,3,1,13,2020,True,1,unfurnished,7.09,False,True
14079,l00879,1,1,21,22,2006,True,2,semi-furnished,5.01,False,True
14081,l00881,5,1,6,12,1996,False,0,furnished,6.06,False,True
14082,l00882,5,3,16,24,2022,True,1,semi-furnished,6.23,True,True
14083,l00883,2,1,3,10,2007,True,3,semi-furnished,6.94,True,True
14084,l00884,1,3,13,13,2002,True,2,furnished,2.51,False,False
14086,l00886,2,1,7,16,2002,True,3,furnished,2.89,True,True
14087,l00887,1,4,21,34,2019,True,1,furnished,3.05,False,True
14088,l00888,3,3,2,6,2021,True,2,semi-furnished,4.8,True,False
14089,l00889,3,1,20,36,2015,True,2,semi-furnished,7.01,False,True
14090,l00890,2,4,23,33,1995,True,1,furnished,7.09,False,True
14091,l00891,4,3,1,24,1999,True,2,unfurnished,6.66,False,False
14092,l00892,5,3,19,25,1996,False,0,unfurnished,1.51,False,False
14093,l00893,5,1,5,39,2011,True,1,unfurnished,1.43,True,True
14094,l00894,3,4,13,26,2006,False,0,furnished,0.76,False,True
14095,l00895,5,2,19,30,2020,True,3,furnished,2.33,True,False
14096,l00896,4,2,12,27,2005,False,0,semi-furnished,4.89,False,True
14097,l00897,4,1,9,33,2015,False,0,semi-furnished,7.55,True,True
14098,l00898,1,4,2,33,2019,True,2,semi-furnished,4.05,True,False
14099,l00899,4,1,12,13,2013,True,0,unfurnished,4.7,True,False
14100,l00900,5,3,11,33,2022,False,0,unfurnished,5.03,False,True
14101,l00901,5,4,20,33,2021,True,2,unfurnished,3.78,False,False
14102,l00902,2,2,10,26,2014,False,0,furnished,2.3,False,True
14103,l00903,1,3,14,23,2022,True,1,unfurnished,4.05,False,False
14104,l00904,4,2,12,33,1997,True,4,semi-furnished,5.16,False,False
14105,l00905,1,2,14,24,2015,False,0,semi-furnished,0.33,True,False
14106,l00906,2,1,11,33,2020,True,0,unfurnished,1.69,True,True
14108,l00908,3,1,25,25,2016,True,4,unfurnished,0.45,False,False
14109,l00909,1,4,20,22,2021,True,4,furnished,5.35,True,True
14111,l00911,3,1,5,13,2021,True,3,unfurnished,3.27,True,False
14112,l00912,1,1,1,36,2006,False,0,unfurnished,7.7,True,True
14113,l00913,2,4,9,13,2020,False,0,semi-furnished,4.58,True,True
14114,l00914,1,3,11,19,2005,False,0,furnished,4.65,False,True
14115,l00915,2,2,14,15,2012,True,0,furnished,4.61,False,True
14116,l00916,5,4,2,13,2011,True,2,semi-furnished,6.86,True,True
14118,l00918,5,1,20,22,2004,True,3,semi-furnished,3.38,True,False
14120,l00920,2,2,4,9,2019,True,2,semi-furnished,7.15,True,True
14121,l00921,2,4,7,19,2023,False,0,semi-furnished,4.72,False,True
14122,l00922,1,1,18,30,2017,True,3,semi-furnished,3.02,False,False
14124,l00924,4,3,18,19,2005,False,0,semi-furnished,5.39,True,True
14126,l00926,5,4,1,9,2002,False,0,furnished,3.09,False,True
14130,l00930,2,3,4,37,1995,True,4,semi-furnished,5.09,True,False
14132,l00932,4,3,1,12,2005,True,4,semi-furnished,0.46,True,False
14134,l00934,3,2,18,19,1997,False,0,unfurnished,3.62,False,True
14136,l00936,3,2,19,29,1997,True,0,furnished,7.45,False,True
14137,l00937,3,1,18,22,2004,False,0,furnished,4.95,False,False
14138,l00938,4,4,20,28,2017,True,3,semi-furnished,2.66,False,False
14139,l00939,3,3,2,33,2000,True,4,furnished,0.36,False,True
14140,l00940,3,1,8,29,1996,True,1,unfurnished,3.3,False,False
14141,l00941,1,3,0,17,2002,False,0,furnished,6.9,False,False
14142,l00942,3,4,12,14,2019,False,0,semi-furnished,3.46,False,False
14143,l00943,1,3,1,18,1996,True,1,furnished,7.56,False,True
14144,l00944,3,2,2,25,2010,False,0,unfurnished,5.09,False,True
14145,l00945,2,1,22,23,2023,False,0,semi-furnished,5.25,False,False
14146,l00946,3,4,10,19,2010,False,0,furnished,4.19,False,False
14147,l00947,3,3,16,33,2019,True,0,furnished,1.78,True,True
14148,l00948,5,3,3,30,2004,True,1,furnished,2.47,False,False
14152,l00952,5,1,0,30,2005,False,0,furnished,7.14,True,False
14153,l00953,4,3,20,40,2011,True,1,furnished,6.12,True,True
14155,l00955,5,4,8,23,2021,True,0,unfurnished,6.85,True,False
14156,l00956,2,3,2,17,2021,False,0,furnished,7.85,False,True
14157,l00957,4,4,18,21,2007,True,0,furnished,3.29,True,True
14158,l00958,3,1,18,22,2001,False,0,semi-furnished,3.82,True,False
14159,l00959,5,2,5,39,2014,False,0,unfurnished,5.73,False,True
14160,l00960,5,2,7,37,1998,False,0,furnished,6.97,True,True
14161,l00961,3,3,9,29,2023,False,0,semi-furnished,4.01,False,True
14162,l00962,5,4,8,15,2023,False,0,unfurnished,4.49,False,False
14163,l00963,2,2,11,11,2019,False,0,unfurnished,1.97,True,False
14164,l00964,3,4,13,20,2007,False,0,unfurnished,2.96,False,False
14165,l00965,4,2,2,40,1997,True,4,furnished,0.87,True,True
14166,l00966,1,2,10,19,2003,True,1,semi-furnished,3.64,False,False
14168,l00968,5,1,1,5,1998,True,4,semi-furnished,7.81,True,True
14169,l00969,3,1,4,26,2020,False,0,semi-furnished,1.98,False,True
14170,l00970,3,1,7,20,2022,True,4,unfurnished,6.37,False,True
14172,l00972,3,1,23,29,2007,True,3,semi-furnished,4.85,False,True
14174,l00974,4,1,13,14,1995,False,0,unfurnished,1.66,False,True
14175,l00975,4,1,20,38,1997,False,0,semi-furnished,7.31,False,True
14176,l00976,3,4,19,20,2023,False,0,unfurnished,2.05,False,False
14178,l00978,3,1,5,39,2023,False,0,semi-furnished,5.65,False,False
14179,l00979,4,3,7,35,2019,False,0,furnished,2.41,True,False
14180,l00980,3,4,11,25,1995,False,0,semi-furnished,3.15,True,False
14181,l00981,1,1,25,28,2004,False,0,unfurnished,2.28,True,True
14182,l00982,1,4,0,10,2005,True,2,semi-furnished,3.09,True,True
14183,l00983,2,3,15,38,2012,False,0,semi-furnished,0.48,False,False
14184,l00984,3,4,14,19,2017,True,3,furnished,0.34,True,False
14187,l00987,4,4,3,31,2002,False,0,unfurnished,5.87,False,True
14188,l00988,2,3,9,40,1995,True,3,unfurnished,3.35,True,False
14189,l00989,5,3,8,10,1995,False,0,semi-furnished,4.74,False,False
14190,l00990,5,4,20,23,2003,True,0,semi-furnished,6.89,False,False
14191,l00991,5,2,6,35,2023,True,2,furnished,2.98,False,True
14192,l00992,5,1,18,23,2006,True,2,unfurnished,1.9,False,False
14193,l00993,3,2,4,29,2019,True,1,furnished,4.94,False,True
14194,l00994,4,3,9,25,2009,True,1,furnished,6.68,True,True
14195,l00995,1,3,0,28,1998,True,1,unfurnished,1.51,False,True
14196,l00996,5,1,11,16,2010,False,0,semi-furnished,7.66,False,False
14198,l00998,4,4,5,31,2014,True,2,furnished,1.37,True,False
14199,l00999,3,4,6,24,2019,True,2,semi-furnished,7.05,True,True
14200,l01000,1,2,3,37,2002,True,4,unfurnished,4.38,False,False
14201,l01001,2,3,6,25,2012,False,0,semi-furnished,5.17,True,False
14202,l01002,3,1,0,6,2023,False,0,furnished,2.94,False,False
14206,l01006,2,4,12,16,2022,True,4,unfurnished,2.49,False,False
14207,l01007,1,4,3,39,1996,False,0,unfurnished,1.46,True,True
14208,l01008,5,2,3,32,1995,True,0,furnished,3.53,False,True
14210,l01010,5,1,9,21,2015,False,0,unfurnished,2.09,True,True
14212,l01012,2,1,2,21,2023,False,0,furnished,5.1,False,True
14213,l01013,1,2,5,18,1998,True,4,unfurnished,6.34,True,False
14214,l01014,4,3,3,25,1998,False,0,unfurnished,1.91,False,True
14215,l01015,5,2,5,16,2006,False,0,semi-furnished,7.72,False,True
14218,l01018,3,2,6,24,2001,False,0,furnished,5.39,True,False
14219,l01019,3,3,16,16,2020,True,3,semi-furnished,5.39,True,True
14220,l01020,5,1,17,39,1999,True,0,unfurnished,7.72,False,False
14221,l01021,5,1,24,28,2017,False,0,semi-furnished,6.78,True,True
14222,l01022,3,3,18,29,2009,True,1,semi-furnished,5.77,False,True
14225,l01025,3,2,17,34,2001,False,0,furnished,3.4,False,True
14226,l01026,2,2,7,7,2002,False,0,furnished,1.98,True,False
14227,l01027,1,4,6,23,2010,True,2,furnished,7.01,False,False
14228,l01028,5,4,9,16,2017,False,0,semi-furnished,7.75,True,True
14230,l01030,5,3,13,31,2012,True,1,furnished,4.64,True,False
14231,l01031,4,3,1,34,2017,True,2,semi-furnished,5.45,False,True
14232,l01032,3,4,7,39,2008,False,0,unfurnished,7.22,True,False
14233,l01033,1,2,18,35,2015,True,3,unfurnished,5.1,False,True
14234,l01034,3,2,9,37,2022,True,4,unfurnished,2.9,True,False
14235,l01035,1,1,7,11,2010,True,4,unfurnished,3.83,False,False
14236,l01036,5,3,1,19,2020,True,0,semi-furnished,0.71,False,False
14237,l01037,2,4,24,31,2018,False,0,furnished,0.43,True,False
14238,l01038,3,3,23,31,2021,False,0,unfurnished,4.74,True,True
14240,l01040,5,3,24,30,2009,True,1,furnished,4.91,True,False
14241,l01041,5,1,0,21,2021,False,0,furnished,6.07,False,False
14243,l01043,2,1,3,25,2013,True,2,unfurnished,5.68,True,False
14245,l01045,5,1,10,25,2006,True,2,semi-furnished,3.71,True,False
14246,l01046,1,1,22,27,1998,True,0,unfurnished,5.14,False,True
14247,l01047,2,2,15,25,2011,True,2,semi-furnished,7.13,False,True
14250,l01050,1,2,10,21,1995,True,0,furnished,6.01,False,True
14251,l01051,4,2,3,36,2003,False,0,unfurnished,3.93,True,True
14252,l01052,3,4,4,24,2004,True,4,furnished,6.24,False,True
14253,l01053,4,3,16,27,2007,False,0,unfurnished,2.33,True,False
14254,l01054,3,2,24,34,2013,False,0,unfurnished,6.92,True,False
14255,l01055,2,3,20,36,1999,True,2,unfurnished,1.2,False,False
14256,l01056,2,4,12,31,2008,True,1,unfurnished,5.03,False,True
14259,l01059,1,3,8,8,2005,False,0,unfurnished,2.63,False,True
14260,l01060,2,1,17,22,2000,False,0,unfurnished,5.27,False,True
14261,l01061,4,4,10,36,2017,False,0,semi-furnished,4.86,True,False
14264,l01064,5,4,2,8,2013,False,0,unfurnished,0.23,True,True
14266,l01066,4,3,1,30,2013,True,1,unfurnished,2.28,False,True
14267,l01067,2,3,0,12,1997,False,0,semi-furnished,4.8,False,False
14269,l01069,4,2,9,10,2017,True,2,furnished,1.12,True,False
14270,l01070,2,4,19,39,2015,False,0,furnished,1.85,True,True
14272,l01072,2,3,20,39,2001,True,1,semi-furnished,7.43,False,False
14273,l01073,4,1,16,31,2016,False,0,furnished,6.05,True,False
14274,l01074,1,3,7,17,2018,False,0,unfurnished,2.62,False,False
14277,l01077,3,4,9,12,2018,False,0,semi-furnished,3.53,True,False
14278,l01078,1,1,14,35,2013,True,3,unfurnished,4.84,False,True
14280,l01080,4,2,4,23,2012,False,0,semi-furnished,3.37,False,False
14281,l01081,5,3,8,10,2013,True,3,unfurnished,2.42,False,False
14282,l01082,5,4,24,34,2014,False,0,furnished,7.78,True,True
14283,l01083,4,1,16,32,2018,False,0,furnished,6.17,True,False
14284,l01084,3,2,10,37,2010,False,0,unfurnished,0.3,True,True
14285,l01085,5,2,2,19,1999,True,4,semi-furnished,3.99,True,False
14286,l01086,2,2,19,19,2000,False,0,semi-furnished,6.53,False,False
14287,l01087,4,4,23,23,2007,False,0,unfurnished,3.65,True,False
14289,l01089,5,3,25,40,1996,False,0,semi-furnished,2.35,True,True
14291,l01091,2,2,8,9,1997,False,0,unfurnished,7.44,False,False
14293,l01093,5,1,8,15,1997,False,0,furnished,5.91,False,False
14294,l01094,1,4,11,35,2014,False,0,furnished,1.93,True,False
14295,l01095,4,1,8,22,2002,False,0,unfurnished,7.2,True,False
14296,l01096,3,2,0,11,2011,True,4,semi-furnished,4.41,False,False
14297,l01097,4,3,14,32,2009,True,2,unfurnished,3.7,True,False
14299,l01099,4,1,10,29,2007,True,4,semi-furnished,6.63,False,True
14300,l01100,4,2,12,31,2007,False,0,unfurnished,2.98,False,True
14301,l01101,4,4,13,18,2001,False,0,semi-furnished,4.13,False,False
14303,l01103,4,2,9,20,2004,False,0,unfurnished,6.27,True,True
14304,l01104,1,3,16,19,2001,True,0,unfurnished,5.71,True,False
14305,l01105,3,2,1,25,2014,True,3,semi-furnished,6.11,False,True
14306,l01106,5,2,11,28,2010,True,3,unfurnished,2.56,True,False
14307,l01107,3,1,19,27,2022,False,0,semi-furnished,5.86,True,False
14308,l01108,2,3,12,31,1997,False,0,unfurnished,4.08,False,False
14309,l01109,4,4,0,17,1996,False,0,furnished,4.86,True,True
14310,l01110,1,4,10,20,2006,True,0,furnished,3.68,True,True
14311,l01111,4,2,9,24,2009,True,2,semi-furnished,1.73,False,False
14313,l01113,3,4,14,24,1996,True,0,semi-furnished,4.21,False,True
14315,l01115,5,1,8,8,1995,False,0,unfurnished,7.22,False,True
14316,l01116,2,1,4,19,2012,True,1,unfurnished,3.0,True,True
14317,l01117,1,1,14,20,1996,True,3,unfurnished,3.92,True,False
14318,l01118,4,1,1,35,2005,True,1,semi-furnished,6.16,False,True
14319,l01119,2,3,15,17,1999,True,1,unfurnished,7.99,True,True
14320,l01120,1,4,2,33,2015,False,0,furnished,5.9,True,True
14321,l01121,1,2,11,31,1997,False,0,semi-furnished,2.09,False,False
14322,l01122,3,2,6,23,2006,True,4,furnished,6.52,True,False
14323,l01123,2,1,9,38,2009,False,0,semi-furnished,4.37,True,False
14324,l01124,1,4,19,20,2021,True,0,semi-furnished,6.02,False,True
14325,l01125,1,3,16,37,1999,False,0,semi-furnished,3.84,True,False
14326,l01126,2,3,15,36,2006,False,0,unfurnished,1.19,True,True
14327,l01127,4,4,9,10,2010,False,0,unfurnished,1.28,True,False
14329,l01129,2,4,5,16,2013,False,0,unfurnished,3.26,True,True
14330,l01130,3,2,20,35,2022,False,0,furnished,6.73,False,True
14331,l01131,5,3,11,22,2000,True,4,furnished,2.69,False,True
14333,l01133,3,1,3,13,1996,True,3,furnished,5.39,False,True
14334,l01134,4,1,22,31,2000,True,3,semi-furnished,1.42,False,True
14335,l01135,5,3,3,23,2018,False,0,furnished,3.33,True,False
14336,l01136,3,2,16,17,2005,False,0,furnished,7.7,False,False
14338,l01138,2,2,7,36,1995,False,0,unfurnished,0.68,True,True
14339,l01139,4,2,15,20,2022,False,0,unfurnished,5.08,True,False
14342,l01142,3,3,9,19,2006,False,0,unfurnished,3.0,True,False
14344,l01144,5,3,0,14,2001,False,0,furnished,1.66,False,False
14345,l01145,4,2,9,32,1998,True,3,furnished,2.82,False,False
14347,l01147,1,3,12,29,1997,True,4,furnished,2.46,False,False
14348,l01148,5,3,1,15,2018,False,0,unfurnished,7.04,False,False
14349,l01149,5,1,3,11,1995,False,0,semi-furnished,2.16,False,True
14350,l01150,1,1,3,33,1995,True,2,semi-furnished,5.62,False,False
14352,l01152,2,3,23,31,2021,True,0,furnished,3.31,True,True
14353,l01153,5,3,4,38,1999,False,0,unfurnished,4.59,False,False
14354,l01154,1,3,25,38,2023,True,4,unfurnished,5.71,False,True
14355,l01155,3,1,10,19,2017,False,0,unfurnished,6.83,True,False
14356,l01156,2,2,1,36,2004,True,1,furnished,7.19,False,False
14357,l01157,4,3,0,13,2013,False,0,unfurnished,0.84,True,True
14358,l01158,1,1,10,20,2006,True,1,unfurnished,4.47,True,False
14359,l01159,2,3,14,32,2020,True,0,unfurnished,1.95,True,False
14360,l01160,1,1,1,30,2019,True,2,unfurnished,0.93,False,True
14361,l01161,4,4,0,21,1999,True,1,unfurnished,3.44,False,True
14362,l01162,4,4,12,19,2003,False,0,semi-furnished,0.42,True,True
14363,l01163,5,4,15,34,1998,True,3,unfurnished,6.39,True,False
14364,l01164,2,3,2,23,1999,True,3,furnished,3.42,False,False
14365,l01165,5,2,14,40,2012,False,0,unfurnished,4.41,False,True
14366,l01166,2,3,0,5,1999,False,0,unfurnished,5.92,True,False
14368,l01168,1,4,8,12,2014,True,3,semi-furnished,2.61,False,True
14369,l01169,5,3,6,18,2000,False,0,unfurnished,2.74,True,True
14370,l01170,5,2,0,13,2014,False,0,furnished,1.02,True,True
14372,l01172,4,4,20,30,2023,True,4,semi-furnished,1.55,False,True
14373,l01173,2,2,3,29,2021,False,0,unfurnished,6.0,False,True
14374,l01174,1,3,7,15,2006,False,0,unfurnished,6.13,True,False
14375,l01175,4,3,25,33,2004,False,0,unfurnished,1.55,True,False
14376,l01176,3,3,4,8,1999,False,0,furnished,0.25,False,True
14377,l01177,3,1,13,22,2020,False,0,semi-furnished,0.86,True,False
14379,l01179,3,1,23,31,2019,True,4,semi-furnished,2.64,True,False
14381,l01181,1,3,1,12,2001,False,0,furnished,3.94,False,False
14382,l01182,4,3,5,25,2013,False,0,unfurnished,2.2,True,False
14383,l01183,2,3,11,37,2011,True,2,furnished,1.32,False,True
14384,l01184,3,2,12,40,2022,True,4,furnished,1.79,True,False
14387,l01187,3,4,15,22,2009,False,0,furnished,7.03,True,False
14388,l01188,1,3,1,21,1998,True,3,semi-furnished,5.57,True,False
14389,l01189,4,3,4,33,1997,False,0,semi-furnished,7.73,True,True
14390,l01190,5,1,13,32,2011,True,2,semi-furnished,2.23,True,False
14391,l01191,3,1,17,38,2007,False,0,furnished,3.55,False,False
14392,l01192,3,1,3,12,2020,True,3,semi-furnished,7.03,False,False
14393,l01193,3,4,12,27,2018,True,3,semi-furnished,2.43,False,False
14394,l01194,4,2,0,14,2001,False,0,unfurnished,4.68,False,True
14396,l01196,5,1,5,10,2014,False,0,furnished,6.12,False,True
14397,l01197,5,4,3,15,2015,False,0,furnished,5.96,True,False
14398,l01198,4,1,5,23,2011,False,0,unfurnished,2.95,False,True
14399,l01199,4,2,20,29,2008,False,0,furnished,3.5,True,True
14400,l01200,3,1,23,31,2009,True,4,semi-furnished,0.39,False,False
14401,l00001,3,3,22,30,2018,False,0,unfurnished,2.08,False,True
14402,l00002,1,3,5,5,2016,True,4,unfurnished,5.81,False,False
14403,l00003,1,2,17,20,2010,False,0,furnished,7.53,False,True
14404,l00004,1,2,1,31,2002,False,0,furnished,4.8,True,False
14405,l00005,5,2,9,20,2009,False,0,unfurnished,7.21,True,True
14406,l00006,5,3,7,32,2015,True,2,semi-furnished,1.87,False,True
14408,l00008,5,3,19,23,2004,False,0,semi-furnished,2.75,False,True
14411,l00011,5,3,15,29,2018,True,0,unfurnished,0.46,False,False
14412,l00012,1,3,19,31,2016,True,0,semi-furnished,6.8,True,True
14413,l00013,3,4,9,21,2011,False,0,unfurnished,4.68,False,False
14414,l00014,2,2,2,14,1998,False,0,furnished,2.14,True,False
14418,l00018,1,4,8,18,1998,False,0,unfurnished,3.32,True,False
14419,l00019,3,1,7,21,2012,True,1,unfurnished,4.17,False,False
14420,l00020,3,1,21,38,2002,True,4,semi-furnished,4.52,True,False
14421,l00021,2,2,2,18,2019,False,0,furnished,1.59,True,True
14422,l00022,4,4,5,8,2022,True,2,semi-furnished,0.49,False,True
14426,l00026,3,4,1,21,2001,True,0,semi-furnished,3.36,True,False
14427,l00027,4,4,11,36,2009,True,4,furnished,4.79,True,False
14429,l00029,3,2,8,40,2006,False,0,furnished,1.69,False,False
14430,l00030,3,3,22,35,2017,True,0,semi-furnished,5.74,True,False
14431,l00031,3,3,2,17,2023,True,0,semi-furnished,1.42,True,False
14432,l00032,4,2,2,23,1995,True,2,furnished,4.97,True,True
14433,l00033,5,3,5,40,2017,True,4,unfurnished,1.36,False,True
14434,l00034,4,2,18,35,2017,False,0,furnished,7.78,False,False
14435,l00035,3,1,1,15,2017,False,0,furnished,7.09,True,True
14436,l00036,3,2,13,29,2014,False,0,semi-furnished,3.51,True,False
14437,l00037,1,4,4,40,2003,True,0,unfurnished,6.46,True,False
14438,l00038,2,4,1,40,2002,True,4,unfurnished,1.07,False,True
14439,l00039,5,2,20,34,2019,False,0,semi-furnished,4.39,False,False
14440,l00040,3,4,14,27,2019,True,3,semi-furnished,2.96,True,True
14441,l00041,1,2,6,13,1995,False,0,semi-furnished,5.38,False,False
14443,l00043,3,1,11,16,2008,True,0,unfurnished,6.49,True,True
14444,l00044,5,2,16,28,2002,False,0,unfurnished,5.66,False,True
14447,l00047,4,2,7,24,2015,True,1,unfurnished,1.09,True,True
14448,l00048,2,4,12,35,2013,False,0,semi-furnished,4.94,True,False
14449,l00049,2,4,16,24,2021,True,2,semi-furnished,0.98,False,False
14450,l00050,4,2,15,21,2020,False,0,semi-furnished,7.93,True,True
14451,l00051,3,4,14,14,2000,True,0,furnished,2.8,False,True
14453,l00053,1,1,13,23,2002,False,0,unfurnished,2.47,False,True
14454,l00054,5,4,19,29,2021,False,0,furnished,4.05,True,True
14455,l00055,2,4,21,22,2008,False,0,unfurnished,7.66,False,True
14456,l00056,2,4,14,33,1998,True,2,semi-furnished,1.62,False,True
14457,l00057,5,1,22,35,1998,False,0,furnished,7.08,True,False
14458,l00058,4,4,21,21,2012,True,3,semi-furnished,3.93,False,False
14459,l00059,1,4,19,28,2014,True,0,unfurnished,6.05,False,False
14460,l00060,3,3,24,34,2009,False,0,semi-furnished,6.2,False,True
14462,l00062,5,1,23,40,2011,False,0,unfurnished,0.4,True,False
14463,l00063,4,1,23,27,2011,True,0,furnished,6.78,False,True
14464,l00064,3,3,23,39,1996,True,3,unfurnished,0.5,True,True
14466,l00066,3,1,8,16,2006,True,1,unfurnished,3.36,True,False
14467,l00067,4,2,5,18,2017,False,0,furnished,3.99,False,True
14468,l00068,2,2,14,23,2021,True,1,furnished,5.79,True,True
14469,l00069,2,4,7,19,2012,False,0,furnished,2.06,False,False
14470,l00070,4,3,14,33,2018,True,3,semi-furnished,7.73,True,True
14471,l00071,1,2,16,27,2020,False,0,semi-furnished,2.23,True,False
14472,l00072,3,2,22,40,2013,False,0,furnished,2.45,False,True
14473,l00073,4,4,5,25,2011,False,0,semi-furnished,1.45,True,False
14474,l00074,2,1,15,40,2009,False,0,furnished,6.49,True,True
14476,l00076,1,2,12,40,1998,False,0,unfurnished,2.05,True,False
14477,l00077,4,3,19,39,1995,True,0,furnished,5.85,True,True
14478,l00078,3,3,14,18,2009,False,0,semi-furnished,5.97,True,False
14480,l00080,1,1,1,7,1996,False,0,unfurnished,2.61,False,True
14482,l00082,5,4,11,26,2017,False,0,furnished,1.6,True,True
14483,l00083,3,4,17,29,1998,False,0,furnished,7.26,False,True
14484,l00084,2,4,7,34,1998,True,1,unfurnished,6.12,True,False
14485,l00085,3,4,15,27,2006,False,0,unfurnished,7.27,False,False
14487,l00087,4,2,7,34,1996,False,0,semi-furnished,5.29,False,True
14488,l00088,2,4,13,24,1999,True,2,furnished,5.37,True,True
14491,l00091,3,3,4,19,2001,False,0,semi-furnished,2.73,True,True
14492,l00092,3,3,11,34,2007,False,0,furnished,3.4,False,True
14493,l00093,1,1,24,26,2005,False,0,unfurnished,5.61,True,True
14494,l00094,5,1,14,14,2004,False,0,unfurnished,1.36,False,True
14495,l00095,3,2,17,18,2007,True,3,unfurnished,7.58,True,True
14496,l00096,2,3,13,32,2018,True,4,unfurnished,7.79,True,True
14497,l00097,2,1,8,31,1999,True,0,furnished,7.05,True,True
14498,l00098,3,3,19,35,2019,True,1,furnished,2.32,True,True
14499,l00099,2,1,1,17,2003,False,0,furnished,3.24,False,True
14500,l00100,3,1,15,39,2012,True,0,furnished,7.94,False,True
14501,l00101,3,1,2,36,2006,False,0,semi-furnished,3.53,False,True
14502,l00102,4,4,14,35,1998,False,0,furnished,2.86,False,True
14503,l00103,3,1,25,40,2019,True,1,semi-furnished,5.86,False,True
14504,l00104,1,3,14,36,2003,True,0,semi-furnished,3.44,False,False
14505,l00105,1,3,5,18,2007,True,0,unfurnished,1.6,True,True
14507,l00107,1,1,6,22,2020,True,3,semi-furnished,3.31,True,True
14508,l00108,5,2,14,17,2021,False,0,semi-furnished,3.9,True,False
14510,l00110,4,2,4,29,2010,True,1,furnished,3.99,True,True
14513,l00113,3,3,17,23,1999,True,4,unfurnished,3.43,False,False
14514,l00114,2,2,15,28,1996,False,0,furnished,0.78,True,False
14515,l00115,4,4,20,36,2010,False,0,furnished,1.3,True,False
14517,l00117,5,1,0,40,2009,False,0,furnished,5.94,False,False
14519,l00119,1,4,8,39,2023,False,0,unfurnished,4.17,False,False
14520,l00120,5,2,6,9,1996,False,0,semi-furnished,6.24,True,False
14522,l00122,5,3,25,40,1996,False,0,semi-furnished,5.77,True,False
14523,l00123,3,2,1,35,2011,True,4,semi-furnished,0.84,False,False
14524,l00124,5,3,23,28,2014,True,0,unfurnished,2.94,False,True
14525,l00125,1,4,9,12,2003,False,0,semi-furnished,6.01,True,True
14527,l00127,4,2,4,13,2002,True,3,furnished,7.36,True,False
14528,l00128,5,3,21,35,2004,True,4,unfurnished,6.16,False,False
14530,l00130,2,3,1,15,2006,False,0,unfurnished,5.7,False,True
14532,l00132,4,1,1,31,1997,False,0,semi-furnished,7.81,False,True
14533,l00133,2,4,15,16,2017,True,3,semi-furnished,0.61,True,True
14535,l00135,5,3,21,24,2017,False,0,semi-furnished,5.39,True,False
14536,l00136,2,2,2,5,2019,False,0,semi-furnished,2.58,False,True
14537,l00137,1,4,22,35,1997,True,3,unfurnished,1.14,False,True
14538,l00138,4,1,9,27,2021,False,0,semi-furnished,3.42,False,False
14539,l00139,5,1,7,38,1998,False,0,semi-furnished,7.64,False,False
14540,l00140,2,1,3,25,2021,True,0,semi-furnished,1.72,True,True
14541,l00141,5,2,24,28,2020,True,2,semi-furnished,0.87,False,True
14542,l00142,5,2,2,24,2014,True,4,semi-furnished,2.59,True,False
14543,l00143,4,3,17,37,2010,False,0,semi-furnished,1.14,True,False
14544,l00144,5,2,6,21,2001,True,3,unfurnished,5.97,False,False
14545,l00145,1,4,7,27,2016,False,0,semi-furnished,6.67,True,True
14546,l00146,1,3,12,35,1997,False,0,semi-furnished,0.99,False,False
14547,l00147,2,4,1,39,2006,False,0,furnished,4.0,False,True
14548,l00148,2,2,20,29,2003,True,2,unfurnished,3.59,True,False
14549,l00149,2,2,4,40,2004,False,0,semi-furnished,0.24,False,True
14550,l00150,4,2,16,24,2007,True,1,unfurnished,7.53,True,True
14554,l00154,1,2,11,12,2017,True,3,semi-furnished,2.06,False,True
14555,l00155,5,3,10,35,2009,False,0,furnished,4.32,False,False
14556,l00156,5,2,7,39,1995,True,4,semi-furnished,2.31,True,True
14557,l00157,5,3,8,32,1995,True,1,furnished,7.68,True,False
14559,l00159,3,3,9,10,1999,False,0,semi-furnished,4.04,True,True
14560,l00160,1,3,13,15,2018,False,0,unfurnished,7.11,True,True
14561,l00161,1,1,11,39,2019,False,0,furnished,0.2,True,False
14562,l00162,4,1,23,32,2016,True,4,unfurnished,0.38,False,True
14564,l00164,5,2,9,19,2002,True,4,semi-furnished,3.08,False,False
14565,l00165,2,2,2,34,1995,False,0,unfurnished,7.99,False,True
14567,l00167,4,4,16,28,2010,True,3,unfurnished,1.18,False,False
14568,l00168,4,1,20,35,2002,True,3,unfurnished,4.41,True,False
14569,l00169,3,3,19,22,2015,False,0,furnished,2.65,False,False
14571,l00171,4,2,13,35,2000,False,0,furnished,4.83,False,True
14572,l00172,3,3,19,25,2007,False,0,unfurnished,5.5,False,False
14573,l00173,1,1,13,36,2000,False,0,furnished,7.04,True,True
14574,l00174,1,3,13,28,2017,False,0,furnished,7.06,False,False
14577,l00177,1,2,16,36,2017,False,0,furnished,3.57,True,False
14579,l00179,4,3,10,18,2017,False,0,semi-furnished,3.22,True,False
14580,l00180,5,2,2,23,2006,False,0,furnished,5.54,False,False
14581,l00181,1,4,10,10,2010,False,0,unfurnished,7.68,False,False
14583,l00183,2,3,4,28,1999,True,1,unfurnished,5.54,True,False
14586,l00186,3,3,7,17,1995,True,0,furnished,5.53,False,False
14587,l00187,1,1,16,35,2023,True,1,unfurnished,3.97,True,False
14588,l00188,2,2,15,40,2016,False,0,unfurnished,2.4,True,False
14589,l00189,4,1,23,30,2012,False,0,furnished,5.41,True,False
14592,l00192,3,4,5,18,2010,True,0,semi-furnished,5.66,True,False
14593,l00193,1,4,23,23,1999,True,2,unfurnished,1.45,False,True
14594,l00194,3,1,8,15,2015,False,0,semi-furnished,5.94,True,False
14595,l00195,1,1,9,20,2019,False,0,semi-furnished,4.81,False,True
14596,l00196,4,3,16,29,2000,False,0,furnished,1.73,False,True
14598,l00198,5,3,21,31,2021,False,0,semi-furnished,0.63,True,False
14599,l00199,3,1,12,24,2018,False,0,semi-furnished,1.29,True,False
14600,l00200,2,3,6,15,2019,True,3,unfurnished,4.43,True,True
14602,l00202,1,2,5,24,2000,True,2,unfurnished,4.85,True,True
14603,l00203,2,4,5,23,2010,True,3,unfurnished,1.49,True,True
14604,l00204,2,4,3,14,2018,False,0,furnished,4.92,False,False
14605,l00205,4,3,8,21,2005,False,0,furnished,5.59,False,False
14606,l00206,5,3,10,15,2002,False,0,semi-furnished,4.37,False,False
14607,l00207,5,3,20,20,2005,True,1,unfurnished,1.84,False,False
14608,l00208,3,1,1,22,2018,False,0,semi-furnished,5.77,False,False
14609,l00209,5,3,22,23,2009,True,3,semi-furnished,2.81,False,True
14611,l00211,3,2,8,34,2010,True,2,unfurnished,1.93,False,True
14613,l00213,4,4,10,27,2009,True,1,unfurnished,1.42,False,False
14614,l00214,3,3,8,22,2019,False,0,furnished,2.21,False,False
14616,l00216,4,1,10,36,2020,True,2,unfurnished,5.0,True,True
14617,l00217,4,1,6,15,2011,True,3,semi-furnished,5.74,False,True
14618,l00218,2,4,11,19,2000,False,0,unfurnished,0.74,False,True
14619,l00219,5,2,0,10,2002,True,0,semi-furnished,5.32,False,True
14621,l00221,4,2,12,32,2010,False,0,semi-furnished,7.76,True,True
14622,l00222,2,3,19,22,2011,True,4,semi-furnished,4.42,True,False
14623,l00223,3,4,4,32,2009,True,3,semi-furnished,4.98,False,True
14625,l00225,4,1,21,32,2021,True,4,unfurnished,5.33,False,False
14626,l00226,1,1,25,30,2002,False,0,unfurnished,0.82,True,False
14627,l00227,5,1,3,18,2022,True,2,semi-furnished,5.67,True,False
14628,l00228,5,3,7,26,2003,True,2,semi-furnished,6.53,True,False
14629,l00229,5,2,8,40,2022,False,0,unfurnished,4.1,True,False
14630,l00230,2,2,0,28,2007,False,0,semi-furnished,2.57,False,True
14631,l00231,5,1,4,29,2022,True,0,furnished,2.52,True,False
14632,l00232,4,4,6,9,2016,False,0,unfurnished,0.84,False,True
14633,l00233,5,2,1,32,2012,False,0,furnished,0.39,False,True
14634,l00234,1,2,10,33,2005,False,0,unfurnished,1.27,False,False
14635,l00235,1,2,8,29,2009,True,4,unfurnished,7.84,False,False
14637,l00237,4,4,17,26,2009,True,0,semi-furnished,3.23,True,False
14638,l00238,3,2,6,20,2001,True,0,semi-furnished,4.18,False,False
14640,l00240,1,1,24,39,2012,True,2,furnished,5.55,False,False
14642,l00242,3,4,2,33,2016,True,3,semi-furnished,3.29,True,True
14644,l00244,3,2,25,31,2016,True,1,semi-furnished,2.27,True,False
14645,l00245,5,3,17,32,1997,True,4,furnished,6.56,True,False
14646,l00246,5,3,8,15,2008,True,4,semi-furnished,3.85,False,False
14647,l00247,1,4,2,22,2003,False,0,unfurnished,3.44,True,True
14648,l00248,5,2,4,39,2014,True,4,unfurnished,4.09,True,True
14649,l00249,3,1,14,24,2018,False,0,furnished,3.68,True,False
14650,l00250,1,3,0,15,2010,True,2,furnished,5.91,True,False
14651,l00251,4,4,25,39,2013,True,0,unfurnished,3.46,True,True
14652,l00252,4,3,0,12,2023,True,2,furnished,6.38,False,True
14655,l00255,3,4,2,28,2004,False,0,unfurnished,4.74,True,True
14658,l00258,5,1,2,22,2012,True,2,unfurnished,5.47,False,True
14659,l00259,4,2,1,13,2000,False,0,semi-furnished,0.66,True,True
14660,l00260,5,3,5,33,1997,False,0,semi-furnished,0.59,True,True
14661,l00261,5,2,17,36,2009,False,0,unfurnished,6.43,True,False
14662,l00262,4,3,18,37,2012,True,3,semi-furnished,4.93,False,True
14664,l00264,5,3,1,5,1996,False,0,unfurnished,5.74,True,False
14665,l00265,2,3,15,35,1999,False,0,furnished,4.64,False,False
14666,l00266,5,4,2,33,2008,False,0,unfurnished,4.25,False,False
14667,l00267,3,2,15,16,2010,True,1,semi-furnished,7.15,True,False
14668,l00268,2,4,6,7,2007,True,3,furnished,6.33,False,True
14669,l00269,4,2,24,35,2011,True,3,unfurnished,0.81,False,False
14671,l00271,1,4,5,18,2000,False,0,semi-furnished,7.8,True,True
14672,l00272,5,1,14,27,2014,False,0,semi-furnished,4.68,False,False
14673,l00273,4,4,5,32,2004,False,0,furnished,4.51,False,False
14674,l00274,4,1,17,21,2013,True,4,furnished,3.41,True,False
14675,l00275,1,1,10,12,2020,True,2,unfurnished,3.71,False,False
14676,l00276,4,2,7,28,1995,False,0,semi-furnished,6.95,True,False
14678,l00278,1,4,15,20,2018,False,0,furnished,0.69,False,True
14679,l00279,1,4,17,24,2013,False,0,furnished,2.86,True,True
14680,l00280,4,4,15,32,2016,False,0,semi-furnished,2.65,True,True
14683,l00283,2,3,23,28,2014,True,4,furnished,2.06,True,False
14684,l00284,1,1,23,28,2018,False,0,semi-furnished,0.62,False,True
14685,l00285,1,3,5,33,2009,True,3,semi-furnished,3.37,False,False
14686,l00286,2,2,1,5,2022,False,0,furnished,5.76,True,True
14687,l00287,3,1,14,36,2013,True,1,furnished,0.21,False,False
14688,l00288,1,1,18,36,2013,False,0,unfurnished,0.74,True,True
14690,l00290,3,2,5,21,2007,False,0,unfurnished,4.7,False,False
14691,l00291,2,4,18,35,2021,False,0,furnished,4.98,False,True
14694,l00294,4,1,3,27,2005,True,0,semi-furnished,1.93,False,True
14695,l00295,4,3,3,29,2012,True,0,unfurnished,4.35,True,True
14696,l00296,3,1,3,25,2019,False,0,furnished,7.4,True,False
14697,l00297,5,3,21,24,1996,True,1,unfurnished,0.29,False,True
14698,l00298,5,3,4,26,2001,False,0,furnished,5.1,True,True
14699,l00299,4,3,6,21,1999,False,0,furnished,3.67,True,True
14703,l00303,3,2,13,35,2002,True,1,semi-furnished,6.02,True,False
14704,l00304,1,4,23,33,2003,False,0,furnished,0.38,True,True
14705,l00305,3,3,4,33,1999,False,0,unfurnished,1.46,False,False
14706,l00306,1,4,21,27,2022,False,0,semi-furnished,4.19,False,False
14707,l00307,5,4,17,38,2003,True,1,semi-furnished,5.92,True,False
14708,l00308,3,3,16,16,2000,False,0,unfurnished,2.16,False,True
14711,l00311,3,4,24,39,1995,True,1,unfurnished,7.15,False,True
14712,l00312,5,4,17,19,2002,True,2,semi-furnished,7.31,False,False
14713,l00313,4,3,4,20,2018,False,0,furnished,3.31,True,True
14714,l00314,5,1,5,9,2014,False,0,furnished,4.4,False,False
14715,l00315,3,4,3,35,2010,False,0,semi-furnished,5.53,False,False
14717,l00317,4,2,13,26,2004,False,0,unfurnished,4.01,False,True
14718,l00318,1,2,5,6,2002,False,0,semi-furnished,5.77,False,True
14719,l00319,3,4,3,18,2016,False,0,semi-furnished,6.24,True,True
14720,l00320,3,3,20,32,2009,False,0,semi-furnished,5.4,True,True
14721,l00321,2,1,12,26,1997,False,0,semi-furnished,2.4,False,True
14722,l00322,4,4,8,23,1999,True,0,semi-furnished,3.23,False,True
14723,l00323,3,4,7,35,2016,False,0,furnished,6.13,True,False
14724,l00324,1,3,16,36,2000,True,3,unfurnished,5.37,True,False
14725,l00325,5,4,22,22,2002,False,0,semi-furnished,3.47,False,False
14726,l00326,4,3,6,29,2004,False,0,furnished,7.48,True,False
14727,l00327,5,3,20,40,2008,True,2,semi-furnished,0.37,False,False
14728,l00328,2,2,20,26,2017,True,4,unfurnished,2.41,False,True
14729,l00329,5,2,16,21,2001,True,0,unfurnished,2.56,True,True
14730,l00330,5,3,7,22,2023,False,0,unfurnished,7.83,True,False
14731,l00331,3,4,16,28,2022,True,3,unfurnished,5.12,True,True
14732,l00332,2,1,11,25,2013,False,0,semi-furnished,1.58,True,True
14733,l00333,5,4,3,39,2017,True,3,semi-furnished,3.17,False,False
14734,l00334,2,1,11,38,2001,True,4,unfurnished,4.88,True,True
14735,l00335,4,3,6,13,2005,True,0,unfurnished,2.63,False,False
14736,l00336,5,3,25,25,1998,False,0,furnished,7.98,False,True
14737,l00337,4,4,8,8,2000,False,0,unfurnished,5.35,True,False
14738,l00338,5,2,16,32,2011,True,2,semi-furnished,5.83,True,True
14739,l00339,2,4,19,39,2013,False,0,furnished,4.45,False,False
14741,l00341,1,2,23,28,2011,True,2,furnished,1.31,True,True
14742,l00342,2,1,2,36,2015,False,0,furnished,4.66,False,True
14743,l00343,4,2,18,35,2023,False,0,furnished,6.94,True,False
14745,l00345,3,3,0,14,2013,False,0,semi-furnished,1.11,True,True
14746,l00346,4,3,2,23,2001,True,2,unfurnished,2.27,False,True
14747,l00347,3,3,15,20,2010,True,1,semi-furnished,5.06,True,False
14748,l00348,3,3,22,34,2005,True,3,semi-furnished,2.53,True,False
14749,l00349,1,4,11,25,2001,True,3,semi-furnished,6.22,False,False
14751,l00351,2,3,24,32,2015,False,0,semi-furnished,6.88,True,True
14752,l00352,3,3,2,35,2022,True,3,semi-furnished,3.56,True,False
14753,l00353,5,2,7,9,2019,False,0,semi-furnished,6.8,False,False
14754,l00354,2,4,16,35,2000,True,0,unfurnished,3.98,False,True
14756,l00356,2,1,23,35,2018,True,2,unfurnished,2.96,True,True
14757,l00357,2,2,14,16,2004,False,0,unfurnished,1.68,True,True
14758,l00358,1,2,5,12,2001,False,0,semi-furnished,7.42,False,False
14759,l00359,1,2,3,33,2002,True,1,unfurnished,7.39,False,False
14760,l00360,1,1,8,28,2017,True,4,furnished,5.45,False,True
14761,l00361,3,3,16,31,2009,True,3,unfurnished,6.32,False,False
14762,l00362,1,4,8,25,2002,True,4,unfurnished,7.09,False,True
14763,l00363,4,1,15,31,1999,True,1,semi-furnished,3.54,True,True
14764,l00364,5,2,6,9,2009,False,0,furnished,3.46,False,False
14765,l00365,4,1,6,13,2021,True,2,unfurnished,1.9,False,False
14767,l00367,4,4,8,26,2020,True,1,unfurnished,6.45,False,False
14768,l00368,3,4,5,28,2007,False,0,furnished,7.19,True,True
14770,l00370,5,1,1,33,2008,False,0,unfurnished,7.91,True,True
14772,l00372,1,4,10,31,2014,False,0,furnished,1.03,False,True
14773,l00373,2,1,19,30,2018,True,0,furnished,5.36,False,False
14774,l00374,4,2,20,20,1995,False,0,furnished,6.78,True,True
14775,l00375,1,3,15,29,1997,False,0,unfurnished,6.1,True,False
14776,l00376,3,3,7,12,2001,True,4,semi-furnished,3.32,False,False
14778,l00378,2,2,2,7,2021,True,4,furnished,4.54,True,True
14779,l00379,5,4,6,23,1999,False,0,unfurnished,1.92,False,False
14780,l00380,2,3,8,10,2012,False,0,unfurnished,4.05,True,True
14781,l00381,2,1,18,30,2022,False,0,unfurnished,6.66,True,False
14782,l00382,2,3,20,27,2008,True,3,unfurnished,0.93,True,False
14783,l00383,2,4,15,37,2013,True,3,furnished,3.14,True,True
14784,l00384,5,2,16,33,2019,False,0,unfurnished,5.1,False,True
14786,l00386,4,4,6,6,1997,False,0,semi-furnished,7.25,False,True
14787,l00387,1,4,7,11,2000,True,4,unfurnished,3.47,True,False
14788,l00388,3,1,13,39,2018,False,0,semi-furnished,7.96,False,False
14789,l00389,1,2,4,17,2015,False,0,semi-furnished,3.62,False,False
14790,l00390,2,4,5,28,2003,False,0,semi-furnished,3.43,False,False
14791,l00391,3,1,12,13,1998,False,0,unfurnished,4.91,True,False
14792,l00392,5,4,5,30,2023,True,1,furnished,4.69,False,True
14793,l00393,3,4,1,39,2017,True,2,furnished,0.8,True,True
14795,l00395,2,2,24,34,2000,True,0,unfurnished,1.94,True,False
14796,l00396,1,1,7,32,1997,True,1,furnished,3.8,False,False
14797,l00397,2,2,0,32,2020,True,4,semi-furnished,5.51,False,False
14798,l00398,1,4,1,29,2001,True,3,semi-furnished,2.22,False,False
14799,l00399,4,3,9,28,2002,False,0,semi-furnished,4.11,True,False
14800,l00400,1,1,19,19,1999,False,0,unfurnished,3.32,True,True
14802,l00402,5,4,17,40,2014,False,0,furnished,2.56,True,True
14803,l00403,1,1,25,31,2005,False,0,unfurnished,0.83,True,True
14804,l00404,2,2,20,23,2017,False,0,unfurnished,1.54,False,False
14810,l00410,4,1,8,21,2007,True,3,unfurnished,2.12,True,True
14811,l00411,1,2,13,17,2012,False,0,furnished,2.98,True,True
14812,l00412,3,4,5,7,1999,True,4,unfurnished,5.22,False,True
14813,l00413,2,2,9,15,2000,True,3,semi-furnished,3.38,True,False
14815,l00415,1,1,1,16,2002,False,0,furnished,1.74,False,True
14816,l00416,3,1,5,22,2006,False,0,unfurnished,5.47,False,False
14817,l00417,3,4,3,29,2006,True,4,semi-furnished,7.05,True,True
14818,l00418,3,2,6,35,1996,True,3,furnished,3.48,True,False
14820,l00420,2,2,18,22,1999,False,0,furnished,0.3,True,True
14821,l00421,2,1,6,38,2021,False,0,furnished,4.07,True,False
14824,l00424,5,4,17,39,1995,False,0,unfurnished,3.47,True,False
14825,l00425,1,1,16,29,2014,False,0,furnished,6.31,True,False
14826,l00426,4,3,1,12,2000,True,3,semi-furnished,1.21,True,True
14829,l00429,5,4,0,17,2017,False,0,semi-furnished,1.36,True,True
14831,l00431,2,2,6,15,2016,False,0,unfurnished,5.28,False,False
14833,l00433,3,4,3,14,2001,False,0,semi-furnished,3.92,True,True
14834,l00434,4,3,0,20,1999,False,0,furnished,5.72,False,False
14835,l00435,1,4,2,16,2001,True,3,unfurnished,7.34,True,True
14837,l00437,2,1,6,8,2021,False,0,unfurnished,7.61,False,True
14840,l00440,4,2,5,17,2017,False,0,furnished,3.28,True,False
14842,l00442,5,4,22,24,2010,True,4,furnished,4.74,False,True
14843,l00443,3,4,7,28,1997,True,4,furnished,2.16,False,True
14844,l00444,5,2,11,35,2012,True,4,furnished,4.55,True,False
14846,l00446,4,3,5,20,2023,True,4,semi-furnished,2.66,False,True
14847,l00447,2,4,4,20,2003,True,0,semi-furnished,0.86,False,False
14848,l00448,2,2,19,20,1999,True,2,semi-furnished,6.68,False,True
14849,l00449,2,2,5,9,2004,True,0,furnished,0.83,True,False
14851,l00451,3,2,9,15,2010,False,0,furnished,0.85,False,False
14852,l00452,1,4,15,37,2001,True,4,unfurnished,5.92,True,True
14853,l00453,1,2,7,31,2001,True,2,unfurnished,6.79,False,True
14854,l00454,2,1,22,23,1998,False,0,unfurnished,4.26,True,False
14855,l00455,5,1,19,34,2009,True,2,furnished,7.86,True,True
14856,l00456,2,3,11,31,1999,True,1,semi-furnished,1.13,True,True
14857,l00457,1,1,8,18,2017,True,0,unfurnished,1.53,True,False
14858,l00458,5,3,0,27,1998,True,3,semi-furnished,4.44,True,False
14859,l00459,2,1,19,34,2018,True,0,unfurnished,6.35,True,True
14860,l00460,2,1,19,37,2005,True,4,semi-furnished,7.49,True,True
14862,l00462,4,2,17,27,2019,False,0,unfurnished,5.0,True,False
14863,l00463,2,3,20,30,2003,True,1,furnished,4.7,True,True
14864,l00464,2,3,25,25,2002,True,1,semi-furnished,1.92,False,False
14867,l00467,4,1,8,39,2007,True,2,semi-furnished,2.0,True,False
14868,l00468,4,1,11,31,2001,True,1,semi-furnished,5.46,False,True
14871,l00471,3,3,13,30,2023,False,0,furnished,7.04,False,False
14873,l00473,4,4,13,32,1995,False,0,semi-furnished,2.31,True,False
14874,l00474,4,1,10,13,1999,True,2,semi-furnished,7.2,True,False
14875,l00475,3,1,13,16,1998,True,0,furnished,2.2,True,True
14877,l00477,5,1,9,10,2006,False,0,unfurnished,1.86,False,True
14878,l00478,4,1,3,38,2022,False,0,semi-furnished,4.55,False,False
14880,l00480,2,3,3,32,2014,True,0,unfurnished,1.4,True,False
14881,l00481,3,3,7,34,2008,False,0,furnished,3.53,True,False
14882,l00482,1,1,21,33,2005,False,0,unfurnished,4.9,False,True
14885,l00485,5,2,15,38,2017,True,3,unfurnished,5.64,False,True
14887,l00487,1,1,4,7,2006,False,0,unfurnished,2.05,False,True
14888,l00488,1,1,23,28,1996,True,2,furnished,4.61,False,False
14890,l00490,2,4,9,31,2008,False,0,semi-furnished,1.66,False,False
14891,l00491,1,1,21,34,2005,True,3,unfurnished,2.36,True,True
14893,l00493,3,1,14,24,2004,False,0,unfurnished,5.06,True,True
14895,l00495,5,4,12,29,2022,False,0,furnished,3.17,False,False
14896,l00496,1,1,15,30,2012,True,0,furnished,7.25,True,False
14897,l00497,3,1,16,37,2023,True,4,furnished,0.43,True,True
14900,l00500,4,2,24,29,2004,True,2,unfurnished,0.82,True,True
14901,l00501,1,1,1,34,2003,True,2,furnished,1.52,True,True
14902,l00502,1,4,7,33,2009,True,4,unfurnished,4.66,False,False
14903,l00503,3,2,4,22,2020,False,0,furnished,6.24,False,True
14904,l00504,4,1,17,29,2011,False,0,semi-furnished,3.94,True,True
14905,l00505,3,4,16,25,2008,True,1,semi-furnished,6.06,False,False
14907,l00507,5,1,21,28,2007,False,0,semi-furnished,2.79,False,False
14909,l00509,3,4,12,15,2004,False,0,unfurnished,4.68,True,False
14910,l00510,3,2,9,22,2017,True,3,unfurnished,4.16,True,True
14911,l00511,3,4,6,11,2010,True,1,furnished,4.85,False,True
14912,l00512,4,2,4,29,2001,True,1,semi-furnished,1.84,False,True
14913,l00513,2,2,9,23,1995,False,0,furnished,2.03,False,True
14914,l00514,4,3,23,33,2017,False,0,unfurnished,2.96,True,False
14915,l00515,4,4,5,17,2004,True,4,semi-furnished,3.85,False,True
14917,l00517,4,2,9,37,1996,True,4,semi-furnished,1.64,False,True
14918,l00518,1,3,24,39,2009,False,0,furnished,2.64,False,False
14919,l00519,4,1,11,28,2015,True,3,furnished,6.77,True,True
14920,l00520,2,2,24,29,2004,False,0,semi-furnished,1.07,True,True
14921,l00521,5,4,3,39,2008,True,2,unfurnished,2.36,False,True
14923,l00523,1,3,4,25,2002,True,1,semi-furnished,7.68,False,False
14924,l00524,2,3,0,10,2003,True,0,semi-furnished,3.99,False,True
14926,l00526,5,3,0,8,2013,False,0,semi-furnished,2.84,False,False
14927,l00527,2,1,10,34,1995,False,0,semi-furnished,0.51,False,True
14928,l00528,2,2,17,37,2009,False,0,unfurnished,7.3,False,True
14929,l00529,4,3,18,30,1999,False,0,furnished,2.64,True,False
14930,l00530,3,4,0,28,2013,True,4,unfurnished,6.79,False,False
14931,l00531,2,1,0,34,2013,True,3,unfurnished,0.33,False,False
14932,l00532,2,4,10,33,2003,False,0,furnished,3.82,True,False
14936,l00536,2,2,25,32,2006,True,4,semi-furnished,4.9,False,False
14937,l00537,4,3,5,29,1995,False,0,semi-furnished,6.39,True,False
14938,l00538,4,4,17,18,2012,False,0,furnished,7.27,True,False
14939,l00539,2,4,3,26,2008,False,0,unfurnished,7.81,True,True
14941,l00541,2,4,2,32,2001,True,2,unfurnished,4.45,True,True
14943,l00543,3,3,23,40,2017,False,0,semi-furnished,0.41,False,False
14944,l00544,3,1,9,32,2020,False,0,semi-furnished,7.36,True,False
14945,l00545,2,4,16,21,2007,False,0,semi-furnished,3.41,False,False
14946,l00546,2,3,4,13,2015,False,0,furnished,2.57,False,True
14949,l00549,4,3,1,18,2015,False,0,furnished,7.82,True,True
14950,l00550,4,3,22,29,1997,False,0,furnished,4.7,False,False
14951,l00551,4,3,1,40,2021,True,0,furnished,5.59,True,True
14952,l00552,5,4,11,33,1997,False,0,semi-furnished,6.61,False,False
14953,l00553,2,4,13,32,2012,False,0,semi-furnished,4.83,True,True
14954,l00554,1,4,1,18,2012,True,2,semi-furnished,7.72,False,False
14955,l00555,2,4,21,38,2019,False,0,unfurnished,7.73,True,False
14956,l00556,1,2,18,32,2008,False,0,semi-furnished,4.8,True,False
14957,l00557,4,4,14,35,2011,False,0,semi-furnished,4.55,True,False
14958,l00558,2,2,13,38,2014,True,1,semi-furnished,5.76,True,False
14959,l00559,5,1,21,31,2021,True,0,furnished,2.52,True,True
14960,l00560,1,1,10,23,2013,False,0,semi-furnished,4.44,True,True
14961,l00561,4,4,9,26,1998,False,0,semi-furnished,7.0,False,True
14962,l00562,5,3,18,23,2019,False,0,semi-furnished,4.17,True,False
14963,l00563,2,1,12,18,2021,False,0,semi-furnished,6.47,True,False
14964,l00564,2,1,8,37,2011,False,0,unfurnished,4.5,True,True
14966,l00566,5,1,1,36,2005,False,0,semi-furnished,0.55,False,False
14967,l00567,4,1,13,34,2006,True,3,unfurnished,1.72,True,True
14968,l00568,4,2,23,38,2011,False,0,semi-furnished,2.11,False,False
14969,l00569,4,3,14,39,2003,False,0,unfurnished,4.99,False,True
14970,l00570,2,2,16,26,1995,True,2,semi-furnished,4.43,True,False
14971,l00571,2,2,0,38,2003,False,0,furnished,3.3,False,False
14972,l00572,1,3,3,10,2002,False,0,furnished,3.7,True,False
14973,l00573,5,3,6,36,2010,True,4,furnished,1.74,False,False
14975,l00575,3,4,4,12,2006,True,3,unfurnished,7.21,True,True
14977,l00577,2,3,7,32,2011,True,4,unfurnished,6.44,False,True
14978,l00578,5,4,14,15,1996,False,0,semi-furnished,1.59,False,False
14979,l00579,4,1,1,39,2012,False,0,unfurnished,1.66,False,False
14980,l00580,2,2,14,29,2017,False,0,furnished,2.18,False,True
14982,l00582,2,3,9,23,2008,True,4,unfurnished,6.75,True,False
14983,l00583,1,3,18,23,2002,True,1,furnished,3.76,False,True
14984,l00584,3,2,12,21,2004,False,0,semi-furnished,4.73,False,True
14985,l00585,2,3,14,19,2017,True,2,semi-furnished,6.11,False,True
14987,l00587,5,1,5,27,1998,False,0,furnished,2.86,True,False
14989,l00589,1,2,21,33,2000,False,0,semi-furnished,2.03,False,False
14990,l00590,3,1,22,26,2022,True,3,unfurnished,5.08,True,True
14991,l00591,2,1,23,25,2002,False,0,semi-furnished,0.96,False,False
14992,l00592,3,1,24,25,2020,False,0,unfurnished,7.62,False,True
14994,l00594,5,2,11,11,2008,True,2,unfurnished,4.29,False,False
14996,l00596,4,2,15,30,2000,False,0,unfurnished,5.23,True,False
14997,l00597,3,4,1,8,2011,True,3,semi-furnished,1.56,True,False
14998,l00598,1,4,11,24,2021,False,0,semi-furnished,1.31,False,False
14999,l00599,2,2,17,36,2020,False,0,unfurnished,5.71,False,False
15001,l00601,2,2,0,17,2012,True,0,unfurnished,6.3,True,False
15002,l00602,4,4,6,6,2019,False,0,semi-furnished,7.86,True,True
15003,l00603,4,1,13,17,2020,True,4,unfurnished,5.89,True,True
15004,l00604,3,1,25,33,1997,True,3,semi-furnished,2.72,False,True
15006,l00606,4,4,3,23,2019,False,0,furnished,7.16,False,False
15007,l00607,3,4,16,32,2011,True,3,semi-furnished,4.11,True,True
15008,l00608,4,3,15,29,1996,True,0,semi-furnished,5.78,False,False
15009,l00609,5,3,2,16,1996,True,0,unfurnished,5.89,False,False
15011,l00611,5,1,25,40,2017,True,0,furnished,5.01,True,False
15012,l00612,3,1,2,31,2004,True,2,semi-furnished,2.89,False,False
15013,l00613,3,3,4,17,2021,False,0,unfurnished,5.7,True,False
15014,l00614,5,2,9,12,2005,True,1,semi-furnished,7.26,False,False
15015,l00615,5,4,5,39,2021,False,0,semi-furnished,4.82,True,True
15017,l00617,4,4,21,36,2023,False,0,unfurnished,2.21,False,False
15018,l00618,2,4,10,10,2009,False,0,semi-furnished,7.8,True,False
15019,l00619,2,1,0,18,2015,False,0,furnished,6.85,False,False
15020,l00620,3,2,12,12,2016,False,0,furnished,2.81,False,True
15021,l00621,1,2,16,39,2000,False,0,semi-furnished,3.81,False,False
15022,l00622,4,1,0,32,2021,True,3,furnished,7.88,False,False
15024,l00624,4,1,7,30,1999,False,0,furnished,7.1,True,True
15026,l00626,3,2,0,24,2021,True,3,unfurnished,7.24,True,False
15027,l00627,1,1,17,38,2006,False,0,semi-furnished,5.67,True,True
15028,l00628,3,1,11,11,2020,False,0,semi-furnished,6.77,False,True
15030,l00630,3,1,19,40,1998,False,0,semi-furnished,0.76,True,False
15031,l00631,1,1,16,34,2023,False,0,furnished,1.22,False,False
15032,l00632,4,2,4,25,2009,False,0,unfurnished,1.87,True,False
15033,l00633,1,4,17,22,2017,False,0,unfurnished,3.91,False,True
15034,l00634,4,1,6,15,2001,True,4,furnished,1.46,True,False
15035,l00635,2,4,8,20,2015,True,3,furnished,3.17,False,True
15037,l00637,2,3,13,24,2001,True,4,furnished,6.95,False,True
15038,l00638,3,3,15,37,2018,True,0,unfurnished,4.67,False,False
15040,l00640,1,3,2,14,2021,False,0,unfurnished,4.14,True,True
15041,l00641,5,3,13,29,2013,True,2,furnished,1.02,True,True
15043,l00643,5,1,4,22,2008,False,0,unfurnished,1.7,True,True
15046,l00646,4,2,5,32,2013,False,0,semi-furnished,6.86,True,True
15048,l00648,2,2,0,31,1996,False,0,unfurnished,5.09,False,True
15049,l00649,2,2,19,38,2003,True,0,unfurnished,4.84,True,True
15051,l00651,1,2,0,33,1996,True,4,furnished,6.97,True,False
15052,l00652,2,2,5,22,2020,True,4,semi-furnished,2.56,True,True
15053,l00653,3,3,23,39,2016,True,4,furnished,6.7,True,False
15054,l00654,1,3,5,17,2008,True,1,semi-furnished,6.01,True,False
15056,l00656,3,3,6,40,2000,False,0,unfurnished,4.56,False,False
15057,l00657,5,4,10,23,2016,True,0,unfurnished,1.01,False,False
15058,l00658,2,1,5,34,2011,False,0,semi-furnished,1.38,False,True
15059,l00659,1,3,16,21,2019,True,0,unfurnished,5.22,False,True
15061,l00661,1,4,11,30,2023,True,4,semi-furnished,7.62,False,False
15062,l00662,2,4,24,38,2000,False,0,semi-furnished,4.76,False,True
15064,l00664,3,2,1,25,2014,False,0,furnished,0.96,True,True
15065,l00665,5,1,11,29,2001,False,0,furnished,5.63,False,False
15066,l00666,1,4,12,17,1998,False,0,semi-furnished,3.85,False,True
15067,l00667,3,3,25,35,2009,True,2,furnished,3.06,True,True
15069,l00669,3,3,6,36,2001,True,0,unfurnished,2.54,True,False
15070,l00670,3,4,1,9,1998,True,4,unfurnished,5.11,True,False
15071,l00671,2,1,6,19,2009,False,0,unfurnished,0.3,True,True
15072,l00672,1,3,8,11,2010,True,2,unfurnished,5.06,True,True
15073,l00673,2,4,10,12,2017,True,4,unfurnished,3.09,True,False
15074,l00674,5,2,0,15,2003,True,1,furnished,1.13,False,True
15076,l00676,4,1,3,19,2006,False,0,semi-furnished,7.22,False,False
15077,l00677,5,4,4,34,2000,False,0,furnished,1.22,True,True
15078,l00678,4,3,0,6,2021,False,0,semi-furnished,0.67,False,True
15079,l00679,5,3,7,31,2006,False,0,furnished,6.83,True,False
15080,l00680,5,2,8,12,2016,False,0,furnished,1.97,True,False
15081,l00681,3,2,20,29,2004,True,2,unfurnished,2.17,True,False
15082,l00682,1,3,9,21,2014,True,2,semi-furnished,4.72,False,True
15083,l00683,1,4,5,35,1999,True,0,furnished,0.26,False,True
15085,l00685,4,2,10,34,2000,False,0,furnished,0.8,False,False
15086,l00686,4,4,0,23,2019,False,0,unfurnished,5.91,False,False
15087,l00687,3,2,2,9,2003,True,4,furnished,3.47,False,True
15088,l00688,4,1,7,21,2012,True,0,semi-furnished,6.25,False,False
15089,l00689,2,3,14,24,2019,True,0,furnished,7.51,True,False
15090,l00690,1,3,9,15,2013,False,0,furnished,3.84,False,True
15091,l00691,2,4,7,36,1995,False,0,semi-furnished,5.81,False,True
15092,l00692,5,4,10,35,2005,True,4,furnished,6.29,False,True
15093,l00693,1,1,3,9,2017,False,0,furnished,3.5,False,False
15094,l00694,1,1,21,33,2012,True,3,furnished,6.63,True,False
15095,l00695,3,1,13,21,2007,False,0,semi-furnished,7.12,False,True
15097,l00697,2,4,11,22,2013,False,0,furnished,7.83,True,True
15098,l00698,1,2,21,35,2003,True,4,semi-furnished,0.32,True,False
15099,l00699,5,3,20,25,2020,False,0,semi-furnished,5.68,True,False
15100,l00700,5,1,5,36,2021,True,3,unfurnished,6.35,True,False
15102,l00702,4,2,17,24,2020,False,0,semi-furnished,1.79,False,True
15103,l00703,1,2,19,31,2004,False,0,furnished,0.47,False,True
15104,l00704,2,3,14,15,2003,False,0,unfurnished,3.73,True,False
15105,l00705,3,2,7,25,2007,False,0,unfurnished,2.73,True,True
15106,l00706,3,3,6,15,1998,True,1,furnished,6.35,False,False
15107,l00707,3,4,11,17,2022,False,0,unfurnished,1.47,False,False
15108,l00708,1,2,24,26,2016,True,4,unfurnished,7.37,False,True
15111,l00711,2,3,1,27,2006,False,0,unfurnished,4.86,False,True
15113,l00713,1,1,5,28,1999,False,0,furnished,2.98,True,False
15115,l00715,1,2,24,25,2021,True,1,semi-furnished,6.28,True,False
15117,l00717,3,4,7,33,2004,False,0,semi-furnished,3.19,True,True
15118,l00718,1,4,1,37,2016,False,0,furnished,6.99,True,False
15119,l00719,5,2,14,14,2008,True,2,semi-furnished,6.28,True,False
15120,l00720,4,3,3,35,2015,False,0,unfurnished,1.97,False,False
15121,l00721,2,2,19,20,2016,False,0,furnished,6.57,True,False
15122,l00722,5,3,5,10,1996,True,4,unfurnished,0.92,False,False
15123,l00723,1,1,12,37,1998,False,0,unfurnished,3.9,True,True
15125,l00725,2,2,10,17,2022,False,0,semi-furnished,2.95,True,False
15126,l00726,5,2,4,23,2015,True,1,unfurnished,4.17,True,True
15128,l00728,1,1,5,19,2016,False,0,semi-furnished,6.61,False,False
15129,l00729,1,4,17,30,2020,False,0,furnished,1.61,False,True
15131,l00731,2,3,0,37,2004,True,3,unfurnished,5.7,False,False
15132,l00732,3,4,19,22,2016,True,2,furnished,3.91,False,False
15133,l00733,4,2,19,37,2020,False,0,furnished,4.99,True,True
15134,l00734,1,2,1,11,2013,True,1,unfurnished,6.57,True,True
15136,l00736,2,2,0,27,2020,False,0,unfurnished,0.76,False,True
15137,l00737,5,3,5,26,2011,False,0,furnished,2.09,False,False
15138,l00738,1,2,3,10,2017,False,0,semi-furnished,1.09,False,True
15139,l00739,5,4,14,27,2021,False,0,furnished,5.43,False,True
15140,l00740,3,4,2,34,2020,True,0,furnished,6.28,True,True
15141,l00741,5,4,5,19,2022,False,0,semi-furnished,4.49,True,False
15142,l00742,2,1,11,30,1997,False,0,semi-furnished,6.21,True,True
15143,l00743,1,4,18,19,2012,True,3,unfurnished,6.85,True,False
15144,l00744,5,3,1,11,2011,False,0,semi-furnished,5.29,False,False
15146,l00746,3,4,22,31,2023,False,0,semi-furnished,5.89,True,True
15147,l00747,5,4,2,5,1995,True,4,semi-furnished,3.94,False,False
15148,l00748,5,2,9,26,2020,False,0,semi-furnished,0.63,False,True
15149,l00749,4,1,9,15,2007,False,0,furnished,5.91,False,True
15150,l00750,1,2,13,30,2009,True,3,unfurnished,2.94,True,False
15152,l00752,4,1,10,16,2011,False,0,semi-furnished,0.59,True,True
15153,l00753,5,1,4,32,2023,True,2,semi-furnished,1.26,False,False
15155,l00755,1,4,15,39,2013,False,0,semi-furnished,7.72,False,True
15156,l00756,2,2,3,33,2011,False,0,unfurnished,7.82,False,False
15157,l00757,1,2,24,35,2022,True,1,unfurnished,6.86,False,True
15158,l00758,1,3,11,17,2017,False,0,semi-furnished,3.63,True,True
15159,l00759,1,3,3,13,2006,False,0,unfurnished,0.76,True,False
15162,l00762,3,4,8,31,2003,False,0,unfurnished,4.83,True,True
15163,l00763,1,4,2,19,2009,False,0,semi-furnished,6.79,True,True
15165,l00765,1,3,20,37,2020,False,0,unfurnished,3.5,False,True
15166,l00766,5,1,3,8,2001,False,0,unfurnished,7.21,True,True
15167,l00767,5,4,2,25,2004,False,0,furnished,3.85,False,True
15169,l00769,4,1,3,31,2018,False,0,unfurnished,7.85,True,True
15170,l00770,3,2,22,35,2018,False,0,semi-furnished,2.12,True,True
15171,l00771,1,4,8,32,1995,True,2,furnished,4.04,False,False
15172,l00772,4,3,11,22,1999,True,3,semi-furnished,2.91,False,False
15174,l00774,3,3,20,37,2015,False,0,unfurnished,1.49,False,False
15175,l00775,1,4,5,37,1998,False,0,furnished,2.8,True,False
15176,l00776,4,3,18,34,2012,False,0,semi-furnished,4.8,False,True
15177,l00777,3,3,7,18,2004,True,1,furnished,0.81,True,True
15178,l00778,3,3,6,35,1996,True,0,unfurnished,7.05,True,False
15179,l00779,4,2,18,23,2003,False,0,unfurnished,1.87,False,True
15180,l00780,3,1,5,33,2021,True,2,semi-furnished,5.21,True,False
15183,l00783,1,4,23,25,2000,True,2,furnished,4.43,True,False
15184,l00784,1,2,2,11,2015,False,0,unfurnished,6.14,True,True
15185,l00785,1,4,15,38,2017,False,0,semi-furnished,2.2,False,False
15188,l00788,1,3,7,21,2019,True,0,unfurnished,5.2,False,False
15189,l00789,1,1,10,16,2006,True,1,semi-furnished,4.66,False,True
15190,l00790,3,1,19,23,2014,True,1,furnished,7.33,False,False
15192,l00792,3,2,1,20,2006,False,0,semi-furnished,5.51,False,False
15196,l00796,3,1,3,37,2005,True,3,unfurnished,7.62,False,False
15197,l00797,3,4,2,34,2023,False,0,unfurnished,3.86,False,False
15198,l00798,5,2,10,31,1996,False,0,furnished,4.49,False,True
15199,l00799,1,1,4,14,2015,False,0,unfurnished,2.21,True,False
15200,l00800,3,4,0,16,2001,False,0,semi-furnished,5.75,True,True
15201,l00801,5,2,15,18,2013,False,0,unfurnished,6.45,True,True
15202,l00802,2,2,19,24,1998,False,0,unfurnished,4.06,True,True
15203,l00803,4,2,12,34,2010,True,2,unfurnished,6.39,False,False
15204,l00804,1,3,13,24,2017,True,3,semi-furnished,3.87,True,True
15207,l00807,1,1,9,10,2006,True,4,furnished,4.93,False,True
15208,l00808,4,4,13,39,2023,True,1,unfurnished,4.36,True,True
15209,l00809,5,3,15,34,2004,True,0,semi-furnished,7.69,True,False
15210,l00810,2,1,2,28,2002,True,2,furnished,2.9,True,False
15211,l00811,3,2,8,39,2002,True,2,unfurnished,4.41,True,False
15212,l00812,2,1,20,30,2004,False,0,furnished,5.76,False,True
15213,l00813,1,3,6,11,2015,True,1,furnished,4.17,False,False
15215,l00815,1,3,15,35,1996,False,0,semi-furnished,3.04,True,True
15216,l00816,3,1,24,30,2022,True,1,unfurnished,0.69,False,True
15217,l00817,5,1,9,11,1998,True,1,furnished,2.65,False,False
15218,l00818,2,2,2,36,2012,True,4,furnished,4.68,True,True
15219,l00819,4,1,1,40,2012,True,0,unfurnished,0.57,True,False
15221,l00821,3,3,6,10,2020,True,0,semi-furnished,7.8,False,False
15222,l00822,1,2,14,26,2015,False,0,furnished,3.96,True,True
15223,l00823,3,3,5,22,2010,True,0,furnished,3.23,False,False
15224,l00824,5,3,4,20,2012,True,0,furnished,5.53,True,False
15225,l00825,4,2,14,18,2021,False,0,unfurnished,0.78,True,False
15227,l00827,5,1,2,9,1998,False,0,furnished,5.28,False,True
15228,l00828,1,3,6,10,2002,True,2,furnished,3.0,True,True
15229,l00829,4,3,5,35,2012,False,0,semi-furnished,3.86,True,False
15232,l00832,5,3,6,18,2011,False,0,semi-furnished,7.63,False,False
15233,l00833,3,2,7,39,1996,False,0,unfurnished,1.57,True,True
15234,l00834,2,3,8,29,2018,False,0,unfurnished,4.67,True,True
15236,l00836,4,1,16,23,2018,False,0,furnished,3.79,True,True
15237,l00837,3,2,6,11,2001,True,1,furnished,0.23,True,False
15238,l00838,5,4,6,31,2023,False,0,unfurnished,4.32,True,False
15241,l00841,5,4,5,36,2018,True,3,semi-furnished,3.71,True,False
15243,l00843,5,4,12,31,2022,False,0,unfurnished,7.82,True,True
15244,l00844,4,3,8,9,2021,True,0,unfurnished,0.46,False,False
15247,l00847,4,2,20,22,2007,True,4,semi-furnished,3.61,True,False
15248,l00848,2,4,22,38,2002,True,0,unfurnished,3.87,True,True
15249,l00849,5,3,6,21,2018,True,1,furnished,5.59,True,True
15250,l00850,2,3,13,39,2014,True,0,unfurnished,0.65,False,True
15251,l00851,2,2,25,33,2016,True,0,unfurnished,6.56,False,True
15252,l00852,1,2,22,35,2007,False,0,semi-furnished,0.57,True,True
15254,l00854,2,4,6,8,2001,False,0,semi-furnished,6.07,True,True
15255,l00855,5,2,11,24,2010,True,2,furnished,2.61,False,True
15256,l00856,5,3,17,24,1999,False,0,unfurnished,5.96,False,True
15257,l00857,1,3,5,35,1997,True,4,furnished,1.71,False,False
15259,l00859,1,4,23,37,1995,True,0,semi-furnished,1.55,True,False
15260,l00860,2,3,16,17,1998,True,0,furnished,7.5,False,False
15261,l00861,5,3,12,14,2018,False,0,unfurnished,4.96,True,True
15262,l00862,3,3,0,32,1997,True,2,furnished,5.75,False,True
15263,l00863,4,3,25,26,2013,False,0,semi-furnished,6.6,True,True
15264,l00864,2,1,15,24,2013,True,3,unfurnished,1.71,False,False
15265,l00865,4,3,11,40,1998,True,0,furnished,2.81,True,False
15266,l00866,5,2,2,16,2021,False,0,furnished,6.58,True,False
15268,l00868,3,2,7,15,1996,False,0,semi-furnished,2.28,False,False
15269,l00869,2,1,0,21,2022,False,0,furnished,0.25,True,True
15270,l00870,1,2,11,21,2021,True,3,furnished,1.8,False,False
15272,l00872,1,2,16,38,2011,False,0,furnished,1.21,True,False
15273,l00873,3,2,21,29,2008,False,0,furnished,4.18,False,False
15274,l00874,3,4,8,29,2007,False,0,semi-furnished,1.36,False,False
15276,l00876,5,4,15,19,2014,True,2,unfurnished,7.88,False,False
15277,l00877,5,4,18,30,2006,True,0,semi-furnished,2.45,False,False
15278,l00878,1,3,6,8,2001,True,0,semi-furnished,3.14,True,True
15279,l00879,3,3,21,34,2007,True,1,furnished,5.44,False,False
15280,l00880,5,4,21,24,1996,True,3,furnished,1.08,True,True
15281,l00881,5,1,20,26,1998,True,1,furnished,1.48,True,True
15282,l00882,5,2,5,15,2000,True,2,unfurnished,6.62,True,False
15283,l00883,3,2,4,15,2007,True,3,unfurnished,5.97,True,False
15285,l00885,4,1,13,15,2022,True,4,furnished,4.47,True,True
15286,l00886,3,2,15,35,2023,True,3,unfurnished,2.81,True,False
15287,l00887,1,3,10,10,1995,True,3,unfurnished,5.33,True,False
15288,l00888,3,3,1,35,2012,True,1,semi-furnished,4.76,False,True
15289,l00889,4,2,0,27,2009,False,0,unfurnished,2.72,False,True
15290,l00890,1,2,21,27,2010,False,0,semi-furnished,7.79,False,False
15291,l00891,5,1,6,9,2017,True,0,furnished,2.35,True,False
15292,l00892,2,3,11,24,2014,True,0,unfurnished,3.29,True,False
15293,l00893,3,3,10,29,2003,True,0,unfurnished,4.36,False,False
15294,l00894,2,4,1,14,2014,False,0,unfurnished,7.44,False,False
15295,l00895,3,2,6,25,2021,False,0,furnished,6.91,True,True
15296,l00896,2,4,18,19,2011,True,1,semi-furnished,3.78,True,True
15297,l00897,5,2,18,38,2002,False,0,furnished,3.95,True,False
15298,l00898,1,4,9,32,2016,False,0,semi-furnished,4.49,True,True
15299,l00899,4,3,6,7,1998,False,0,semi-furnished,0.77,False,False
15301,l00901,3,4,8,27,2004,True,4,unfurnished,1.97,False,False
15304,l00904,5,2,11,36,2020,True,1,furnished,3.2,False,True
15305,l00905,3,3,1,12,2007,False,0,semi-furnished,5.77,False,False
15306,l00906,5,3,21,30,2020,False,0,semi-furnished,3.68,True,True
15307,l00907,1,2,11,13,2000,True,4,unfurnished,1.09,False,True
15308,l00908,2,1,4,15,2017,True,3,semi-furnished,6.76,False,False
15309,l00909,4,2,17,34,2016,True,3,furnished,6.04,False,True
15310,l00910,1,4,16,37,1999,True,1,unfurnished,0.8,True,False
15311,l00911,3,3,16,34,2015,True,2,unfurnished,1.22,True,False
15312,l00912,3,3,12,17,2000,False,0,semi-furnished,7.95,True,True
15313,l00913,3,4,5,25,2001,True,3,furnished,1.08,True,True
15314,l00914,3,2,13,37,1995,True,3,unfurnished,5.42,True,True
15316,l00916,4,3,10,38,2016,True,0,semi-furnished,0.79,True,False
15317,l00917,2,4,24,35,2000,False,0,semi-furnished,5.93,False,False
15318,l00918,4,4,5,30,2017,False,0,furnished,6.72,False,False
15319,l00919,2,2,16,29,2017,True,0,furnished,4.22,True,True
15320,l00920,4,1,2,40,2018,False,0,semi-furnished,4.09,False,False
15322,l00922,3,1,8,26,2003,True,3,semi-furnished,5.99,False,False
15323,l00923,5,3,18,20,1995,False,0,semi-furnished,5.94,False,True
15324,l00924,5,1,18,38,2020,True,1,semi-furnished,6.0,False,False
15325,l00925,3,4,3,18,2008,True,1,semi-furnished,5.58,False,False
15326,l00926,2,2,25,30,2004,False,0,furnished,4.89,True,False
15327,l00927,1,3,8,24,2009,True,1,semi-furnished,2.38,True,False
15328,l00928,5,4,1,26,2011,False,0,unfurnished,7.63,True,True
15329,l00929,4,3,3,35,1997,True,2,furnished,1.41,True,False
15331,l00931,1,1,12,21,2006,True,0,furnished,4.76,False,True
15333,l00933,5,1,0,16,2017,True,2,furnished,6.52,False,False
15334,l00934,3,2,8,38,2022,True,0,unfurnished,2.63,True,True
15335,l00935,1,4,15,34,2000,True,4,semi-furnished,1.56,True,True
15336,l00936,4,4,8,28,1995,False,0,furnished,3.87,True,False
15337,l00937,3,1,1,5,2018,True,3,semi-furnished,2.39,False,False
15338,l00938,2,4,6,36,2008,True,3,semi-furnished,0.34,False,False
15339,l00939,3,2,9,15,2019,False,0,unfurnished,3.08,False,False
15340,l00940,4,4,4,30,2017,False,0,unfurnished,5.95,False,False
15341,l00941,5,4,7,7,2006,False,0,furnished,2.39,True,False
15344,l00944,1,4,15,17,1997,False,0,semi-furnished,4.45,False,True
15345,l00945,1,1,1,15,2022,False,0,semi-furnished,1.36,False,False
15346,l00946,2,1,10,38,2010,True,2,unfurnished,6.55,False,True
15348,l00948,2,1,15,40,2017,False,0,semi-furnished,7.81,True,False
15349,l00949,3,4,25,31,2001,False,0,furnished,3.18,False,False
15350,l00950,2,1,5,31,2005,False,0,furnished,5.17,True,True
15351,l00951,4,1,3,36,2021,False,0,furnished,7.4,False,True
15352,l00952,5,1,7,20,2021,False,0,furnished,7.32,False,True
15353,l00953,1,1,10,17,1998,False,0,furnished,3.44,False,False
15356,l00956,1,3,8,24,2014,True,0,furnished,3.43,True,False
15357,l00957,1,1,6,19,2020,False,0,furnished,1.71,True,True
15358,l00958,3,3,10,32,2007,True,2,furnished,3.9,False,False
15359,l00959,2,1,7,33,2014,False,0,semi-furnished,3.1,False,True
15361,l00961,1,4,11,20,2023,True,3,semi-furnished,3.08,True,False
15364,l00964,2,3,14,27,2019,False,0,semi-furnished,4.54,True,True
15365,l00965,3,4,25,38,1998,False,0,furnished,7.14,True,True
15366,l00966,3,1,25,36,2004,False,0,furnished,1.27,False,True
15367,l00967,5,1,7,35,2010,True,3,semi-furnished,5.45,True,True
15368,l00968,1,1,1,5,2009,True,4,semi-furnished,3.06,False,True
15369,l00969,3,1,1,11,2012,True,2,furnished,2.19,False,True
15371,l00971,2,1,20,34,1996,True,1,unfurnished,6.87,False,True
15372,l00972,2,2,3,23,2013,False,0,furnished,6.1,True,False
15374,l00974,5,3,13,21,2015,False,0,unfurnished,1.28,True,True
15375,l00975,1,2,2,15,1998,True,2,furnished,6.56,True,True
15376,l00976,1,4,16,35,2008,True,2,furnished,5.65,True,True
15378,l00978,4,2,11,12,2002,False,0,furnished,6.41,True,True
15379,l00979,3,2,14,22,2019,False,0,semi-furnished,2.74,False,False
15380,l00980,4,2,10,31,2023,False,0,furnished,1.24,True,True
15381,l00981,5,4,3,28,2007,True,2,unfurnished,6.97,True,True
15382,l00982,1,3,4,12,2023,True,3,unfurnished,1.56,True,True
15383,l00983,4,2,9,34,2006,True,4,unfurnished,1.61,False,False
15384,l00984,3,4,10,13,2006,True,1,semi-furnished,1.91,True,False
15385,l00985,1,1,24,26,2003,True,3,unfurnished,4.2,False,False
15387,l00987,3,4,2,22,2004,True,4,unfurnished,1.71,True,False
15388,l00988,1,4,23,34,2016,False,0,furnished,5.7,False,True
15389,l00989,5,4,11,17,2000,True,0,semi-furnished,5.0,False,True
15390,l00990,1,1,2,8,2012,True,2,unfurnished,6.64,True,False
15392,l00992,4,1,0,35,2006,False,0,unfurnished,2.37,True,True
15393,l00993,5,4,24,31,2009,False,0,unfurnished,4.76,True,True
15394,l00994,3,1,20,35,2006,True,2,semi-furnished,3.9,False,True
15397,l00997,3,3,13,24,2012,True,0,furnished,7.72,False,True
15398,l00998,4,1,13,19,2018,True,2,furnished,7.32,False,True
15399,l00999,4,1,9,29,2020,True,4,semi-furnished,5.37,False,False
15400,l01000,5,1,18,26,1995,False,0,unfurnished,3.51,True,False
15401,l01001,3,4,15,35,2018,False,0,unfurnished,5.33,True,False
15402,l01002,4,3,17,37,2020,True,1,semi-furnished,0.43,False,True
15403,l01003,3,2,16,31,1997,False,0,semi-furnished,0.86,True,True
15405,l01005,5,2,2,20,1998,True,3,furnished,6.63,False,True
15406,l01006,2,1,7,11,2016,True,4,semi-furnished,7.83,False,False
15407,l01007,2,4,6,19,2003,False,0,unfurnished,1.15,True,False
15408,l01008,4,1,9,14,2021,False,0,semi-furnished,3.46,False,True
15410,l01010,5,3,2,27,2005,False,0,furnished,0.75,False,False
15411,l01011,3,1,15,29,2014,True,0,semi-furnished,2.49,True,False
15412,l01012,5,3,5,30,2011,False,0,furnished,5.76,True,True
15413,l01013,1,4,1,26,2008,True,1,furnished,2.44,True,True
15414,l01014,1,4,3,9,1998,False,0,unfurnished,3.26,False,True
15416,l01016,4,4,9,30,2019,False,0,unfurnished,4.74,True,False
15420,l01020,4,2,0,10,2015,False,0,unfurnished,3.88,True,False
15424,l01024,1,4,16,28,2010,True,0,semi-furnished,6.34,True,False
15425,l01025,1,1,24,34,2005,False,0,furnished,4.21,False,False
15426,l01026,4,2,10,14,2001,True,2,semi-furnished,3.09,True,False
15429,l01029,5,2,16,27,2019,True,2,unfurnished,4.54,False,True
15430,l01030,5,3,5,6,2015,False,0,unfurnished,2.2,True,False
15431,l01031,2,4,16,39,1997,True,1,unfurnished,0.43,True,False
15432,l01032,5,4,10,27,2022,True,4,furnished,6.35,False,True
15434,l01034,5,2,18,27,2005,False,0,furnished,2.95,True,False
15435,l01035,1,3,11,24,1996,False,0,unfurnished,2.19,True,True
15437,l01037,1,2,5,14,2009,True,1,semi-furnished,2.67,True,True
15438,l01038,1,1,6,8,2008,False,0,semi-furnished,6.96,False,True
15439,l01039,5,4,7,25,2002,False,0,furnished,2.58,True,False
15440,l01040,5,1,15,25,2020,True,0,unfurnished,7.01,False,False
15442,l01042,4,2,4,16,2022,False,0,unfurnished,5.8,False,True
15443,l01043,4,2,2,6,1995,False,0,furnished,0.74,False,False
15446,l01046,4,3,1,36,2011,True,2,unfurnished,4.2,True,True
15447,l01047,3,2,17,34,1999,True,4,semi-furnished,0.46,False,False
15448,l01048,4,4,14,36,2015,False,0,furnished,3.95,False,False
15449,l01049,1,3,2,36,2016,False,0,furnished,2.13,True,True
15450,l01050,2,1,5,17,2021,False,0,furnished,2.53,True,True
15451,l01051,1,2,24,25,2013,False,0,furnished,4.36,False,True
15452,l01052,5,3,4,33,1995,True,2,semi-furnished,5.35,True,False
15453,l01053,5,1,7,9,2003,True,0,semi-furnished,1.46,False,True
15455,l01055,2,3,14,36,1996,True,3,semi-furnished,2.1,False,True
15456,l01056,2,3,5,27,1995,True,3,semi-furnished,7.83,True,False
15457,l01057,5,3,1,38,1996,True,0,unfurnished,4.34,True,False
15458,l01058,4,4,18,34,1998,False,0,unfurnished,7.74,True,False
15459,l01059,1,4,6,24,2005,False,0,semi-furnished,0.5,True,False
15460,l01060,4,2,2,31,2020,False,0,unfurnished,2.26,False,False
15461,l01061,5,3,9,30,2013,True,0,unfurnished,0.34,False,False
15462,l01062,2,4,12,22,1996,True,0,furnished,6.5,False,True
15464,l01064,3,1,18,39,2000,False,0,unfurnished,4.57,True,True
15466,l01066,2,3,9,27,2014,True,2,furnished,5.04,False,False
15467,l01067,3,4,19,25,1995,False,0,unfurnished,0.27,True,True
15468,l01068,4,2,9,31,1996,False,0,furnished,5.29,True,False
15469,l01069,2,2,8,26,2000,False,0,semi-furnished,3.2,True,False
15470,l01070,5,1,19,29,2011,True,4,semi-furnished,2.89,True,True
15471,l01071,1,2,3,30,2020,True,2,furnished,4.05,False,True
15472,l01072,4,2,6,18,2002,False,0,unfurnished,6.29,True,True
15473,l01073,5,4,4,33,1999,True,0,semi-furnished,7.41,True,True
15474,l01074,3,4,20,28,2018,True,3,unfurnished,0.49,False,False
15475,l01075,2,4,22,33,1998,False,0,furnished,7.88,True,False
15476,l01076,2,2,0,25,2002,True,1,semi-furnished,7.62,True,False
15477,l01077,5,3,9,23,2015,False,0,semi-furnished,1.38,True,False
15478,l01078,5,2,14,14,2001,False,0,furnished,0.62,True,True
15479,l01079,2,3,8,9,2006,False,0,unfurnished,2.79,True,True
15480,l01080,1,3,5,14,2016,False,0,furnished,1.03,True,True
15481,l01081,1,1,4,40,1995,True,4,furnished,6.97,True,False
15482,l01082,2,3,19,20,2022,True,2,unfurnished,3.91,False,True
15483,l01083,4,1,11,14,2001,False,0,semi-furnished,0.88,True,False
15484,l01084,1,1,15,15,2023,True,3,furnished,6.92,False,False
15485,l01085,1,1,16,31,2002,True,1,unfurnished,7.56,True,True
15486,l01086,3,3,5,38,2008,True,2,furnished,3.54,True,False
15487,l01087,4,2,16,18,1999,True,1,semi-furnished,4.53,False,False
15488,l01088,2,3,16,26,2005,False,0,semi-furnished,2.22,False,True
15489,l01089,3,4,15,21,2001,True,3,unfurnished,6.88,True,True
15490,l01090,4,4,23,40,2020,False,0,furnished,3.91,False,True
15491,l01091,5,1,25,39,1996,True,0,furnished,5.11,True,False
15492,l01092,4,2,6,27,2005,True,2,unfurnished,7.65,False,True
15493,l01093,5,3,5,18,2001,False,0,furnished,0.39,True,False
15494,l01094,2,3,4,20,2021,False,0,unfurnished,5.06,True,False
15495,l01095,1,2,7,10,2021,True,4,furnished,1.46,True,False
15497,l01097,2,2,23,32,2018,False,0,semi-furnished,5.43,False,True
15498,l01098,1,3,4,11,2007,False,0,unfurnished,3.53,True,False
15499,l01099,3,1,19,25,2008,True,1,furnished,2.5,True,False
15500,l01100,1,3,0,18,2001,False,0,furnished,0.74,False,True
15501,l01101,3,2,12,35,2015,False,0,furnished,1.9,True,True
15502,l01102,5,3,0,33,2014,True,1,semi-furnished,5.94,False,False
15504,l01104,2,4,13,30,2020,True,0,semi-furnished,3.41,True,True
15505,l01105,2,2,9,16,2020,False,0,unfurnished,2.81,True,False
15507,l01107,1,3,12,40,2014,False,0,unfurnished,0.55,False,True
15508,l01108,5,2,3,30,2019,True,2,furnished,5.22,True,True
15509,l01109,4,2,1,22,1999,True,0,semi-furnished,3.01,False,False
15510,l01110,5,3,0,21,2012,False,0,semi-furnished,1.99,True,True
15511,l01111,2,3,7,16,2016,False,0,unfurnished,4.99,True,True
15513,l01113,1,2,4,10,2023,True,3,unfurnished,3.04,True,False
15515,l01115,1,3,11,25,2023,False,0,unfurnished,0.65,False,False
15516,l01116,2,1,5,19,2011,False,0,unfurnished,4.44,False,False
15519,l01119,4,2,8,21,2013,True,4,furnished,6.53,False,False
15520,l01120,2,4,9,9,2015,True,0,semi-furnished,2.76,True,True
15521,l01121,1,1,9,10,1996,False,0,furnished,3.1,False,False
15522,l01122,1,3,13,32,2000,False,0,unfurnished,1.63,False,True
15524,l01124,1,3,0,23,2013,True,1,semi-furnished,6.63,True,True
15525,l01125,5,1,25,39,2014,False,0,furnished,5.3,False,False
15527,l01127,5,2,1,12,2017,False,0,furnished,7.55,False,False
15528,l01128,3,2,18,19,2007,True,2,semi-furnished,7.91,True,True
15529,l01129,1,1,22,35,1999,False,0,semi-furnished,6.21,True,False
15530,l01130,3,3,16,32,2014,True,3,unfurnished,2.65,False,False
15532,l01132,5,2,6,18,2022,True,2,furnished,7.84,True,False
15533,l01133,2,1,0,23,1999,True,2,unfurnished,3.46,True,True
15534,l01134,1,4,17,40,2007,True,0,furnished,1.81,True,True
15535,l01135,4,4,6,22,2015,True,3,semi-furnished,6.68,True,False
15536,l01136,5,2,5,27,2008,True,1,unfurnished,7.21,True,True
15537,l01137,1,2,7,13,2010,False,0,semi-furnished,2.34,False,False
15538,l01138,2,2,6,12,2010,True,2,furnished,5.79,False,False
15539,l01139,1,4,18,25,1999,False,0,semi-furnished,5.26,True,True
15540,l01140,1,3,13,36,2007,True,0,furnished,6.16,True,True
15542,l01142,1,3,11,11,1999,True,0,unfurnished,1.99,True,False
15543,l01143,4,2,8,16,1998,False,0,semi-furnished,2.99,True,False
15544,l01144,5,2,5,26,2012,True,2,unfurnished,4.48,False,True
15545,l01145,1,3,17,19,2016,False,0,semi-furnished,6.59,False,True
15546,l01146,2,1,7,12,2011,False,0,furnished,6.9,True,True
15547,l01147,4,2,19,40,2022,False,0,unfurnished,3.0,False,True
15548,l01148,4,4,9,28,2015,True,2,unfurnished,6.01,True,True
15549,l01149,4,4,0,31,2021,False,0,unfurnished,4.8,False,True
15550,l01150,2,3,0,5,2021,True,0,unfurnished,6.06,True,False
15551,l01151,1,1,2,6,2017,False,0,semi-furnished,7.76,True,True
15552,l01152,5,2,10,17,2003,True,3,semi-furnished,6.21,True,False
15553,l01153,5,4,13,39,2016,True,4,semi-furnished,1.58,False,True
15554,l01154,2,4,4,26,1995,True,0,semi-furnished,6.98,True,False
15558,l01158,3,2,2,31,1998,True,1,unfurnished,1.11,True,False
15559,l01159,2,3,14,16,2011,False,0,unfurnished,2.85,False,True
15560,l01160,1,2,22,26,2001,False,0,semi-furnished,7.67,False,False
15561,l01161,2,4,20,24,2013,False,0,furnished,3.45,True,True
15562,l01162,2,4,14,37,2021,True,2,unfurnished,1.92,False,True
15563,l01163,4,1,19,40,2020,False,0,semi-furnished,5.23,True,True
15564,l01164,4,4,7,28,2011,False,0,unfurnished,0.92,True,False
15565,l01165,3,4,2,36,2016,False,0,semi-furnished,3.1,True,True
15566,l01166,1,4,4,33,2005,False,0,unfurnished,0.82,False,True
15567,l01167,5,4,0,15,1995,True,2,unfurnished,3.14,False,True
15569,l01169,4,1,0,19,2018,True,2,unfurnished,6.22,False,True
15570,l01170,3,1,2,5,2012,False,0,unfurnished,3.89,True,True
15572,l01172,2,2,4,27,2006,True,3,semi-furnished,6.69,True,True
15573,l01173,4,1,1,12,2011,False,0,semi-furnished,0.51,False,True
15574,l01174,1,2,13,21,2005,False,0,furnished,0.66,False,True
15575,l01175,3,1,5,26,2002,False,0,semi-furnished,7.07,False,False
15576,l01176,1,3,1,32,2012,True,4,furnished,1.49,True,True
15577,l01177,4,1,20,25,2007,False,0,semi-furnished,6.83,False,False
15578,l01178,3,2,12,36,1999,False,0,furnished,0.61,True,False
15579,l01179,3,3,13,26,2022,True,4,unfurnished,6.34,True,False
15583,l01183,2,1,0,21,2004,False,0,furnished,7.63,True,False
15584,l01184,4,4,22,25,2010,False,0,unfurnished,4.04,False,False
15585,l01185,4,4,8,28,1995,True,2,unfurnished,1.29,False,False
15587,l01187,2,3,7,25,2016,False,0,unfurnished,6.51,False,False
15589,l01189,2,1,10,30,1995,False,0,unfurnished,5.01,True,False
15590,l01190,5,2,1,6,2000,False,0,furnished,2.17,True,True
15591,l01191,2,1,17,35,2002,True,1,unfurnished,2.24,False,False
15592,l01192,5,1,12,33,2006,True,3,unfurnished,1.05,True,False
15594,l01194,4,2,2,10,2011,True,3,unfurnished,3.23,True,False
15596,l01196,2,1,2,26,2000,True,2,unfurnished,4.7,False,False
15597,l01197,1,2,3,23,1999,False,0,furnished,2.61,False,True
15599,l01199,1,1,18,30,2021,False,0,unfurnished,2.85,False,False
15600,l01200,3,2,4,31,2004,False,0,furnished,6.84,True,True
15601,l00001,2,3,2,6,2010,False,0,semi-furnished,2.02,True,False
15602,l00002,3,4,25,31,1998,False,0,semi-furnished,5.04,False,True
15603,l00003,5,4,8,39,1998,False,0,semi-furnished,7.99,True,True
15604,l00004,3,3,8,29,2010,True,2,semi-furnished,2.82,True,False
15605,l00005,1,4,12,18,2007,False,0,semi-furnished,5.62,True,False
15606,l00006,1,1,17,27,2010,False,0,semi-furnished,7.76,True,False
15607,l00007,2,1,16,29,2011,True,4,furnished,7.27,False,True
15608,l00008,1,4,8,10,2020,True,1,unfurnished,0.8,True,True
15609,l00009,4,4,1,33,2001,False,0,semi-furnished,5.98,True,True
15610,l00010,3,2,21,33,2007,False,0,furnished,1.0,True,True
15611,l00011,5,3,1,5,2013,False,0,unfurnished,0.45,True,True
15613,l00013,2,2,21,39,2004,True,4,furnished,2.51,True,False
15614,l00014,1,3,24,36,2013,True,3,furnished,2.24,True,False
15615,l00015,5,4,2,23,2008,True,1,furnished,2.85,False,True
15616,l00016,2,4,8,39,2022,True,1,furnished,6.2,True,True
15617,l00017,5,2,0,17,2020,False,0,unfurnished,1.24,False,True
15619,l00019,3,4,8,36,1999,True,0,semi-furnished,2.88,True,True
15621,l00021,1,1,0,7,2021,False,0,semi-furnished,3.65,True,True
15622,l00022,3,3,2,20,2014,True,2,unfurnished,4.4,True,True
15624,l00024,2,3,13,19,2004,True,4,unfurnished,4.59,True,True
15625,l00025,1,4,15,33,2007,False,0,unfurnished,6.0,False,True
15626,l00026,5,2,3,29,1997,True,0,unfurnished,6.16,False,True
15627,l00027,4,4,3,37,2002,False,0,unfurnished,2.48,False,True
15628,l00028,3,4,6,10,2018,False,0,furnished,4.24,False,False
15629,l00029,2,4,14,22,2021,True,0,unfurnished,1.32,False,True
15630,l00030,4,1,21,23,2007,False,0,furnished,4.59,False,False
15631,l00031,3,4,9,22,2001,True,2,semi-furnished,3.37,True,False
15632,l00032,1,1,5,37,1995,False,0,semi-furnished,7.39,True,True
15633,l00033,4,2,19,24,2015,True,0,semi-furnished,6.91,False,False
15634,l00034,2,4,20,23,2007,True,3,furnished,5.24,True,True
15635,l00035,5,1,19,34,1999,False,0,unfurnished,4.14,True,False
15636,l00036,1,1,17,27,2003,False,0,semi-furnished,7.91,True,True
15637,l00037,3,4,7,31,2004,False,0,furnished,3.74,True,True
15638,l00038,5,2,2,17,2001,False,0,semi-furnished,7.67,False,False
15639,l00039,2,1,1,23,2023,False,0,furnished,4.0,True,False
15640,l00040,2,3,3,31,2023,True,3,furnished,0.51,True,False
15641,l00041,3,4,12,21,2003,True,0,unfurnished,1.01,True,True
15642,l00042,1,1,1,28,2008,False,0,semi-furnished,4.0,True,True
15645,l00045,5,4,23,28,2017,False,0,semi-furnished,3.16,True,False
15646,l00046,1,2,11,39,2003,True,3,furnished,3.18,False,True
15647,l00047,5,3,12,14,2014,True,2,semi-furnished,7.43,True,False
15648,l00048,5,2,21,36,2019,True,2,furnished,6.5,True,True
15649,l00049,4,1,17,22,2000,False,0,furnished,2.01,True,True
15650,l00050,5,2,1,8,2003,True,2,furnished,1.25,False,True
15651,l00051,4,3,19,20,2006,True,4,furnished,3.17,True,True
15652,l00052,3,4,15,24,2001,True,3,unfurnished,3.23,False,True
15653,l00053,5,3,11,23,2004,False,0,furnished,0.81,True,False
15654,l00054,3,1,8,30,2007,True,4,semi-furnished,7.26,True,True
15656,l00056,4,1,22,26,2014,True,4,semi-furnished,7.54,False,False
15657,l00057,3,1,21,31,2004,False,0,semi-furnished,5.64,False,False
15658,l00058,3,4,1,9,2015,False,0,unfurnished,6.7,False,False
15660,l00060,4,1,18,30,2023,True,2,unfurnished,7.7,False,False
15661,l00061,3,3,5,19,2017,True,3,semi-furnished,4.61,True,False
15662,l00062,5,4,10,35,2010,True,4,furnished,1.97,False,False
15663,l00063,2,3,0,27,1997,True,4,semi-furnished,0.98,False,True
15665,l00065,2,4,5,37,2017,True,4,semi-furnished,3.47,False,True
15666,l00066,4,3,2,22,2018,False,0,unfurnished,5.5,False,False
15667,l00067,3,1,5,13,2021,False,0,semi-furnished,3.75,True,False
15668,l00068,3,2,4,6,2007,False,0,furnished,5.07,False,True
15669,l00069,5,3,19,27,1997,True,4,furnished,1.92,True,False
15672,l00072,5,2,3,11,2004,True,1,unfurnished,3.93,False,False
15673,l00073,1,1,8,32,2016,True,4,furnished,0.78,True,True
15674,l00074,2,3,1,33,2015,True,2,unfurnished,5.45,False,False
15675,l00075,3,4,4,21,2017,False,0,unfurnished,7.48,True,True
15676,l00076,2,3,6,35,2021,False,0,unfurnished,0.24,False,False
15677,l00077,2,2,17,33,2001,False,0,unfurnished,2.05,False,True
15678,l00078,4,3,20,27,2000,True,2,semi-furnished,5.46,False,True
15679,l00079,1,3,14,20,2007,True,4,furnished,3.18,False,True
15680,l00080,4,2,20,24,2014,True,1,unfurnished,0.76,False,True
15681,l00081,1,3,5,21,2005,True,4,unfurnished,7.11,False,False
15683,l00083,4,2,9,29,2017,False,0,furnished,4.19,False,False
15684,l00084,1,2,17,29,2022,False,0,semi-furnished,2.45,True,False
15686,l00086,5,3,0,19,2004,True,2,furnished,3.18,True,True
15688,l00088,1,4,24,31,2018,True,1,semi-furnished,2.42,False,True
15689,l00089,4,3,18,30,2012,True,4,semi-furnished,1.58,False,True
15690,l00090,2,3,8,34,1999,False,0,furnished,1.89,False,False
15691,l00091,3,2,6,11,2001,False,0,unfurnished,3.02,True,False
15692,l00092,4,4,2,33,2000,False,0,furnished,7.93,False,True
15693,l00093,5,3,4,34,2001,True,2,semi-furnished,7.44,True,False
15694,l00094,3,1,23,34,2000,True,2,unfurnished,6.11,False,False
15695,l00095,4,2,23,35,2001,False,0,semi-furnished,1.13,True,True
15696,l00096,5,1,14,27,2023,True,3,semi-furnished,0.34,False,True
15698,l00098,2,3,21,27,2018,True,0,semi-furnished,3.58,False,False
15699,l00099,4,1,4,9,2004,True,3,semi-furnished,0.77,True,False
15700,l00100,5,2,10,15,2014,True,2,furnished,2.0,True,False
15701,l00101,1,4,21,37,2002,True,2,semi-furnished,2.14,True,True
15702,l00102,3,1,11,13,2001,True,4,furnished,7.91,False,True
15703,l00103,1,2,1,36,2000,True,2,semi-furnished,3.72,False,False
15704,l00104,2,1,5,17,2019,False,0,furnished,7.1,False,False
15705,l00105,1,2,8,36,2014,True,0,semi-furnished,4.76,False,True
15707,l00107,1,1,12,13,2008,False,0,unfurnished,7.2,True,True
15708,l00108,4,2,8,17,2016,True,4,unfurnished,3.35,False,True
15709,l00109,4,2,24,31,2017,True,2,semi-furnished,7.48,False,True
15712,l00112,2,2,5,16,2019,False,0,unfurnished,1.4,True,False
15713,l00113,2,3,10,11,2018,True,0,unfurnished,2.89,True,True
15714,l00114,3,1,8,38,2005,False,0,furnished,1.51,False,True
15715,l00115,3,1,1,28,2003,True,2,semi-furnished,7.57,True,False
15716,l00116,2,2,16,27,2010,False,0,furnished,4.74,True,False
15717,l00117,1,1,8,15,2003,True,3,furnished,3.63,False,True
15718,l00118,5,4,10,25,2002,False,0,furnished,0.63,True,True
15719,l00119,5,2,8,13,2017,True,3,unfurnished,3.9,False,False
15721,l00121,5,4,3,23,2004,True,3,furnished,2.55,False,True
15722,l00122,5,3,16,35,1999,True,0,semi-furnished,7.89,True,True
15723,l00123,3,3,0,22,2015,True,3,semi-furnished,3.73,True,False
15724,l00124,4,3,14,29,2007,False,0,furnished,4.8,False,True
15725,l00125,1,3,4,16,1998,True,2,furnished,0.93,False,False
15726,l00126,3,1,0,21,2018,False,0,semi-furnished,7.47,True,False
15727,l00127,5,3,12,32,2004,True,1,unfurnished,2.77,False,False
15728,l00128,2,4,3,14,2013,False,0,semi-furnished,6.19,False,True
15729,l00129,1,3,17,21,2015,False,0,unfurnished,4.24,False,True
15730,l00130,4,4,22,23,2000,False,0,semi-furnished,2.18,False,True
15731,l00131,5,4,21,29,2005,False,0,semi-furnished,3.35,False,False
15732,l00132,2,2,0,30,2005,True,4,unfurnished,2.29,False,False
15733,l00133,5,1,13,31,2000,True,2,unfurnished,7.36,False,True
15734,l00134,3,3,11,34,1999,True,0,furnished,6.95,False,True
15735,l00135,5,3,8,26,2003,True,1,unfurnished,4.79,True,True
15736,l00136,4,1,3,24,2001,True,1,unfurnished,4.58,False,True
15738,l00138,3,4,2,40,2006,True,0,unfurnished,1.5,True,False
15739,l00139,2,2,1,33,2021,True,2,semi-furnished,5.25,True,False
15741,l00141,4,4,12,40,2017,False,0,furnished,2.87,False,False
15742,l00142,4,4,2,22,2019,True,3,furnished,1.91,False,False
15743,l00143,4,1,22,24,1997,False,0,semi-furnished,7.08,True,True
15745,l00145,3,2,6,25,2016,False,0,semi-furnished,0.75,False,False
15746,l00146,3,1,0,13,2017,True,3,unfurnished,1.2,True,True
15747,l00147,4,3,5,30,2012,True,0,furnished,0.26,False,True
15749,l00149,3,4,24,28,2015,False,0,semi-furnished,2.55,False,True
15750,l00150,3,1,1,28,2000,False,0,unfurnished,6.29,False,False
15751,l00151,2,3,10,40,2016,False,0,furnished,4.32,True,True
15752,l00152,5,4,14,33,2022,True,0,semi-furnished,0.72,False,False
15753,l00153,5,1,24,38,2016,True,4,semi-furnished,4.64,False,True
15754,l00154,4,1,9,35,2002,False,0,furnished,2.68,False,False
15755,l00155,4,3,1,19,2009,False,0,semi-furnished,6.18,True,False
15756,l00156,1,4,4,6,1996,True,0,unfurnished,5.51,True,False
15757,l00157,3,4,10,13,2006,True,0,unfurnished,1.39,False,True
15759,l00159,4,3,9,40,2011,False,0,furnished,3.42,True,False
15760,l00160,2,3,21,21,2005,False,0,furnished,0.79,False,False
15763,l00163,2,1,15,30,2015,False,0,unfurnished,5.88,True,True
15764,l00164,4,3,1,30,2003,False,0,semi-furnished,1.86,False,False
15765,l00165,5,4,8,15,2006,True,0,semi-furnished,1.94,False,True
15766,l00166,3,4,17,37,2015,False,0,semi-furnished,6.2,True,True
15768,l00168,4,3,8,35,2016,True,4,furnished,0.78,True,False
15769,l00169,4,1,4,9,2011,False,0,semi-furnished,6.04,False,True
15770,l00170,5,3,1,18,2010,True,1,unfurnished,7.76,True,False
15771,l00171,5,3,4,10,2022,False,0,semi-furnished,5.29,True,False
15772,l00172,2,3,9,21,2018,False,0,unfurnished,5.57,True,True
15773,l00173,2,2,5,8,1999,True,3,semi-furnished,5.28,True,True
15775,l00175,5,3,8,15,2003,True,3,unfurnished,2.63,False,False
15778,l00178,3,1,18,26,2021,False,0,unfurnished,0.68,True,False
15779,l00179,3,4,8,14,2006,True,0,semi-furnished,2.69,True,True
15780,l00180,4,3,7,15,2015,False,0,furnished,0.35,True,True
15781,l00181,3,4,18,19,2014,False,0,unfurnished,4.24,False,False
15784,l00184,5,3,2,11,2019,True,0,unfurnished,2.86,False,True
15785,l00185,3,1,17,20,2018,True,0,semi-furnished,5.8,False,False
15786,l00186,5,1,20,40,2020,True,2,furnished,4.35,False,False
15788,l00188,4,2,12,18,2019,True,0,furnished,3.69,True,False
15789,l00189,3,4,15,26,2018,True,2,furnished,7.96,False,True
15790,l00190,3,3,6,23,2004,False,0,furnished,3.12,True,False
15791,l00191,4,1,25,25,2021,False,0,furnished,2.71,True,True
15792,l00192,1,4,6,20,2002,True,3,unfurnished,2.47,True,False
15793,l00193,5,4,25,28,2009,True,1,unfurnished,4.38,False,True
15794,l00194,4,4,3,37,2012,False,0,semi-furnished,1.23,False,False
15795,l00195,3,4,6,23,2007,True,1,semi-furnished,0.69,False,False
15800,l00200,1,2,24,38,2009,False,0,semi-furnished,5.34,False,True
15802,l00202,2,3,1,5,2004,False,0,unfurnished,7.25,True,True
15803,l00203,4,4,4,24,2011,True,3,semi-furnished,7.67,True,False
15804,l00204,5,1,1,13,1999,False,0,unfurnished,2.02,False,True
15806,l00206,1,1,17,22,2023,True,2,semi-furnished,6.86,False,True
15807,l00207,3,3,8,25,2003,True,1,semi-furnished,7.87,False,True
15808,l00208,4,1,9,40,2011,False,0,semi-furnished,2.02,False,False
15809,l00209,4,2,17,33,2003,True,1,furnished,2.27,False,False
15814,l00214,1,4,11,11,2017,True,4,furnished,5.26,False,False
15815,l00215,4,4,1,40,2017,False,0,unfurnished,5.0,False,True
15816,l00216,1,3,6,9,2020,True,0,semi-furnished,7.71,True,True
15817,l00217,4,2,4,27,2007,True,4,semi-furnished,7.26,True,False
15818,l00218,4,3,12,33,1997,True,0,semi-furnished,0.48,False,True
15819,l00219,3,2,21,22,2000,True,0,unfurnished,1.86,False,True
15820,l00220,2,4,15,19,2003,True,0,unfurnished,7.61,True,True
15821,l00221,5,4,14,35,2001,True,0,furnished,0.39,False,False
15822,l00222,4,3,4,18,2003,True,0,unfurnished,7.51,True,False
15824,l00224,2,2,23,37,2009,True,1,semi-furnished,0.58,True,False
15825,l00225,4,1,23,40,2019,False,0,furnished,3.84,True,False
15826,l00226,5,2,2,27,1998,True,0,semi-furnished,7.7,False,True
15827,l00227,3,3,5,20,2001,True,1,furnished,0.88,True,False
15828,l00228,5,1,0,29,1997,False,0,unfurnished,6.9,True,False
15829,l00229,2,4,23,30,2001,False,0,unfurnished,4.39,False,True
15830,l00230,4,2,4,22,2023,False,0,semi-furnished,0.76,True,False
15831,l00231,5,4,4,22,2022,True,2,furnished,3.74,True,False
15832,l00232,3,4,5,5,2002,False,0,semi-furnished,0.82,True,True
15833,l00233,4,1,18,32,1995,True,4,unfurnished,0.4,False,True
15835,l00235,3,4,2,25,1998,False,0,semi-furnished,1.49,False,False
15836,l00236,2,2,18,32,2009,True,2,furnished,7.97,False,False
15837,l00237,2,3,2,11,2004,True,0,unfurnished,0.6,True,False
15838,l00238,3,3,16,34,2022,False,0,unfurnished,6.32,True,True
15839,l00239,5,3,6,21,2005,True,4,unfurnished,0.53,False,False
15840,l00240,2,2,10,35,2020,True,2,unfurnished,4.5,True,False
15842,l00242,1,1,6,9,1999,False,0,furnished,3.05,True,True
15843,l00243,2,3,9,32,2021,False,0,semi-furnished,0.68,False,False
15844,l00244,3,2,21,28,2018,False,0,semi-furnished,5.36,False,True
15846,l00246,2,1,3,39,2005,False,0,semi-furnished,5.36,False,False
15847,l00247,1,2,16,36,2012,True,0,semi-furnished,2.93,False,False
15848,l00248,5,3,19,22,2021,False,0,furnished,7.24,False,False
15849,l00249,5,2,0,34,2023,False,0,furnished,7.28,True,False
15850,l00250,3,3,16,36,2004,True,4,unfurnished,3.59,True,False
15851,l00251,4,3,17,20,1996,True,2,furnished,2.61,False,True
15853,l00253,4,1,12,14,2016,False,0,semi-furnished,0.45,False,True
15855,l00255,4,2,24,34,2013,True,3,furnished,4.23,False,True
15857,l00257,2,1,13,31,1997,False,0,semi-furnished,5.5,True,True
15858,l00258,1,2,22,38,1997,False,0,unfurnished,4.77,True,True
15860,l00260,4,4,8,34,2009,True,4,furnished,7.5,True,True
15861,l00261,3,4,0,10,2016,False,0,semi-furnished,6.87,True,False
15863,l00263,2,3,6,40,2002,True,4,furnished,4.52,True,False
15865,l00265,4,2,1,37,1998,False,0,semi-furnished,1.82,True,True
15866,l00266,2,1,15,28,1996,False,0,semi-furnished,1.5,False,True
15869,l00269,2,1,8,18,2016,True,1,furnished,7.71,False,False
15870,l00270,1,3,8,19,1998,False,0,semi-furnished,1.35,True,True
15871,l00271,5,3,13,17,2006,False,0,semi-furnished,1.5,True,True
15872,l00272,2,3,4,25,2000,False,0,unfurnished,4.05,False,False
15873,l00273,1,3,7,35,1996,True,2,semi-furnished,1.21,False,False
15874,l00274,5,2,7,15,2003,False,0,unfurnished,7.21,False,True
15875,l00275,5,3,4,25,2015,True,4,semi-furnished,6.05,True,True
15876,l00276,4,1,8,12,2013,False,0,furnished,3.11,True,True
15879,l00279,2,4,8,38,2007,False,0,unfurnished,4.94,False,False
15880,l00280,4,2,0,27,2002,False,0,semi-furnished,6.48,True,False
15881,l00281,3,3,1,36,2010,True,3,furnished,4.54,False,False
15882,l00282,2,3,0,22,2022,True,1,furnished,5.93,True,False
15883,l00283,2,2,7,7,2022,False,0,unfurnished,4.8,False,True
15886,l00286,1,3,4,9,2008,False,0,unfurnished,7.9,False,True
15887,l00287,1,3,24,32,1998,True,0,semi-furnished,3.01,False,True
15889,l00289,4,1,1,36,2007,True,3,furnished,7.56,True,False
15890,l00290,1,2,14,24,2019,False,0,unfurnished,6.44,True,False
15891,l00291,1,2,13,23,2015,False,0,semi-furnished,3.48,False,True
15892,l00292,2,4,9,31,2002,True,4,unfurnished,4.84,True,False
15893,l00293,1,1,0,27,2001,False,0,furnished,3.1,False,False
15894,l00294,4,3,10,18,2000,True,4,unfurnished,1.53,False,False
15896,l00296,3,3,10,40,1997,True,0,furnished,0.86,True,False
15897,l00297,2,3,4,22,2023,True,1,semi-furnished,0.9,True,True
15900,l00300,2,3,1,18,2020,False,0,furnished,4.52,True,False
15901,l00301,2,3,2,16,2018,False,0,semi-furnished,1.96,True,True
15903,l00303,5,4,21,23,2011,True,1,furnished,3.06,False,True
15905,l00305,4,2,8,15,2021,True,2,furnished,5.43,True,False
15906,l00306,3,3,1,11,1995,True,1,furnished,3.7,True,True
15908,l00308,4,1,17,23,1999,False,0,semi-furnished,7.34,True,False
15909,l00309,2,1,6,24,2008,True,2,unfurnished,7.11,False,False
15910,l00310,1,1,7,9,2023,False,0,unfurnished,2.41,False,True
15911,l00311,3,3,16,38,2013,False,0,unfurnished,4.15,True,False
15912,l00312,4,2,9,9,2018,True,3,furnished,5.27,True,False
15914,l00314,5,2,13,18,2008,True,1,furnished,3.11,False,True
15915,l00315,2,2,2,10,2005,False,0,semi-furnished,2.03,False,False
15917,l00317,1,1,20,33,2013,False,0,semi-furnished,3.61,False,True
15918,l00318,3,4,15,15,2001,False,0,semi-furnished,1.69,True,True
15920,l00320,3,3,11,34,2012,False,0,semi-furnished,4.77,True,True
15921,l00321,2,4,15,25,2009,True,4,unfurnished,7.14,True,False
15922,l00322,1,4,1,17,2014,True,2,furnished,7.2,True,True
15923,l00323,5,1,15,36,1996,False,0,unfurnished,7.8,True,False
15924,l00324,1,3,9,40,1995,True,2,furnished,3.33,False,True
15925,l00325,4,2,4,21,2006,True,1,furnished,5.96,True,False
15927,l00327,5,1,18,31,2011,False,0,unfurnished,3.79,True,False
15928,l00328,1,4,3,30,2015,False,0,furnished,2.24,False,True
15929,l00329,3,1,13,39,2019,True,3,unfurnished,5.36,False,True
15930,l00330,1,1,18,28,2007,False,0,unfurnished,6.98,False,False
15931,l00331,4,2,16,24,2000,True,0,unfurnished,4.74,False,True
15932,l00332,1,3,20,30,1998,False,0,semi-furnished,2.27,True,False
15934,l00334,4,2,9,17,2011,True,3,unfurnished,0.34,False,True
15935,l00335,4,3,14,34,2001,False,0,unfurnished,3.4,True,True
15936,l00336,5,4,12,40,2020,False,0,semi-furnished,5.46,False,False
15937,l00337,1,2,17,30,2021,True,0,unfurnished,0.32,False,False
15938,l00338,3,2,9,27,1995,False,0,semi-furnished,2.79,False,True
15941,l00341,5,4,9,39,2003,True,0,unfurnished,2.83,True,False
15942,l00342,3,4,9,27,1996,True,4,unfurnished,1.55,False,False
15946,l00346,3,4,19,30,1998,False,0,semi-furnished,1.7,False,True
15947,l00347,4,2,17,31,2005,True,1,unfurnished,1.05,False,True
15948,l00348,3,2,13,34,2018,False,0,furnished,6.89,True,False
15949,l00349,5,1,18,19,2001,False,0,semi-furnished,6.62,False,False
15951,l00351,4,3,8,10,2008,False,0,furnished,5.19,True,True
15952,l00352,5,2,24,26,2020,False,0,furnished,2.59,True,False
15953,l00353,1,2,1,5,1998,True,3,furnished,0.65,False,True
15955,l00355,3,2,21,31,2001,False,0,semi-furnished,6.01,True,True
15957,l00357,3,2,10,10,2022,False,0,furnished,6.84,False,False
15961,l00361,4,4,23,30,2002,False,0,furnished,1.09,True,False
15962,l00362,5,4,12,31,2008,False,0,furnished,6.82,False,True
15963,l00363,5,1,14,22,1996,False,0,semi-furnished,2.04,True,True
15965,l00365,5,4,2,12,2008,True,4,semi-furnished,2.55,False,False
15966,l00366,1,4,9,33,1998,False,0,unfurnished,6.46,False,False
15968,l00368,1,3,10,20,2017,False,0,unfurnished,6.0,False,False
15969,l00369,3,2,4,35,2018,True,4,furnished,3.53,True,True
15970,l00370,5,3,13,31,2019,False,0,furnished,4.84,False,False
15971,l00371,2,1,20,24,2014,True,0,unfurnished,4.68,True,True
15972,l00372,2,3,4,30,1995,True,0,semi-furnished,5.65,False,True
15973,l00373,5,2,16,32,2022,True,4,unfurnished,1.71,False,True
15975,l00375,3,1,8,26,2001,False,0,unfurnished,5.63,False,True
15976,l00376,4,3,1,10,2008,False,0,semi-furnished,7.81,False,False
15978,l00378,3,4,7,18,2006,False,0,furnished,1.37,True,False
15979,l00379,3,2,9,10,2017,True,2,semi-furnished,4.0,False,False
15980,l00380,1,3,1,33,2011,True,0,unfurnished,5.44,True,False
15981,l00381,4,1,25,31,1997,False,0,unfurnished,1.7,False,True
15982,l00382,1,2,13,18,1998,True,1,furnished,1.15,False,True
15983,l00383,2,4,0,19,2011,True,0,semi-furnished,0.9,False,False
15984,l00384,3,3,1,16,2017,True,2,unfurnished,1.51,False,True
15985,l00385,1,1,16,35,1999,True,4,semi-furnished,7.66,True,False
15986,l00386,5,2,11,25,2004,True,0,furnished,4.82,False,False
15987,l00387,5,2,15,16,2002,False,0,semi-furnished,2.15,True,False
15988,l00388,5,3,2,8,2023,False,0,unfurnished,2.12,False,False
15990,l00390,4,3,5,22,2019,True,3,semi-furnished,7.5,False,False
15991,l00391,4,4,22,38,2020,True,3,furnished,2.9,True,True
15993,l00393,3,2,2,16,2011,True,1,unfurnished,6.87,False,False
15994,l00394,1,2,22,28,1999,False,0,unfurnished,0.64,False,True
15995,l00395,2,1,3,33,2012,True,4,semi-furnished,1.61,True,False
15997,l00397,3,4,14,27,2003,True,1,unfurnished,2.67,True,True
15998,l00398,5,3,19,29,2017,False,0,semi-furnished,1.81,True,True
16001,l00401,4,3,8,32,2009,True,0,furnished,6.68,True,True
16002,l00402,1,3,4,22,2002,True,2,furnished,0.29,True,False
16003,l00403,3,1,25,35,2015,True,3,semi-furnished,4.92,True,False
16004,l00404,3,2,24,29,2008,True,3,unfurnished,2.76,True,True
16005,l00405,1,1,16,27,2021,False,0,unfurnished,3.84,True,True
16006,l00406,2,4,10,36,2018,True,2,semi-furnished,3.74,True,False
16007,l00407,2,1,8,20,2010,False,0,semi-furnished,5.41,False,True
16008,l00408,2,2,8,15,2001,False,0,furnished,1.4,False,False
16009,l00409,4,4,20,25,2017,False,0,unfurnished,3.85,False,False
16010,l00410,4,3,18,32,2023,False,0,unfurnished,2.2,True,False
16011,l00411,4,4,1,13,2022,False,0,unfurnished,2.88,False,True
16013,l00413,4,1,17,17,2014,False,0,semi-furnished,5.96,False,False
16015,l00415,3,1,17,20,2014,True,3,unfurnished,2.18,True,True
16016,l00416,5,1,16,22,2009,True,3,semi-furnished,1.76,False,True
16017,l00417,3,3,13,25,1995,False,0,furnished,0.53,True,True
16018,l00418,1,3,0,24,1998,False,0,furnished,2.5,False,False
16020,l00420,2,4,7,37,2012,False,0,semi-furnished,5.57,True,True
16022,l00422,3,1,5,27,2013,True,1,unfurnished,0.31,True,False
16023,l00423,5,1,22,25,2015,False,0,furnished,1.07,True,False
16025,l00425,3,3,19,23,2006,False,0,furnished,0.22,True,True
16026,l00426,2,1,22,31,2021,False,0,semi-furnished,4.35,True,True
16027,l00427,3,2,5,26,2003,False,0,semi-furnished,3.72,False,False
16028,l00428,2,1,6,23,2000,False,0,semi-furnished,3.11,False,True
16029,l00429,3,2,15,24,2018,False,0,unfurnished,0.8,False,True
16030,l00430,3,4,16,21,2010,True,3,semi-furnished,2.92,True,False
16031,l00431,2,4,14,25,2023,False,0,unfurnished,1.08,False,False
16032,l00432,1,2,0,16,2020,True,2,furnished,6.87,True,False
16033,l00433,1,1,11,13,2019,True,1,furnished,6.89,False,False
16034,l00434,1,2,9,22,2009,True,0,semi-furnished,2.29,False,True
16035,l00435,5,3,12,34,2022,False,0,unfurnished,2.08,True,True
16036,l00436,3,4,20,33,2016,False,0,furnished,7.21,True,True
16037,l00437,4,4,9,9,1995,True,1,semi-furnished,1.23,False,True
16038,l00438,2,3,8,10,2007,False,0,unfurnished,5.68,False,False
16039,l00439,2,2,9,35,2011,True,1,unfurnished,3.41,False,True
16040,l00440,2,4,9,24,1995,True,3,semi-furnished,3.25,True,True
16041,l00441,2,4,19,28,2004,False,0,furnished,4.82,True,False
16042,l00442,1,2,7,39,2019,True,1,unfurnished,2.89,True,False
16045,l00445,4,3,6,11,2002,False,0,furnished,1.69,True,True
16046,l00446,5,2,18,28,2022,False,0,unfurnished,1.17,False,True
16047,l00447,1,4,8,11,2019,False,0,unfurnished,7.79,False,False
16048,l00448,4,4,5,37,2019,True,2,unfurnished,3.92,True,True
16049,l00449,3,2,14,32,1996,True,1,unfurnished,0.39,True,True
16051,l00451,4,2,17,34,2019,False,0,semi-furnished,7.02,False,True
16053,l00453,2,2,14,24,2002,True,4,semi-furnished,5.95,False,True
16054,l00454,1,4,19,34,2000,True,3,unfurnished,1.5,False,True
16055,l00455,2,1,17,40,2008,True,1,furnished,2.15,True,True
16056,l00456,2,3,21,21,2015,True,4,unfurnished,4.99,False,False
16057,l00457,2,3,9,16,1995,False,0,unfurnished,6.62,True,True
16058,l00458,4,3,25,33,1997,True,2,furnished,0.53,False,True
16059,l00459,2,2,4,6,2017,False,0,semi-furnished,2.98,True,False
16060,l00460,4,4,6,14,1998,True,0,furnished,2.33,True,False
16061,l00461,2,1,0,17,2013,False,0,semi-furnished,3.86,True,True
16063,l00463,5,4,22,32,2013,True,1,furnished,4.03,False,True
16064,l00464,5,4,8,13,2014,True,3,unfurnished,2.43,True,False
16067,l00467,1,3,13,21,2008,True,1,furnished,6.14,True,False
16068,l00468,4,2,13,35,2018,False,0,semi-furnished,7.09,False,False
16073,l00473,4,1,16,30,2016,True,2,furnished,4.71,False,True
16074,l00474,3,3,3,12,2004,True,4,furnished,4.27,False,True
16076,l00476,3,1,19,29,2023,True,1,furnished,7.92,False,True
16078,l00478,2,1,5,35,2021,False,0,unfurnished,1.29,True,False
16079,l00479,5,4,6,29,1995,True,3,semi-furnished,0.7,False,False
16080,l00480,3,3,9,16,2012,True,1,unfurnished,1.26,False,False
16081,l00481,3,1,5,19,2019,True,3,unfurnished,3.34,False,True
16082,l00482,1,3,0,16,2002,False,0,semi-furnished,1.67,False,True
16083,l00483,5,3,12,35,2010,True,0,semi-furnished,6.21,True,True
16084,l00484,4,3,15,31,2018,False,0,unfurnished,2.34,True,True
16086,l00486,5,4,5,38,2003,False,0,unfurnished,1.14,True,True
16088,l00488,5,4,13,25,2018,True,3,furnished,7.8,False,True
16089,l00489,1,3,17,31,1998,True,0,unfurnished,0.43,False,True
16092,l00492,3,1,0,8,2020,True,2,unfurnished,2.74,False,False
16093,l00493,2,3,21,29,1995,False,0,semi-furnished,2.39,False,True
16094,l00494,1,2,25,25,2019,False,0,furnished,6.81,True,True
16097,l00497,4,1,3,7,2007,True,0,unfurnished,2.39,True,True
16098,l00498,4,3,25,28,2014,False,0,furnished,4.05,False,True
16099,l00499,3,4,1,27,2016,True,2,furnished,2.67,True,True
16100,l00500,1,1,7,30,2009,False,0,furnished,2.53,True,False
16102,l00502,2,3,9,29,1997,False,0,unfurnished,2.43,False,True
16103,l00503,4,3,5,25,2000,False,0,semi-furnished,1.35,True,True
16104,l00504,2,1,21,37,2012,True,4,semi-furnished,7.51,False,False
16105,l00505,4,4,0,16,2021,False,0,semi-furnished,3.2,False,True
16108,l00508,4,4,17,24,2019,False,0,unfurnished,4.2,False,False
16109,l00509,2,4,0,7,2019,False,0,unfurnished,6.54,True,False
16110,l00510,5,2,14,23,2012,False,0,semi-furnished,6.56,True,False
16111,l00511,2,4,8,15,2010,True,1,furnished,3.72,False,False
16112,l00512,1,3,20,26,2006,True,1,semi-furnished,6.36,False,False
16113,l00513,4,2,4,12,2007,True,3,semi-furnished,6.1,False,True
16115,l00515,5,3,22,29,1996,True,2,unfurnished,6.76,False,False
16116,l00516,1,2,13,22,2016,True,3,furnished,6.91,False,True
16117,l00517,3,4,0,28,2012,True,0,furnished,7.81,False,True
16118,l00518,5,3,13,34,1998,False,0,unfurnished,3.2,False,False
16119,l00519,1,1,15,33,1996,True,0,unfurnished,7.75,False,False
16120,l00520,1,3,15,40,1995,True,2,semi-furnished,1.48,False,True
16123,l00523,2,1,2,32,2004,False,0,unfurnished,3.27,True,False
16124,l00524,2,1,9,23,2009,False,0,semi-furnished,7.19,False,True
16125,l00525,4,2,16,27,2014,False,0,semi-furnished,6.5,False,True
16129,l00529,1,2,7,29,2011,True,3,unfurnished,4.15,True,True
16130,l00530,5,4,4,27,1997,False,0,semi-furnished,5.95,False,False
16131,l00531,2,1,20,25,1997,False,0,semi-furnished,5.79,False,False
16132,l00532,5,2,11,31,2006,True,3,unfurnished,6.85,True,False
16133,l00533,2,3,22,38,1998,True,2,semi-furnished,5.43,True,True
16134,l00534,4,3,19,19,2006,False,0,furnished,2.79,True,True
16135,l00535,1,1,8,22,2020,False,0,semi-furnished,5.09,False,True
16136,l00536,1,3,13,19,2000,False,0,semi-furnished,6.8,False,True
16138,l00538,2,4,1,31,2019,False,0,unfurnished,1.49,False,False
16139,l00539,3,4,0,20,2011,False,0,semi-furnished,5.27,True,False
16140,l00540,1,2,17,20,2009,False,0,semi-furnished,2.31,False,False
16142,l00542,2,4,19,26,2006,False,0,semi-furnished,2.78,False,True
16143,l00543,2,1,10,36,1995,True,1,furnished,4.64,True,False
16144,l00544,3,1,15,34,2021,False,0,furnished,1.07,False,False
16145,l00545,2,1,6,11,2001,False,0,semi-furnished,0.88,True,False
16146,l00546,5,1,2,13,2017,True,3,semi-furnished,1.69,True,False
16147,l00547,3,4,3,35,2023,False,0,furnished,1.83,True,False
16149,l00549,4,3,14,18,2009,False,0,unfurnished,6.77,False,False
16150,l00550,3,1,6,20,2010,False,0,furnished,7.14,True,False
16151,l00551,5,1,11,26,2023,False,0,unfurnished,1.6,False,False
16152,l00552,3,3,7,40,2008,True,3,unfurnished,7.62,True,True
16153,l00553,2,2,11,19,1998,True,2,semi-furnished,2.73,False,False
16154,l00554,2,2,21,23,2005,False,0,furnished,1.99,False,True
16158,l00558,3,2,23,26,2000,False,0,unfurnished,4.81,True,False
16159,l00559,5,1,11,18,2003,True,2,furnished,4.89,True,True
16160,l00560,3,2,3,40,1998,True,4,unfurnished,5.48,True,False
16161,l00561,4,2,11,21,2006,False,0,furnished,0.43,False,False
16163,l00563,1,4,3,20,2001,False,0,semi-furnished,1.13,True,False
16166,l00566,5,2,7,10,2015,False,0,unfurnished,4.29,False,False
16168,l00568,4,4,19,20,2004,False,0,furnished,6.56,False,True
16171,l00571,3,4,17,19,2003,True,3,furnished,4.53,False,False
16172,l00572,4,4,14,38,1998,False,0,unfurnished,1.87,True,False
16174,l00574,3,3,2,40,2010,True,3,furnished,4.57,True,False
16175,l00575,4,4,16,34,1998,True,4,unfurnished,3.75,False,True
16176,l00576,3,3,9,9,1996,False,0,unfurnished,3.53,True,False
16177,l00577,3,1,16,40,2008,False,0,semi-furnished,5.95,False,True
16178,l00578,2,4,18,18,2011,True,4,unfurnished,7.82,True,True
16179,l00579,4,4,1,23,1999,False,0,semi-furnished,6.52,False,False
16180,l00580,2,4,18,30,2017,True,0,semi-furnished,2.91,True,False
16181,l00581,4,2,10,37,2003,False,0,semi-furnished,2.52,False,True
16182,l00582,5,2,0,35,1998,False,0,unfurnished,4.08,False,False
16183,l00583,4,3,14,36,2001,False,0,unfurnished,2.43,False,True
16184,l00584,4,3,14,37,2019,False,0,semi-furnished,6.86,True,True
16185,l00585,2,1,0,10,2023,True,1,furnished,1.92,True,True
16186,l00586,4,4,3,9,2012,False,0,semi-furnished,1.23,True,False
16187,l00587,2,3,1,17,1996,True,2,semi-furnished,5.25,False,True
16188,l00588,4,2,10,15,1996,True,2,semi-furnished,4.52,False,False
16189,l00589,2,2,24,25,2021,False,0,semi-furnished,4.44,False,True
16191,l00591,1,1,15,34,2011,False,0,unfurnished,2.28,False,True
16192,l00592,2,1,19,28,2007,False,0,furnished,0.72,True,False
16193,l00593,4,2,1,34,2017,True,3,unfurnished,5.36,False,True
16194,l00594,2,1,21,30,1995,True,2,unfurnished,2.72,False,True
16195,l00595,5,2,14,26,1999,False,0,unfurnished,3.18,False,True
16196,l00596,2,2,10,35,2014,True,4,unfurnished,3.88,False,True
16198,l00598,1,2,16,18,2010,False,0,furnished,0.87,True,True
16199,l00599,1,1,3,24,2012,True,1,semi-furnished,7.91,True,True
16200,l00600,4,4,5,35,2023,True,0,unfurnished,0.36,True,False
16201,l00601,5,4,0,21,2002,True,4,semi-furnished,1.49,True,False
16202,l00602,1,4,13,31,1999,True,3,unfurnished,6.43,True,False
16203,l00603,2,1,10,12,2012,False,0,semi-furnished,4.68,True,True
16204,l00604,3,4,0,20,2015,False,0,unfurnished,7.18,True,False
16205,l00605,5,1,2,15,2020,False,0,semi-furnished,3.13,True,True
16206,l00606,4,3,15,35,1997,True,1,semi-furnished,1.14,False,True
16208,l00608,5,1,8,15,2006,True,1,semi-furnished,0.28,False,False
16209,l00609,3,3,0,15,2002,False,0,semi-furnished,7.96,True,False
16210,l00610,3,2,23,31,2022,False,0,unfurnished,0.56,False,False
16211,l00611,4,3,8,35,2013,True,2,unfurnished,0.41,False,True
16212,l00612,1,2,8,27,2014,True,2,unfurnished,0.31,True,False
16213,l00613,1,1,15,31,2015,False,0,semi-furnished,5.16,False,False
16214,l00614,5,4,6,40,1996,True,4,furnished,5.85,False,False
16216,l00616,1,2,3,7,2010,True,2,unfurnished,6.65,False,True
16218,l00618,4,1,0,29,2000,True,2,unfurnished,5.96,True,False
16219,l00619,1,3,4,33,2012,True,4,semi-furnished,3.14,False,True
16220,l00620,5,3,3,29,1997,True,3,furnished,1.28,False,False
16222,l00622,1,1,10,33,2008,False,0,semi-furnished,5.85,False,True
16223,l00623,5,3,8,19,1999,True,2,unfurnished,7.73,False,True
16224,l00624,1,2,22,26,2023,False,0,unfurnished,6.26,True,True
16225,l00625,4,3,5,18,2001,True,2,semi-furnished,3.41,True,False
16226,l00626,5,4,18,33,2023,False,0,semi-furnished,4.85,True,True
16228,l00628,1,1,2,22,2019,False,0,unfurnished,2.65,False,True
16229,l00629,5,1,8,38,2012,True,0,furnished,7.22,False,True
16230,l00630,3,1,14,26,2001,False,0,unfurnished,0.96,False,True
16231,l00631,4,3,6,6,2006,True,2,unfurnished,3.1,False,True
16232,l00632,3,4,19,39,2008,False,0,unfurnished,7.45,True,False
16233,l00633,5,1,13,37,2005,True,3,semi-furnished,1.18,False,False
16234,l00634,3,1,10,18,1995,False,0,furnished,7.81,True,True
16235,l00635,2,3,9,36,2004,False,0,unfurnished,1.55,False,True
16236,l00636,3,4,2,39,2015,True,1,unfurnished,1.14,False,True
16237,l00637,1,4,23,26,2006,False,0,furnished,7.46,True,False
16239,l00639,2,4,16,16,1998,False,0,semi-furnished,6.88,False,True
16240,l00640,5,3,9,23,1996,True,0,unfurnished,7.83,True,True
16241,l00641,5,1,6,33,2022,True,1,semi-furnished,0.34,False,True
16242,l00642,3,4,11,31,2009,True,3,semi-furnished,7.57,False,True
16243,l00643,2,4,1,33,2003,False,0,unfurnished,6.71,True,True
16244,l00644,1,3,4,29,2023,True,2,semi-furnished,3.5,False,False
16245,l00645,4,2,10,25,2017,True,1,furnished,0.69,True,False
16246,l00646,3,1,3,37,2007,False,0,furnished,2.91,True,False
16247,l00647,4,1,16,18,2000,False,0,unfurnished,7.49,True,True
16248,l00648,5,1,12,23,2021,True,1,furnished,5.29,True,True
16250,l00650,5,3,1,16,1997,True,2,unfurnished,3.64,False,False
16251,l00651,5,4,9,19,1997,True,3,furnished,7.08,True,False
16252,l00652,4,2,12,36,2003,True,2,semi-furnished,2.36,True,False
16253,l00653,1,3,21,28,2012,True,2,furnished,1.51,True,True
16255,l00655,4,1,7,14,2017,False,0,unfurnished,7.16,False,True
16256,l00656,2,1,4,40,1998,False,0,unfurnished,0.27,True,False
16257,l00657,5,3,10,19,2019,False,0,unfurnished,3.2,True,True
16259,l00659,1,4,25,29,2022,False,0,furnished,0.83,True,False
16261,l00661,3,2,13,13,2016,False,0,unfurnished,7.94,True,False
16263,l00663,1,2,1,26,2008,False,0,furnished,5.75,False,True
16264,l00664,1,1,11,28,2008,False,0,semi-furnished,7.76,True,False
16265,l00665,5,2,6,21,1998,True,2,furnished,2.38,False,False
16267,l00667,1,2,14,21,2022,False,0,furnished,1.22,False,True
16268,l00668,4,3,3,15,2018,True,2,furnished,2.41,True,True
16269,l00669,1,3,22,37,1998,False,0,semi-furnished,5.95,True,True
16270,l00670,4,4,25,27,2023,True,0,semi-furnished,0.98,False,False
16273,l00673,2,4,7,10,2009,True,0,furnished,7.3,False,True
16274,l00674,5,3,20,39,2007,True,4,unfurnished,3.33,False,False
16275,l00675,1,4,4,21,2002,True,2,furnished,3.2,True,False
16276,l00676,5,2,10,32,2003,False,0,semi-furnished,3.22,True,True
16277,l00677,3,1,25,25,2005,True,1,semi-furnished,6.63,False,True
16278,l00678,5,4,6,8,2020,True,3,semi-furnished,3.93,True,False
16280,l00680,3,3,6,20,2006,False,0,unfurnished,5.85,False,False
16281,l00681,3,3,5,30,2018,True,1,semi-furnished,0.98,False,True
16285,l00685,4,3,2,32,2013,True,2,furnished,5.68,True,False
16286,l00686,2,4,18,25,2008,True,2,furnished,4.91,True,False
16287,l00687,2,2,25,31,2022,False,0,unfurnished,3.53,True,False
16289,l00689,1,2,2,5,2011,True,2,furnished,6.46,True,False
16290,l00690,3,3,15,27,2010,False,0,semi-furnished,3.48,True,True
16291,l00691,1,3,8,12,2014,False,0,unfurnished,7.38,False,False
16292,l00692,2,3,6,19,2007,True,4,unfurnished,5.93,True,True
16293,l00693,4,3,16,29,1995,False,0,unfurnished,1.95,True,True
16294,l00694,4,1,6,8,2012,False,0,semi-furnished,3.42,False,False
16295,l00695,3,3,14,36,2000,False,0,semi-furnished,1.1,True,False
16296,l00696,1,2,18,25,1998,False,0,unfurnished,6.54,False,False
16297,l00697,2,1,1,26,2022,False,0,unfurnished,3.05,False,False
16298,l00698,2,1,10,38,2002,True,3,semi-furnished,1.02,False,False
16299,l00699,2,1,12,25,1998,True,1,semi-furnished,5.36,False,False
16300,l00700,5,4,9,38,2012,True,4,unfurnished,4.7,False,True
16301,l00701,4,1,19,27,1999,True,2,semi-furnished,2.61,False,True
16302,l00702,2,2,3,16,2008,True,0,furnished,6.59,True,False
16305,l00705,3,4,1,11,2017,False,0,semi-furnished,3.71,False,True
16306,l00706,3,4,6,9,2023,True,3,semi-furnished,7.69,False,True
16307,l00707,2,4,7,25,2011,False,0,semi-furnished,4.5,True,True
16308,l00708,4,3,2,10,2003,True,4,semi-furnished,2.04,True,False
16309,l00709,2,1,11,16,2003,True,4,unfurnished,5.45,True,True
16310,l00710,4,1,5,16,1998,True,2,semi-furnished,4.25,False,True
16311,l00711,1,1,25,34,2008,True,0,furnished,2.17,False,True
16312,l00712,1,2,6,8,2004,True,0,unfurnished,3.48,True,False
16313,l00713,2,3,7,26,2012,True,1,semi-furnished,2.11,True,True
16314,l00714,4,1,2,30,2000,False,0,semi-furnished,3.69,True,False
16315,l00715,2,1,2,36,2009,True,0,unfurnished,7.18,False,False
16316,l00716,1,1,6,28,2016,False,0,unfurnished,1.42,False,True
16317,l00717,2,4,25,28,2008,False,0,unfurnished,1.21,False,True
16318,l00718,5,2,10,15,2012,True,2,furnished,4.26,True,True
16319,l00719,1,4,22,24,2005,True,2,furnished,1.92,True,True
16320,l00720,5,2,10,22,1999,True,0,unfurnished,3.27,False,True
16321,l00721,2,3,20,32,1996,True,2,semi-furnished,6.31,True,False
16323,l00723,5,1,11,23,2004,False,0,furnished,7.68,False,False
16325,l00725,1,2,3,21,2001,False,0,unfurnished,0.48,False,False
16326,l00726,2,2,7,30,2007,False,0,furnished,2.5,False,True
16327,l00727,5,3,17,19,2000,False,0,semi-furnished,3.25,True,False
16328,l00728,2,1,19,25,1995,False,0,semi-furnished,3.87,True,False
16329,l00729,5,3,7,13,2022,False,0,unfurnished,5.54,True,False
16330,l00730,2,1,3,38,2012,False,0,furnished,2.19,False,True
16331,l00731,5,2,12,31,2018,True,0,furnished,5.39,False,False
16332,l00732,1,4,4,36,2006,False,0,semi-furnished,4.7,False,False
16333,l00733,4,3,0,32,1999,True,4,semi-furnished,4.4,False,True
16335,l00735,2,2,4,30,2011,True,2,semi-furnished,2.35,False,False
16336,l00736,5,2,16,32,2005,True,4,unfurnished,5.77,True,True
16337,l00737,1,2,18,19,2017,True,3,semi-furnished,7.82,True,True
16338,l00738,5,1,4,6,2021,False,0,semi-furnished,5.01,False,True
16339,l00739,3,4,21,26,2005,False,0,semi-furnished,3.15,True,False
16340,l00740,5,4,13,25,2016,True,4,unfurnished,0.83,False,False
16341,l00741,2,3,25,31,2010,False,0,furnished,4.31,False,False
16342,l00742,5,2,6,26,1996,False,0,unfurnished,0.49,False,False
16344,l00744,1,1,15,40,2017,True,0,unfurnished,7.16,True,False
16345,l00745,5,3,3,18,2014,False,0,unfurnished,3.7,False,True
16346,l00746,2,3,7,31,1996,True,0,furnished,4.96,True,False
16348,l00748,1,1,12,40,2020,True,3,unfurnished,7.99,False,False
16349,l00749,4,4,4,5,2014,False,0,unfurnished,7.92,True,False
16350,l00750,4,3,11,11,2022,False,0,semi-furnished,6.41,True,False
16351,l00751,4,4,6,36,2018,True,1,semi-furnished,7.49,False,False
16352,l00752,1,4,19,36,1995,False,0,unfurnished,5.13,False,False
16353,l00753,2,2,0,11,2004,False,0,semi-furnished,0.48,True,True
16355,l00755,1,1,5,5,1995,True,3,semi-furnished,6.42,False,True
16356,l00756,3,2,9,12,2008,True,2,furnished,6.07,True,False
16357,l00757,1,2,5,7,2012,True,3,unfurnished,7.79,True,True
16359,l00759,1,4,16,35,2022,False,0,unfurnished,3.5,True,False
16360,l00760,4,1,7,21,1995,True,1,furnished,6.52,True,True
16361,l00761,4,3,2,17,2000,True,0,semi-furnished,3.61,False,False
16362,l00762,4,1,7,33,2018,True,3,unfurnished,3.85,False,False
16363,l00763,4,4,21,32,2021,True,3,furnished,5.1,False,False
16365,l00765,1,3,2,40,2021,True,0,unfurnished,5.77,False,False
16366,l00766,1,2,13,20,2006,False,0,furnished,6.4,True,False
16369,l00769,3,1,0,39,2007,False,0,semi-furnished,2.56,True,True
16370,l00770,1,2,2,11,1998,False,0,semi-furnished,5.79,False,False
16371,l00771,1,1,8,40,2023,True,4,furnished,0.79,False,False
16372,l00772,4,2,5,18,1996,False,0,furnished,5.2,True,False
16373,l00773,4,1,10,16,2018,True,4,furnished,1.35,False,True
16374,l00774,5,4,5,20,2007,True,3,semi-furnished,5.59,True,True
16375,l00775,5,3,9,14,2022,True,2,semi-furnished,1.24,True,False
16376,l00776,3,2,5,9,2020,False,0,furnished,4.7,False,False
16377,l00777,2,2,5,25,2009,True,4,unfurnished,5.19,False,False
16378,l00778,2,4,21,21,1997,False,0,furnished,5.29,False,False
16379,l00779,4,3,1,32,2015,False,0,unfurnished,3.87,False,True
16380,l00780,1,1,15,33,1996,False,0,furnished,5.93,True,True
16381,l00781,3,1,22,25,2018,False,0,unfurnished,0.47,True,False
16383,l00783,1,1,2,5,2007,True,3,semi-furnished,1.51,False,False
16384,l00784,1,1,1,13,2007,True,2,furnished,0.76,True,True
16386,l00786,5,2,0,37,1998,False,0,unfurnished,7.28,True,False
16389,l00789,1,2,2,25,1997,False,0,unfurnished,7.81,True,True
16392,l00792,5,4,9,18,2010,False,0,furnished,2.88,False,False
16393,l00793,5,1,1,28,2015,True,2,furnished,2.82,False,False
16394,l00794,4,2,3,13,2002,True,4,furnished,2.28,True,True
16395,l00795,2,1,16,16,1999,False,0,unfurnished,2.58,False,False
16397,l00797,4,2,25,37,2005,True,4,semi-furnished,7.18,False,True
16398,l00798,3,1,17,21,2005,True,1,semi-furnished,0.26,True,True
16400,l00800,5,3,0,24,2006,True,1,semi-furnished,5.18,True,True
16401,l00801,4,2,5,13,2011,True,2,semi-furnished,3.3,True,False
16402,l00802,4,3,17,24,2011,True,3,furnished,5.83,False,False
16403,l00803,1,1,6,34,2005,False,0,semi-furnished,7.69,False,False
16404,l00804,2,2,13,18,2012,True,1,semi-furnished,2.43,False,False
16408,l00808,1,1,8,13,2021,False,0,semi-furnished,5.54,False,False
16409,l00809,3,3,3,29,2018,True,0,furnished,4.39,True,True
16411,l00811,1,1,5,30,1997,True,1,unfurnished,5.98,True,True
16412,l00812,4,3,3,35,2013,False,0,furnished,2.46,False,False
16414,l00814,1,3,12,22,2012,False,0,semi-furnished,4.04,True,False
16419,l00819,1,3,24,33,2015,False,0,semi-furnished,5.05,True,True
16421,l00821,3,3,8,27,2000,False,0,furnished,7.25,True,False
16422,l00822,4,3,2,14,2023,False,0,semi-furnished,5.64,False,False
16423,l00823,2,1,22,22,2003,True,4,furnished,0.27,False,False
16424,l00824,5,3,5,29,2000,False,0,unfurnished,4.07,False,True
16425,l00825,3,1,15,36,2010,True,1,semi-furnished,7.19,False,True
16426,l00826,2,1,12,17,2023,False,0,furnished,3.0,False,False
16427,l00827,2,3,16,16,2012,True,2,semi-furnished,6.3,False,True
16428,l00828,3,4,3,31,2011,False,0,semi-furnished,3.6,False,False
16429,l00829,4,3,0,27,2021,True,4,furnished,7.36,False,True
16430,l00830,2,3,8,28,2023,False,0,unfurnished,4.71,True,False
16431,l00831,3,2,11,25,2002,False,0,unfurnished,4.94,True,False
16432,l00832,3,3,6,24,2006,True,1,semi-furnished,4.34,True,False
16433,l00833,5,2,5,19,2005,False,0,furnished,3.23,False,True
16434,l00834,1,4,3,33,1998,False,0,unfurnished,1.74,False,True
16435,l00835,1,2,10,14,2013,True,1,semi-furnished,5.54,False,True
16436,l00836,4,1,11,16,2018,True,0,semi-furnished,0.5,False,False
16437,l00837,4,3,8,22,2003,True,2,furnished,3.96,True,True
16438,l00838,3,4,1,9,2014,False,0,furnished,1.53,False,True
16439,l00839,1,1,6,27,2000,False,0,unfurnished,3.23,False,True
16440,l00840,4,2,1,20,2009,True,4,unfurnished,2.79,False,False
16441,l00841,2,1,15,15,2010,True,2,semi-furnished,0.56,True,False
16442,l00842,5,2,20,22,2018,False,0,unfurnished,0.41,True,False
16443,l00843,4,2,22,33,2017,True,1,furnished,0.86,False,True
16444,l00844,3,2,0,39,2010,False,0,semi-furnished,1.93,True,True
16445,l00845,2,1,9,34,1999,False,0,unfurnished,3.02,False,False
16446,l00846,5,1,2,33,2015,False,0,semi-furnished,1.79,False,False
16447,l00847,1,3,6,26,1995,False,0,furnished,1.83,True,True
16448,l00848,4,4,2,14,2017,True,1,furnished,5.91,True,False
16449,l00849,4,1,4,19,2021,True,2,unfurnished,1.69,False,True
16450,l00850,4,4,17,22,2016,False,0,unfurnished,5.83,False,False
16452,l00852,1,1,18,23,2001,True,4,semi-furnished,1.81,True,False
16453,l00853,1,4,10,32,2014,False,0,furnished,5.25,False,False
16454,l00854,1,4,15,23,2012,True,0,unfurnished,7.17,False,True
16455,l00855,5,3,11,24,1999,True,2,semi-furnished,2.34,True,True
16458,l00858,4,1,2,30,2007,False,0,unfurnished,6.77,False,True
16459,l00859,2,3,12,19,1995,False,0,furnished,3.76,True,True
16460,l00860,5,2,22,27,2021,False,0,unfurnished,6.97,True,False
16461,l00861,1,4,22,28,2003,False,0,unfurnished,1.11,True,True
16462,l00862,4,3,12,23,2021,False,0,unfurnished,1.34,True,True
16463,l00863,3,2,21,31,2020,False,0,unfurnished,7.64,True,True
16464,l00864,2,4,8,19,2018,True,3,unfurnished,6.51,False,False
16465,l00865,5,4,6,40,2000,False,0,semi-furnished,4.52,True,False
16466,l00866,3,1,16,32,2004,False,0,semi-furnished,4.68,False,False
16467,l00867,1,3,5,17,2015,True,1,furnished,2.64,False,False
16469,l00869,1,4,11,35,2004,False,0,unfurnished,5.53,False,True
16471,l00871,2,1,20,23,2001,True,4,furnished,1.13,False,False
16472,l00872,2,3,11,36,2018,True,4,furnished,1.88,False,False
16473,l00873,5,4,5,22,2021,True,3,unfurnished,2.65,True,True
16474,l00874,1,2,4,36,2000,True,2,semi-furnished,1.38,True,True
16475,l00875,2,4,20,28,2013,True,3,semi-furnished,2.02,False,False
16476,l00876,5,1,18,19,2009,False,0,unfurnished,6.33,True,True
16477,l00877,3,2,19,27,2019,False,0,unfurnished,4.11,False,False
16478,l00878,2,1,22,23,2014,False,0,unfurnished,1.22,False,False
16480,l00880,1,3,17,22,1997,True,0,furnished,1.76,False,True
16481,l00881,5,4,12,29,2006,True,1,unfurnished,6.32,True,True
16483,l00883,1,2,6,19,2014,False,0,furnished,5.76,False,False
16484,l00884,3,3,23,24,2001,False,0,semi-furnished,4.31,False,True
16485,l00885,1,4,13,37,2007,True,4,unfurnished,4.99,False,True
16486,l00886,2,1,6,22,1996,False,0,unfurnished,7.24,True,False
16487,l00887,2,3,6,40,2016,True,0,unfurnished,2.88,False,False
16488,l00888,1,2,6,15,2011,False,0,semi-furnished,5.89,False,True
16489,l00889,5,2,22,38,2003,False,0,unfurnished,4.14,True,False
16490,l00890,1,2,13,15,2010,False,0,unfurnished,0.25,True,False
16491,l00891,1,2,15,18,2000,True,0,furnished,3.84,True,True
16495,l00895,4,4,0,10,2021,False,0,semi-furnished,6.19,False,False
16496,l00896,2,1,8,36,1998,True,4,semi-furnished,6.24,False,False
16497,l00897,1,4,8,8,2010,False,0,semi-furnished,6.43,True,False
16499,l00899,1,4,0,6,2015,True,1,furnished,2.8,True,True
16501,l00901,1,4,23,24,2017,False,0,unfurnished,6.02,True,False
16502,l00902,4,3,19,31,2022,True,3,furnished,1.69,True,True
16503,l00903,5,2,2,6,2013,False,0,semi-furnished,5.77,True,False
16504,l00904,5,4,4,7,2013,False,0,unfurnished,7.26,False,True
16507,l00907,3,3,1,40,2011,True,2,semi-furnished,3.98,True,True
16508,l00908,1,4,8,31,2007,True,0,unfurnished,6.99,True,False
16510,l00910,4,2,14,27,2020,True,4,semi-furnished,3.83,True,True
16511,l00911,5,2,0,14,2020,False,0,semi-furnished,6.49,False,True
16512,l00912,2,1,11,30,2017,False,0,semi-furnished,7.39,True,False
16514,l00914,5,3,12,12,2011,True,4,semi-furnished,4.73,True,True
16515,l00915,5,3,17,32,2006,True,1,furnished,0.43,True,True
16516,l00916,4,3,20,25,2011,True,4,furnished,0.69,False,False
16517,l00917,4,2,6,10,2022,True,2,semi-furnished,5.78,False,False
16518,l00918,3,4,3,8,2001,False,0,semi-furnished,1.15,True,True
16519,l00919,4,1,14,29,2015,False,0,furnished,7.95,True,True
16520,l00920,4,4,25,36,2008,True,1,furnished,4.64,True,True
16521,l00921,4,1,19,38,1995,True,2,unfurnished,3.55,True,True
16522,l00922,1,1,12,16,2015,False,0,furnished,5.48,True,True
16523,l00923,2,2,0,20,2020,False,0,unfurnished,4.59,False,False
16524,l00924,3,1,8,32,2000,False,0,unfurnished,2.79,False,False
16525,l00925,2,2,0,20,2010,True,2,unfurnished,6.06,False,True
16527,l00927,5,3,6,18,2023,False,0,semi-furnished,7.06,False,False
16528,l00928,4,4,17,18,2008,False,0,furnished,5.81,False,True
16529,l00929,3,1,21,35,2009,False,0,semi-furnished,2.9,False,True
16530,l00930,3,2,4,31,1995,False,0,furnished,6.35,False,True
16531,l00931,2,3,14,34,2006,True,2,furnished,2.41,False,True
16536,l00936,5,3,15,27,2005,False,0,semi-furnished,1.25,False,True
16537,l00937,2,2,0,19,1999,True,2,semi-furnished,7.91,True,False
16538,l00938,1,4,22,26,2009,False,0,unfurnished,0.94,True,True
16539,l00939,3,3,13,40,2001,True,1,unfurnished,7.32,False,False
16540,l00940,4,3,18,18,2000,False,0,furnished,5.12,True,True
16542,l00942,3,2,9,21,2014,False,0,unfurnished,2.01,False,False
16543,l00943,3,1,4,31,2023,False,0,semi-furnished,4.29,False,True
16544,l00944,4,3,8,39,2017,False,0,furnished,1.55,False,False
16545,l00945,5,4,2,23,2014,False,0,furnished,0.21,True,False
16547,l00947,4,3,1,11,2023,False,0,unfurnished,3.69,False,True
16548,l00948,1,1,8,37,2013,True,3,semi-furnished,5.54,False,False
16549,l00949,4,3,4,33,2015,False,0,semi-furnished,7.4,False,True
16550,l00950,2,3,24,29,2012,False,0,furnished,5.32,False,True
16551,l00951,4,2,12,35,2003,True,1,furnished,4.18,False,True
16552,l00952,1,4,19,26,2013,False,0,semi-furnished,6.14,True,False
16553,l00953,4,1,1,30,2004,True,3,semi-furnished,4.11,False,False
16554,l00954,5,2,12,30,1996,True,2,unfurnished,1.24,False,True
16555,l00955,3,2,4,37,2002,True,3,furnished,3.59,False,True
16556,l00956,1,2,11,30,2020,False,0,furnished,5.05,True,True
16557,l00957,3,1,9,11,2019,False,0,furnished,6.56,True,True
16558,l00958,2,3,16,22,2014,True,2,furnished,6.59,True,False
16559,l00959,3,3,22,34,2022,True,1,semi-furnished,5.52,False,True
16560,l00960,3,4,25,29,2012,False,0,semi-furnished,0.91,False,False
16562,l00962,3,4,1,8,1995,False,0,furnished,3.56,False,False
16563,l00963,4,3,6,12,2013,True,4,furnished,0.53,False,True
16564,l00964,4,4,19,28,2018,False,0,furnished,3.38,False,True
16565,l00965,3,2,12,19,2012,False,0,furnished,4.43,True,True
16568,l00968,4,4,0,32,2009,False,0,unfurnished,7.44,True,False
16569,l00969,4,3,24,40,2016,True,1,semi-furnished,7.46,True,False
16570,l00970,2,2,19,31,2011,False,0,semi-furnished,4.51,False,True
16572,l00972,1,3,1,37,2015,True,2,furnished,3.11,True,False
16573,l00973,4,4,6,30,2006,False,0,semi-furnished,1.09,False,True
16575,l00975,4,4,1,35,2006,True,3,unfurnished,2.13,True,False
16576,l00976,1,1,25,36,2012,False,0,furnished,0.94,True,True
16580,l00980,2,2,10,31,1998,True,2,furnished,3.16,False,False
16582,l00982,4,1,15,35,2009,False,0,semi-furnished,1.48,False,False
16583,l00983,3,2,0,38,2004,False,0,semi-furnished,7.29,False,True
16584,l00984,3,2,7,18,1997,True,4,unfurnished,4.99,True,True
16585,l00985,2,4,0,17,2006,True,1,furnished,0.68,False,False
16586,l00986,3,2,17,24,2001,False,0,unfurnished,5.02,False,False
16587,l00987,5,2,6,27,2013,False,0,unfurnished,7.81,False,False
16588,l00988,1,1,16,30,2007,False,0,furnished,7.89,False,False
16589,l00989,2,4,16,36,2002,False,0,unfurnished,4.4,True,False
16591,l00991,1,2,4,39,2009,True,0,unfurnished,0.58,False,True
16592,l00992,3,1,13,21,2008,False,0,unfurnished,4.38,True,False
16593,l00993,2,4,24,26,2000,False,0,furnished,7.5,False,True
16594,l00994,2,4,13,40,2021,True,2,furnished,0.47,False,False
16596,l00996,4,3,10,16,2022,True,3,semi-furnished,6.87,False,False
16597,l00997,4,4,18,28,2023,True,3,unfurnished,3.69,True,False
16598,l00998,2,1,0,34,2009,False,0,furnished,7.53,True,False
16600,l01000,1,3,5,14,2017,False,0,unfurnished,3.62,False,False
16601,l01001,5,4,3,31,1997,True,4,semi-furnished,1.1,True,False
16603,l01003,2,3,9,35,2005,True,0,unfurnished,5.0,True,False
16604,l01004,3,4,13,36,1995,False,0,furnished,4.01,False,False
16605,l01005,2,1,3,16,2001,False,0,furnished,2.38,True,False
16606,l01006,4,1,3,6,2016,False,0,furnished,6.07,True,False
16607,l01007,1,4,14,15,2010,True,3,unfurnished,6.59,False,True
16608,l01008,2,1,10,35,2003,False,0,furnished,5.09,True,False
16609,l01009,2,2,24,40,2007,True,2,furnished,5.12,True,False
16610,l01010,3,1,25,30,2019,True,0,furnished,2.88,False,False
16611,l01011,1,4,10,11,2018,True,1,unfurnished,6.37,True,True
16612,l01012,2,4,1,35,2004,False,0,unfurnished,4.32,False,False
16613,l01013,1,1,25,32,2019,False,0,unfurnished,1.03,False,False
16614,l01014,5,4,23,40,2004,True,3,semi-furnished,1.83,False,False
16615,l01015,3,4,20,24,2021,True,1,furnished,2.62,True,True
16616,l01016,1,4,0,33,2023,True,1,semi-furnished,0.23,True,False
16617,l01017,2,4,4,31,2018,False,0,furnished,4.58,True,True
16620,l01020,4,4,5,6,2008,True,2,unfurnished,5.88,True,True
16621,l01021,2,4,2,7,2011,False,0,furnished,0.96,True,False
16622,l01022,5,1,14,29,2022,False,0,unfurnished,5.51,True,False
16623,l01023,2,2,22,30,2013,False,0,semi-furnished,5.1,True,False
16624,l01024,1,4,18,38,2016,True,1,furnished,3.48,True,False
16626,l01026,5,4,9,35,2018,True,0,furnished,7.53,False,False
16627,l01027,2,2,5,32,2008,True,3,semi-furnished,7.35,True,True
16628,l01028,4,4,8,14,2005,True,0,furnished,0.27,False,True
16629,l01029,4,2,13,14,2021,False,0,semi-furnished,5.62,True,True
16630,l01030,5,3,2,37,2011,False,0,semi-furnished,0.67,False,True
16631,l01031,4,2,16,19,2007,False,0,furnished,4.98,False,False
16632,l01032,3,3,8,19,2010,False,0,semi-furnished,2.79,False,True
16633,l01033,3,3,12,39,2011,True,3,furnished,6.95,False,False
16634,l01034,2,4,15,17,2014,False,0,furnished,7.31,False,False
16635,l01035,3,1,11,24,1998,True,3,unfurnished,3.75,True,False
16636,l01036,4,3,6,7,2022,True,3,semi-furnished,7.75,False,False
16637,l01037,1,4,13,26,2002,False,0,semi-furnished,5.25,True,True
16638,l01038,5,4,12,32,2011,False,0,semi-furnished,2.98,True,True
16640,l01040,2,2,12,13,2013,False,0,furnished,3.85,True,False
16641,l01041,3,1,0,17,1998,True,3,semi-furnished,1.52,True,True
16642,l01042,3,1,10,34,2018,False,0,furnished,5.22,False,True
16643,l01043,4,3,1,7,2000,True,1,furnished,5.25,False,False
16645,l01045,1,2,16,36,2007,False,0,furnished,1.07,False,False
16647,l01047,4,4,8,16,2002,True,0,semi-furnished,1.32,False,False
16648,l01048,4,3,21,32,2013,False,0,unfurnished,5.19,False,False
16649,l01049,1,1,16,21,1996,False,0,unfurnished,7.98,False,True
16651,l01051,4,4,17,34,2023,True,2,furnished,5.07,True,False
16652,l01052,2,2,12,22,1999,True,4,unfurnished,6.19,True,True
16654,l01054,2,3,11,19,1995,True,4,furnished,2.88,False,True
16655,l01055,2,4,25,33,2002,False,0,unfurnished,4.58,True,True
16656,l01056,5,3,9,13,2018,True,2,semi-furnished,4.48,False,False
16657,l01057,4,1,6,12,1998,True,2,furnished,0.99,False,True
16658,l01058,5,3,9,25,2022,True,3,unfurnished,4.38,True,True
16660,l01060,3,3,5,39,2015,True,0,furnished,5.28,True,True
16661,l01061,4,2,10,32,2003,False,0,unfurnished,7.92,False,True
16662,l01062,3,3,12,36,2002,True,4,unfurnished,7.46,False,False
16664,l01064,4,4,20,36,2013,True,1,semi-furnished,7.57,False,True
16667,l01067,3,1,10,37,2002,True,2,furnished,7.36,True,False
16668,l01068,5,3,12,28,2012,True,0,semi-furnished,5.07,False,False
16670,l01070,2,2,25,36,2013,True,0,semi-furnished,6.22,False,True
16671,l01071,1,1,6,24,2006,False,0,furnished,6.56,True,False
16672,l01072,4,3,0,12,2023,False,0,semi-furnished,6.22,True,True
16674,l01074,4,2,2,7,2004,False,0,semi-furnished,2.17,True,False
16675,l01075,3,4,22,36,2013,True,0,semi-furnished,6.54,True,True
16676,l01076,2,4,3,14,2006,False,0,unfurnished,7.71,True,True
16678,l01078,5,2,6,14,1999,False,0,furnished,3.7,False,False
16679,l01079,2,2,1,23,2019,True,0,semi-furnished,5.16,True,True
16680,l01080,2,4,2,33,2000,False,0,furnished,3.82,False,False
16681,l01081,5,4,13,14,2009,True,3,unfurnished,0.36,False,False
16682,l01082,1,4,0,28,2007,False,0,semi-furnished,3.2,True,True
16683,l01083,1,4,22,29,2000,True,4,semi-furnished,6.62,True,True
16686,l01086,2,2,9,35,1999,False,0,unfurnished,1.78,False,False
16687,l01087,2,1,11,26,2009,False,0,unfurnished,1.49,True,True
16688,l01088,3,3,18,23,2012,True,0,unfurnished,5.53,True,False
16689,l01089,2,2,6,24,2017,True,4,unfurnished,7.65,True,True
16691,l01091,3,2,19,28,2014,True,1,furnished,7.61,False,False
16692,l01092,4,3,7,36,2010,True,0,semi-furnished,3.91,False,False
16693,l01093,1,1,6,27,1999,False,0,unfurnished,4.17,True,True
16694,l01094,1,2,15,22,2012,True,0,semi-furnished,5.89,False,False
16695,l01095,3,2,3,28,2013,False,0,unfurnished,2.38,False,False
16696,l01096,1,2,0,12,2006,False,0,unfurnished,2.15,False,True
16698,l01098,3,2,4,37,2005,False,0,unfurnished,4.42,True,True
16701,l01101,5,3,8,12,2009,True,0,furnished,6.5,False,True
16702,l01102,4,4,25,40,2005,False,0,semi-furnished,3.16,False,False
16703,l01103,4,3,18,26,2014,True,3,semi-furnished,3.69,True,False
16704,l01104,2,2,3,14,2014,True,1,semi-furnished,3.98,False,True
16705,l01105,2,4,22,34,2007,False,0,semi-furnished,4.23,True,False
16706,l01106,2,1,7,16,2014,True,2,furnished,4.32,True,True
16708,l01108,4,3,0,34,1995,False,0,unfurnished,3.34,True,False
16710,l01110,2,4,10,25,2000,True,1,unfurnished,2.98,False,True
16712,l01112,1,4,3,36,2007,True,3,furnished,0.32,False,False
16713,l01113,5,4,13,31,2001,False,0,unfurnished,5.98,True,True
16714,l01114,2,4,4,31,2006,True,2,unfurnished,7.75,False,False
16717,l01117,3,1,25,30,2007,False,0,semi-furnished,1.84,False,True
16719,l01119,2,4,13,37,1995,False,0,unfurnished,4.17,True,False
16720,l01120,5,3,1,38,2002,True,3,furnished,0.3,False,True
16721,l01121,3,1,12,24,2016,False,0,semi-furnished,0.37,True,True
16722,l01122,3,3,8,22,2003,False,0,unfurnished,4.69,False,False
16723,l01123,5,1,21,25,2019,True,4,furnished,2.74,False,False
16724,l01124,2,4,21,25,1995,True,1,semi-furnished,2.28,False,True
16725,l01125,3,4,10,12,2017,False,0,semi-furnished,4.19,False,False
16726,l01126,3,2,0,23,2000,False,0,furnished,6.52,False,True
16727,l01127,4,1,12,36,2003,False,0,unfurnished,6.79,True,True
16728,l01128,2,2,22,24,2019,True,3,unfurnished,6.34,False,True
16729,l01129,2,4,5,22,1999,True,1,unfurnished,3.93,False,True
16730,l01130,4,2,4,25,2022,False,0,unfurnished,2.93,False,True
16732,l01132,2,4,0,39,2003,True,1,unfurnished,3.16,True,True
16733,l01133,4,4,10,37,2001,False,0,unfurnished,1.61,True,True
16734,l01134,5,2,4,12,2005,True,2,semi-furnished,4.12,False,True
16735,l01135,5,1,0,7,2007,False,0,unfurnished,1.09,True,False
16736,l01136,2,2,14,24,1995,True,2,semi-furnished,1.25,False,False
16738,l01138,1,4,22,31,2019,True,0,furnished,2.03,False,True
16739,l01139,2,3,21,35,2017,True,4,furnished,3.98,False,False
16740,l01140,4,2,2,32,2008,True,1,unfurnished,7.21,True,False
16741,l01141,3,2,7,38,2015,True,0,furnished,1.81,True,True
16742,l01142,1,1,7,35,1998,False,0,unfurnished,0.79,False,True
16743,l01143,4,1,7,31,2023,False,0,unfurnished,4.08,False,True
16745,l01145,3,2,9,10,2020,False,0,furnished,3.47,True,False
16746,l01146,4,1,13,13,1995,True,4,semi-furnished,6.97,False,False
16747,l01147,3,2,15,16,2005,False,0,furnished,7.33,False,False
16751,l01151,4,1,25,26,1997,True,1,furnished,0.92,False,True
16752,l01152,1,2,16,23,2021,True,3,furnished,7.98,True,False
16753,l01153,3,1,23,27,2017,True,1,unfurnished,4.87,False,True
16754,l01154,3,1,17,38,2003,False,0,furnished,7.53,True,False
16755,l01155,1,2,5,27,2020,False,0,semi-furnished,7.89,True,False
16756,l01156,3,1,19,21,2008,True,3,furnished,3.45,True,True
16757,l01157,2,2,12,18,2023,True,4,unfurnished,5.28,True,True
16760,l01160,1,2,16,36,2014,False,0,semi-furnished,1.92,False,True
16761,l01161,4,4,3,19,2007,True,0,unfurnished,5.73,False,True
16762,l01162,4,3,4,6,2014,True,4,unfurnished,1.61,False,False
16764,l01164,4,3,15,21,2000,False,0,unfurnished,0.74,True,False
16766,l01166,4,4,11,29,2010,False,0,semi-furnished,0.45,False,True
16767,l01167,3,1,12,17,2011,True,2,semi-furnished,6.19,False,True
16768,l01168,4,2,14,29,1998,False,0,semi-furnished,7.2,False,True
16769,l01169,2,3,18,25,2001,True,1,furnished,3.48,False,True
16770,l01170,5,2,16,16,2018,True,3,semi-furnished,5.66,True,False
16771,l01171,4,3,4,26,2021,True,3,unfurnished,0.63,True,False
16772,l01172,1,1,24,40,2010,True,3,furnished,3.52,False,False
16774,l01174,5,1,8,33,2021,True,3,furnished,4.03,False,True
16775,l01175,5,3,0,12,2015,False,0,furnished,4.77,True,False
16777,l01177,1,2,16,16,2004,False,0,unfurnished,5.39,True,True
16778,l01178,1,4,5,29,2004,False,0,unfurnished,6.84,False,True
16779,l01179,5,4,9,11,1999,True,3,unfurnished,6.72,True,False
16781,l01181,5,1,6,13,2016,False,0,unfurnished,3.88,False,False
16782,l01182,4,1,8,9,2015,False,0,semi-furnished,6.66,False,False
16783,l01183,3,2,16,38,2000,False,0,furnished,1.3,True,False
16785,l01185,5,1,15,30,2001,True,2,semi-furnished,6.01,False,False
16786,l01186,3,3,20,21,2003,False,0,furnished,5.2,False,False
16787,l01187,5,4,3,9,1997,False,0,semi-furnished,7.62,False,True
16789,l01189,2,1,6,18,2021,False,0,unfurnished,7.82,False,False
16790,l01190,4,2,10,21,1996,False,0,furnished,4.64,False,False
16791,l01191,3,3,13,22,2016,True,0,unfurnished,7.78,True,True
16792,l01192,3,3,2,31,2011,False,0,furnished,2.85,False,True
16793,l01193,4,1,23,25,1995,False,0,furnished,4.34,True,False
16795,l01195,5,1,15,32,2022,False,0,semi-furnished,3.12,False,True
16796,l01196,1,3,18,30,2022,False,0,unfurnished,3.38,False,True
16799,l01199,2,2,5,33,2011,True,2,furnished,3.76,True,True
16801,l00001,2,2,17,28,2011,False,0,semi-furnished,5.61,True,False
16802,l00002,2,4,17,39,2017,True,0,unfurnished,1.22,False,False
16803,l00003,2,4,9,19,2016,True,4,unfurnished,2.83,True,True
16804,l00004,1,3,8,26,2007,True,4,unfurnished,1.95,False,True
16805,l00005,3,4,12,14,2018,True,4,semi-furnished,4.48,False,True
16806,l00006,5,2,13,16,2003,True,2,unfurnished,4.23,True,False
16807,l00007,2,3,5,18,2013,False,0,furnished,7.96,True,True
16808,l00008,3,3,4,31,2014,False,0,semi-furnished,1.12,True,False
16809,l00009,2,2,3,15,1996,True,2,unfurnished,5.18,False,False
16811,l00011,5,4,8,38,2004,False,0,furnished,6.97,True,True
16812,l00012,4,3,4,8,2013,True,4,furnished,1.03,False,True
16813,l00013,2,4,19,25,2015,False,0,furnished,4.23,True,True
16815,l00015,5,2,16,21,1998,True,0,unfurnished,3.36,True,True
16816,l00016,4,4,6,15,2004,False,0,semi-furnished,3.54,False,False
16817,l00017,1,2,11,31,1998,False,0,furnished,6.33,False,False
16818,l00018,1,3,13,21,2001,False,0,furnished,0.26,False,False
16821,l00021,2,2,3,30,2015,True,3,semi-furnished,6.97,False,False
16822,l00022,5,4,8,30,2016,False,0,unfurnished,6.68,True,True
16823,l00023,1,4,20,28,2016,True,2,unfurnished,6.12,False,False
16824,l00024,2,3,20,36,1997,True,0,unfurnished,4.53,False,True
16825,l00025,2,2,6,33,2023,False,0,unfurnished,0.24,True,True
16827,l00027,5,4,12,31,2009,False,0,semi-furnished,2.9,True,False
16830,l00030,5,2,24,40,1997,True,0,semi-furnished,4.78,False,True
16832,l00032,3,2,14,24,2020,False,0,unfurnished,7.06,True,True
16833,l00033,4,2,19,27,2005,True,2,semi-furnished,3.65,True,False
16834,l00034,3,2,9,22,2011,True,0,furnished,5.3,False,False
16836,l00036,1,2,15,28,2001,True,1,semi-furnished,7.95,True,True
16837,l00037,4,1,2,33,2020,False,0,furnished,3.32,False,False
16838,l00038,5,4,0,17,2002,False,0,unfurnished,4.08,True,False
16839,l00039,4,2,9,27,2016,True,3,unfurnished,6.67,True,False
16840,l00040,2,1,4,15,2008,True,1,semi-furnished,5.17,False,False
16841,l00041,4,3,9,30,2000,True,3,furnished,7.6,True,False
16842,l00042,2,1,14,18,2015,True,0,unfurnished,6.72,False,False
16843,l00043,4,2,4,34,2011,False,0,unfurnished,2.08,False,True
16844,l00044,3,4,15,28,2003,False,0,furnished,0.65,True,False
16845,l00045,2,2,2,6,2006,True,2,furnished,1.4,True,False
16846,l00046,5,1,2,21,1995,True,3,unfurnished,1.73,True,False
16849,l00049,3,2,8,34,1996,True,2,furnished,1.12,True,False
16850,l00050,4,1,24,29,2022,False,0,furnished,7.82,False,False
16851,l00051,4,3,15,19,2001,False,0,furnished,7.11,True,True
16852,l00052,3,4,9,16,2000,True,4,unfurnished,5.46,True,False
16853,l00053,1,3,4,33,2010,False,0,unfurnished,3.42,False,True
16854,l00054,3,4,0,40,2022,True,3,semi-furnished,3.38,True,True
16855,l00055,1,1,3,34,1996,True,2,unfurnished,3.99,True,False
16856,l00056,1,3,14,19,2002,True,0,semi-furnished,1.31,True,True
16857,l00057,3,3,0,22,1996,True,3,furnished,4.25,True,False
16858,l00058,5,4,20,22,2007,True,1,semi-furnished,4.18,True,True
16860,l00060,2,3,18,31,2006,False,0,semi-furnished,2.45,True,True
16862,l00062,5,2,9,32,2015,False,0,unfurnished,5.18,True,True
16864,l00064,1,1,7,19,1997,False,0,unfurnished,6.49,True,True
16865,l00065,4,3,9,13,1995,True,3,semi-furnished,6.96,True,False
16867,l00067,3,1,4,23,2012,False,0,unfurnished,0.78,False,False
16868,l00068,4,2,17,18,1996,True,0,semi-furnished,2.13,False,True
16869,l00069,3,2,7,39,2003,False,0,furnished,3.27,True,True
16870,l00070,4,1,10,15,2023,False,0,unfurnished,0.4,False,True
16871,l00071,4,3,7,23,1997,False,0,furnished,1.83,True,True
16872,l00072,2,2,13,22,2011,False,0,furnished,4.05,False,False
16873,l00073,3,3,16,28,2017,True,0,unfurnished,0.63,False,False
16874,l00074,2,4,0,38,2002,True,3,furnished,3.89,False,False
16875,l00075,1,3,1,24,2016,False,0,furnished,1.43,False,False
16877,l00077,1,3,1,39,1996,False,0,semi-furnished,0.79,False,False
16878,l00078,4,4,16,21,2023,True,1,unfurnished,2.23,False,False
16880,l00080,2,4,12,30,2023,True,1,furnished,7.81,True,True
16881,l00081,5,1,10,23,2006,True,0,unfurnished,4.04,False,False
16883,l00083,5,2,9,14,2005,False,0,unfurnished,4.45,True,True
16885,l00085,4,1,19,35,1999,True,2,semi-furnished,7.97,False,False
16886,l00086,5,3,20,22,1999,False,0,furnished,4.78,True,True
16887,l00087,1,4,1,21,2020,True,1,semi-furnished,0.51,True,True
16888,l00088,4,4,16,19,2006,True,1,semi-furnished,4.61,True,True
16889,l00089,2,4,13,26,1998,True,0,semi-furnished,3.57,True,False
16890,l00090,5,3,1,30,2001,True,3,unfurnished,2.27,True,True
16891,l00091,3,2,20,29,2000,True,0,semi-furnished,5.0,False,False
16893,l00093,1,3,6,34,2002,False,0,furnished,1.35,False,False
16894,l00094,3,2,1,12,2013,False,0,semi-furnished,5.32,False,False
16895,l00095,3,3,3,16,2013,True,2,furnished,5.24,False,False
16897,l00097,2,2,5,13,2004,False,0,unfurnished,0.97,True,True
16899,l00099,5,4,2,8,2006,True,0,unfurnished,3.26,False,False
16900,l00100,4,2,17,33,2013,True,3,furnished,5.6,True,True
16901,l00101,2,2,22,23,1995,True,3,unfurnished,1.56,True,True
16902,l00102,2,4,10,40,1998,False,0,furnished,6.71,True,True
16905,l00105,2,1,0,33,1997,True,4,unfurnished,6.65,False,False
16908,l00108,5,1,12,26,1997,False,0,furnished,1.68,False,True
16909,l00109,1,2,13,32,2019,True,2,furnished,4.48,False,True
16911,l00111,1,3,11,12,2007,True,1,unfurnished,2.38,False,False
16913,l00113,5,2,3,37,1995,False,0,semi-furnished,7.69,False,True
16914,l00114,4,3,8,21,1996,True,4,unfurnished,2.81,False,False
16915,l00115,1,1,16,26,2003,False,0,unfurnished,4.52,True,True
16916,l00116,2,4,23,25,2012,True,0,furnished,5.86,False,False
16918,l00118,2,3,7,8,2002,True,0,furnished,0.37,True,True
16919,l00119,5,2,15,19,2018,True,4,unfurnished,2.62,True,False
16920,l00120,1,1,18,24,2017,False,0,semi-furnished,5.1,True,False
16921,l00121,4,3,5,31,2009,True,4,unfurnished,6.24,False,True
16922,l00122,5,3,10,39,2010,False,0,semi-furnished,4.39,False,False
16923,l00123,2,1,15,30,1995,True,0,unfurnished,2.85,False,True
16924,l00124,1,2,20,28,2023,True,2,semi-furnished,3.15,True,True
16925,l00125,5,4,12,26,2001,True,2,semi-furnished,3.74,False,True
16927,l00127,5,3,7,24,2004,False,0,furnished,0.31,False,False
16928,l00128,2,3,18,22,2004,False,0,unfurnished,1.43,True,True
16929,l00129,3,4,6,17,2020,False,0,semi-furnished,4.4,True,True
16930,l00130,5,1,24,30,2003,False,0,unfurnished,5.93,False,False
16931,l00131,2,3,1,38,2016,False,0,unfurnished,4.32,True,False
16932,l00132,3,3,25,33,2006,False,0,unfurnished,7.26,False,True
16933,l00133,2,2,12,34,2012,True,4,unfurnished,7.63,False,True
16934,l00134,4,3,3,18,2003,False,0,unfurnished,2.65,True,True
16935,l00135,5,1,2,24,2013,False,0,furnished,5.41,False,True
16937,l00137,3,3,17,22,2019,True,2,unfurnished,6.57,False,False
16939,l00139,5,1,20,36,1995,False,0,unfurnished,4.07,True,True
16940,l00140,4,2,0,20,1998,True,4,furnished,3.55,False,True
16941,l00141,3,3,10,19,2019,False,0,unfurnished,5.0,True,False
16942,l00142,1,1,5,14,2020,False,0,semi-furnished,2.2,False,True
16943,l00143,1,2,6,32,2009,True,0,semi-furnished,5.73,False,False
16944,l00144,3,2,12,12,2008,False,0,semi-furnished,6.59,True,True
16945,l00145,3,3,18,39,2002,True,4,furnished,1.5,True,True
16946,l00146,3,3,11,30,2021,True,4,unfurnished,4.09,False,False
16947,l00147,3,2,18,21,2022,False,0,furnished,3.83,False,False
16948,l00148,2,3,24,35,2022,True,0,furnished,5.76,True,False
16950,l00150,1,3,2,38,2008,False,0,furnished,3.63,True,True
16951,l00151,1,1,9,16,2002,True,3,unfurnished,7.88,True,True
16953,l00153,3,1,2,10,1995,False,0,unfurnished,6.37,True,False
16954,l00154,1,3,8,39,1998,False,0,unfurnished,3.51,False,True
16956,l00156,5,1,16,26,2017,False,0,furnished,5.4,True,False
16957,l00157,4,2,14,35,2004,False,0,semi-furnished,5.06,False,False
16958,l00158,1,1,13,37,1999,False,0,furnished,7.44,False,False
16959,l00159,1,3,1,7,2020,False,0,furnished,7.22,False,False
16961,l00161,1,3,4,10,2010,False,0,furnished,1.45,True,False
16962,l00162,2,4,10,12,2004,False,0,furnished,3.09,False,False
16963,l00163,3,4,24,29,2015,True,2,furnished,7.33,True,True
16965,l00165,3,4,1,26,2000,True,3,semi-furnished,4.04,True,True
16966,l00166,2,3,5,39,2011,False,0,semi-furnished,3.6,False,True
16967,l00167,5,1,6,6,2005,True,2,furnished,7.77,True,True
16968,l00168,1,1,9,11,2009,False,0,unfurnished,5.49,False,True
16969,l00169,4,2,7,7,2004,True,1,semi-furnished,5.59,True,True
16970,l00170,4,3,20,35,2019,True,3,unfurnished,3.36,False,True
16971,l00171,5,2,19,31,2006,False,0,furnished,7.0,True,True
16973,l00173,3,4,11,11,2010,False,0,semi-furnished,4.04,False,True
16974,l00174,4,1,4,7,2016,False,0,unfurnished,3.36,True,True
16975,l00175,1,3,3,34,2021,False,0,furnished,6.88,True,True
16977,l00177,5,1,16,37,2010,True,3,furnished,5.95,True,False
16978,l00178,4,4,3,20,2017,True,4,semi-furnished,6.69,True,True
16979,l00179,5,4,11,36,2018,False,0,furnished,7.26,False,False
16980,l00180,1,3,24,31,2001,True,1,furnished,2.93,True,True
16981,l00181,2,1,15,28,2010,False,0,unfurnished,0.99,False,True
16982,l00182,2,3,3,32,2012,True,2,furnished,3.73,True,False
16984,l00184,3,3,16,19,2018,False,0,semi-furnished,7.1,False,False
16985,l00185,2,3,4,24,2013,False,0,semi-furnished,7.75,True,False
16986,l00186,3,3,25,36,1995,True,2,unfurnished,6.12,True,False
16987,l00187,4,4,19,38,2003,True,1,semi-furnished,2.13,True,True
16988,l00188,2,4,1,30,2005,True,2,semi-furnished,1.52,False,False
16989,l00189,3,1,18,33,2016,True,3,furnished,2.8,True,True
16991,l00191,1,3,16,21,2011,True,1,semi-furnished,1.7,False,False
16992,l00192,4,3,14,35,2019,True,0,semi-furnished,5.76,False,False
16994,l00194,1,1,8,18,2001,True,0,unfurnished,2.65,False,False
16995,l00195,1,2,11,21,2002,True,3,semi-furnished,3.49,True,True
16997,l00197,1,3,3,35,2016,True,0,unfurnished,5.71,False,True
16998,l00198,1,1,14,40,1996,True,1,furnished,3.63,True,False
17000,l00200,1,4,20,29,2021,False,0,unfurnished,7.02,False,False
17001,l00201,2,3,0,6,2016,False,0,unfurnished,1.95,False,True
17002,l00202,1,2,1,37,2012,True,2,semi-furnished,4.9,False,True
17004,l00204,1,1,5,9,2007,True,3,furnished,0.32,True,False
17005,l00205,3,3,2,15,2005,False,0,semi-furnished,7.87,False,False
17007,l00207,1,3,10,26,2018,True,3,unfurnished,1.79,True,True
17009,l00209,5,2,6,19,2000,True,3,furnished,4.6,True,True
17010,l00210,1,3,18,24,1995,False,0,semi-furnished,3.38,True,False
17011,l00211,5,2,1,17,2018,False,0,unfurnished,5.56,False,False
17012,l00212,4,2,9,38,2017,True,1,furnished,2.97,False,False
17013,l00213,1,2,5,21,2021,False,0,furnished,4.97,True,False
17015,l00215,5,3,20,30,2012,True,0,semi-furnished,6.81,False,False
17016,l00216,5,2,21,40,2022,False,0,unfurnished,2.58,True,False
17017,l00217,3,1,24,28,2009,False,0,unfurnished,0.74,True,False
17018,l00218,1,4,18,34,2006,False,0,unfurnished,2.05,True,False
17019,l00219,4,4,16,31,2016,False,0,semi-furnished,1.07,False,False
17020,l00220,2,4,11,28,1999,True,0,furnished,1.65,True,True
17023,l00223,2,4,0,6,2012,False,0,unfurnished,4.0,False,True
17026,l00226,5,4,11,31,2002,True,2,furnished,2.29,True,True
17028,l00228,2,1,9,25,1999,False,0,semi-furnished,6.34,False,False
17029,l00229,5,3,1,10,2007,True,1,semi-furnished,1.87,True,False
17032,l00232,1,1,15,26,2019,False,0,semi-furnished,2.19,True,False
17033,l00233,3,3,18,23,2004,False,0,furnished,5.03,True,True
17034,l00234,3,1,7,10,2002,False,0,semi-furnished,7.83,False,False
17035,l00235,4,3,17,37,1999,False,0,semi-furnished,3.71,True,True
17036,l00236,1,2,14,20,1997,True,1,semi-furnished,2.55,False,True
17037,l00237,1,1,15,30,2006,False,0,semi-furnished,2.91,False,True
17038,l00238,4,1,22,29,1998,False,0,unfurnished,7.47,False,True
17039,l00239,1,2,22,30,2002,False,0,unfurnished,7.61,False,True
17040,l00240,5,4,10,25,2016,False,0,unfurnished,6.26,False,False
17041,l00241,4,3,6,39,1997,False,0,unfurnished,7.52,True,False
17042,l00242,3,1,0,27,1997,False,0,semi-furnished,6.96,True,True
17043,l00243,4,3,20,23,2006,True,2,furnished,1.26,True,False
17044,l00244,2,3,0,39,2010,False,0,unfurnished,3.93,False,True
17045,l00245,1,2,2,19,2000,True,3,semi-furnished,7.57,True,False
17046,l00246,1,4,19,32,2003,False,0,unfurnished,6.47,False,True
17047,l00247,2,3,8,22,2006,True,3,unfurnished,4.9,True,False
17050,l00250,4,1,17,20,2013,True,2,semi-furnished,7.27,True,True
17051,l00251,3,2,22,30,2003,False,0,furnished,5.88,True,False
17052,l00252,4,2,14,25,2022,True,4,unfurnished,2.39,False,True
17053,l00253,2,4,3,32,2005,True,0,unfurnished,5.79,False,False
17054,l00254,1,1,0,32,1995,False,0,furnished,6.41,False,False
17055,l00255,3,1,7,13,2008,True,3,semi-furnished,1.2,False,False
17056,l00256,3,4,19,25,1996,False,0,semi-furnished,1.15,False,False
17057,l00257,1,1,6,24,2022,False,0,furnished,1.84,True,True
17058,l00258,1,2,17,29,2003,False,0,semi-furnished,3.59,True,False
17059,l00259,1,2,12,15,2021,True,2,unfurnished,5.77,False,False
17060,l00260,4,3,3,6,1996,True,1,furnished,2.78,False,False
17061,l00261,1,2,0,38,2009,True,2,semi-furnished,0.48,False,True
17062,l00262,2,4,8,25,2014,False,0,unfurnished,3.63,True,True
17065,l00265,2,3,6,32,2007,False,0,unfurnished,6.51,False,False
17066,l00266,5,1,17,32,2009,False,0,semi-furnished,6.35,True,True
17067,l00267,4,2,5,34,2018,False,0,unfurnished,6.84,False,True
17069,l00269,2,1,22,40,2002,False,0,furnished,1.12,False,False
17070,l00270,4,2,13,24,2000,False,0,semi-furnished,5.92,True,False
17071,l00271,5,1,16,32,2014,True,2,semi-furnished,0.22,False,True
17072,l00272,1,3,20,40,2006,True,4,unfurnished,4.26,True,False
17073,l00273,3,4,5,39,2006,False,0,furnished,1.2,True,False
17074,l00274,1,2,9,21,1998,False,0,unfurnished,6.02,True,True
17075,l00275,5,3,4,16,2010,False,0,furnished,6.14,True,True
17076,l00276,3,1,3,21,2008,False,0,semi-furnished,2.77,False,True
17078,l00278,5,3,13,30,2000,True,3,unfurnished,0.96,True,True
17079,l00279,2,2,1,19,1999,True,1,furnished,7.55,True,False
17080,l00280,1,3,5,31,2020,True,0,unfurnished,2.11,True,True
17081,l00281,2,2,14,18,2003,False,0,semi-furnished,6.39,False,False
17082,l00282,4,4,10,35,2004,False,0,unfurnished,3.0,False,False
17083,l00283,2,2,20,22,2011,False,0,furnished,7.29,True,True
17084,l00284,3,3,13,20,2021,True,0,furnished,5.02,True,True
17088,l00288,2,4,6,29,2011,False,0,unfurnished,0.32,False,False
17089,l00289,4,3,12,32,2017,False,0,unfurnished,7.38,True,True
17091,l00291,2,1,4,17,2023,False,0,furnished,7.67,False,False
17092,l00292,1,1,18,40,2021,True,4,furnished,2.33,False,False
17093,l00293,2,1,0,13,2023,True,2,semi-furnished,0.53,True,False
17094,l00294,1,3,14,16,2015,True,2,unfurnished,0.52,True,True
17095,l00295,3,4,7,20,2008,True,0,furnished,4.1,True,False
17097,l00297,2,1,21,31,2007,False,0,furnished,0.24,True,True
17099,l00299,3,2,18,24,2023,False,0,furnished,4.34,False,True
17100,l00300,5,4,9,19,2022,True,0,furnished,5.68,True,False
17102,l00302,3,4,6,21,2017,True,0,unfurnished,2.28,True,True
17103,l00303,3,2,10,26,2008,False,0,unfurnished,6.88,False,False
17104,l00304,3,4,11,29,2016,False,0,semi-furnished,5.92,True,False
17106,l00306,3,2,24,37,2011,False,0,furnished,4.98,True,True
17107,l00307,3,4,6,36,2011,False,0,unfurnished,5.86,False,True
17109,l00309,2,3,18,21,2020,False,0,furnished,0.84,False,False
17111,l00311,5,4,2,17,2022,True,0,semi-furnished,1.36,True,True
17112,l00312,4,2,2,28,1995,True,2,furnished,1.35,True,True
17114,l00314,1,2,20,20,2003,True,1,semi-furnished,6.25,True,False
17115,l00315,3,2,7,37,2017,False,0,unfurnished,5.18,False,True
17116,l00316,4,3,20,30,2011,True,3,unfurnished,1.63,True,False
17117,l00317,2,4,1,18,2015,True,2,semi-furnished,7.36,False,True
17118,l00318,5,3,1,36,1997,False,0,furnished,3.13,True,True
17119,l00319,5,2,22,30,2006,False,0,semi-furnished,1.72,True,True
17120,l00320,2,4,9,11,2018,True,1,furnished,5.3,False,True
17121,l00321,5,4,2,23,2013,True,1,furnished,2.22,True,True
17122,l00322,4,1,1,38,2017,True,2,semi-furnished,6.05,False,False
17123,l00323,5,4,5,17,2022,True,4,semi-furnished,7.55,False,False
17124,l00324,4,2,12,38,2007,True,1,semi-furnished,5.93,True,False
17126,l00326,2,4,8,13,2010,False,0,unfurnished,5.84,False,True
17128,l00328,5,3,14,17,2023,False,0,semi-furnished,7.86,False,False
17129,l00329,5,2,22,24,2008,True,2,furnished,4.93,True,True
17130,l00330,1,3,12,33,2004,False,0,furnished,6.88,False,False
17131,l00331,3,3,11,12,2021,True,0,unfurnished,0.49,False,False
17132,l00332,2,2,6,33,2018,True,3,semi-furnished,3.35,False,False
17134,l00334,3,4,16,34,2009,True,4,semi-furnished,2.23,False,True
17136,l00336,5,2,14,17,1999,False,0,semi-furnished,0.68,True,False
17137,l00337,4,3,11,35,2014,False,0,unfurnished,3.99,True,False
17139,l00339,5,4,7,38,2018,False,0,furnished,0.52,True,True
17140,l00340,5,1,6,35,2017,True,2,unfurnished,1.66,False,True
17141,l00341,2,1,8,11,2008,False,0,furnished,6.7,False,True
17143,l00343,3,1,4,14,2009,False,0,semi-furnished,5.2,True,False
17144,l00344,1,4,5,18,2005,True,1,unfurnished,4.88,True,True
17145,l00345,1,4,15,37,2018,False,0,semi-furnished,2.11,False,True
17146,l00346,5,1,14,33,2005,False,0,unfurnished,0.74,True,True
17147,l00347,3,3,2,6,2007,True,3,semi-furnished,5.19,True,True
17148,l00348,1,4,22,32,2010,False,0,furnished,3.1,False,False
17149,l00349,4,2,17,29,2006,False,0,semi-furnished,5.67,False,True
17150,l00350,1,1,23,30,2015,True,2,unfurnished,7.28,False,True
17151,l00351,1,1,17,18,2000,False,0,semi-furnished,7.23,False,False
17152,l00352,2,4,17,36,2015,False,0,furnished,5.09,False,True
17153,l00353,4,3,5,39,2013,False,0,furnished,0.55,False,True
17154,l00354,5,3,20,30,2019,False,0,semi-furnished,2.04,True,False
17156,l00356,4,3,20,30,2000,True,0,furnished,4.88,True,True
17157,l00357,4,4,17,21,1996,False,0,furnished,3.87,True,True
17158,l00358,4,3,5,10,2023,True,0,unfurnished,4.08,False,False
17159,l00359,4,3,14,26,2004,False,0,semi-furnished,2.18,False,False
17160,l00360,3,3,7,19,2012,False,0,unfurnished,7.53,True,True
17162,l00362,4,4,18,27,1998,False,0,semi-furnished,4.91,True,False
17163,l00363,5,1,10,39,2010,False,0,furnished,3.35,False,False
17166,l00366,5,1,21,21,2015,True,4,unfurnished,2.47,False,False
17167,l00367,1,3,24,26,2011,False,0,unfurnished,1.75,True,True
17168,l00368,2,4,17,29,2019,True,4,semi-furnished,7.19,False,True
17169,l00369,3,3,16,35,2009,True,4,semi-furnished,1.2,True,True
17170,l00370,5,1,19,24,2022,False,0,semi-furnished,2.56,False,False
17174,l00374,5,2,16,16,2022,True,2,furnished,5.46,False,False
17175,l00375,5,2,2,17,2009,False,0,furnished,4.82,False,False
17176,l00376,1,4,8,40,2021,True,1,semi-furnished,5.94,False,True
17177,l00377,1,2,10,12,1995,False,0,unfurnished,6.24,True,True
17178,l00378,2,1,22,28,2002,True,0,semi-furnished,3.17,False,False
17179,l00379,3,1,6,6,2014,True,3,unfurnished,6.53,True,True
17180,l00380,4,2,17,19,2002,False,0,unfurnished,2.34,True,False
17181,l00381,1,2,18,28,2023,False,0,unfurnished,5.54,False,True
17183,l00383,3,2,2,15,2002,False,0,semi-furnished,5.86,False,True
17184,l00384,3,4,1,35,1998,True,1,unfurnished,1.07,True,True
17185,l00385,5,4,14,24,2010,False,0,semi-furnished,6.27,False,True
17186,l00386,1,4,25,30,2005,False,0,unfurnished,4.03,False,True
17187,l00387,4,3,21,26,1995,False,0,semi-furnished,5.99,True,True
17188,l00388,3,4,4,19,2010,True,0,semi-furnished,5.71,False,False
17189,l00389,3,1,1,29,2022,False,0,semi-furnished,0.79,True,False
17190,l00390,4,1,4,40,2023,True,0,semi-furnished,2.81,False,True
17193,l00393,5,3,23,31,2006,True,4,unfurnished,5.88,False,True
17194,l00394,4,1,7,10,2000,False,0,semi-furnished,1.05,False,False
17198,l00398,2,1,4,33,2013,True,1,unfurnished,1.05,False,True
17200,l00400,4,4,13,38,1996,False,0,furnished,5.79,False,False
17201,l00401,4,1,2,26,2014,True,1,unfurnished,6.29,False,True
17202,l00402,2,3,16,23,2006,False,0,furnished,5.85,True,False
17203,l00403,1,4,20,35,2012,False,0,unfurnished,4.0,False,False
17204,l00404,4,3,2,23,2010,False,0,unfurnished,2.12,False,False
17205,l00405,2,3,15,23,2019,False,0,semi-furnished,6.29,True,True
17206,l00406,5,4,13,18,2015,False,0,furnished,1.95,True,False
17209,l00409,3,2,25,35,2016,False,0,furnished,7.85,False,True
17210,l00410,1,2,20,38,2022,False,0,unfurnished,6.28,True,True
17211,l00411,5,4,9,29,2018,False,0,unfurnished,2.76,True,True
17212,l00412,2,2,21,30,2006,False,0,semi-furnished,3.4,True,False
17213,l00413,3,2,6,31,2003,True,1,semi-furnished,3.66,False,False
17214,l00414,4,3,6,16,2007,False,0,unfurnished,5.29,True,True
17215,l00415,2,1,11,11,1996,False,0,semi-furnished,1.08,True,False
17216,l00416,4,2,5,7,2005,True,4,semi-furnished,3.16,True,False
17217,l00417,5,4,21,34,2013,False,0,semi-furnished,5.94,True,True
17218,l00418,3,1,2,37,1997,False,0,unfurnished,4.67,False,False
17220,l00420,3,2,10,35,2012,False,0,semi-furnished,3.73,False,True
17221,l00421,5,1,12,38,2007,False,0,semi-furnished,5.88,False,False
17223,l00423,1,3,22,30,1995,False,0,unfurnished,6.41,False,False
17224,l00424,5,2,9,35,2013,True,1,unfurnished,2.22,True,False
17225,l00425,2,3,4,28,2017,True,0,furnished,3.8,True,False
17227,l00427,2,1,5,17,2020,True,2,unfurnished,1.27,True,False
17228,l00428,5,1,19,21,2015,False,0,unfurnished,2.7,False,False
17229,l00429,5,1,0,17,2018,True,2,furnished,1.89,True,True
17231,l00431,3,2,2,30,2013,True,2,unfurnished,2.77,True,True
17232,l00432,2,2,7,18,2021,False,0,furnished,1.97,False,False
17233,l00433,5,2,2,11,2003,True,3,semi-furnished,2.56,True,False
17234,l00434,4,4,3,5,2002,True,0,unfurnished,7.96,False,True
17235,l00435,2,2,23,34,2017,True,4,semi-furnished,1.82,True,False
17237,l00437,1,4,1,28,1999,True,1,unfurnished,1.22,True,True
17238,l00438,5,1,11,25,2001,True,0,furnished,0.32,False,True
17239,l00439,5,1,22,29,1999,False,0,semi-furnished,7.32,False,False
17240,l00440,1,2,0,27,2015,True,4,furnished,2.0,True,False
17241,l00441,1,1,4,24,2004,True,2,unfurnished,4.73,False,False
17242,l00442,5,2,11,11,1998,True,3,unfurnished,5.23,False,False
17244,l00444,4,4,20,22,2023,True,0,furnished,0.75,False,False
17245,l00445,1,3,12,33,2012,False,0,unfurnished,2.89,False,False
17246,l00446,3,1,8,21,2001,False,0,unfurnished,4.62,True,True
17249,l00449,4,2,14,33,2002,True,2,furnished,5.82,True,False
17250,l00450,1,4,13,15,2012,False,0,semi-furnished,4.43,False,True
17251,l00451,5,4,4,17,2014,True,2,unfurnished,6.44,False,True
17253,l00453,2,1,12,14,2003,True,3,furnished,4.52,False,False
17254,l00454,5,1,4,24,2008,True,1,furnished,3.51,True,True
17256,l00456,1,2,22,37,2007,True,1,furnished,6.07,True,True
17257,l00457,4,2,9,30,1996,False,0,unfurnished,1.0,True,False
17258,l00458,5,1,19,30,2021,True,1,furnished,1.57,False,False
17259,l00459,4,2,9,26,2005,True,4,unfurnished,7.24,True,True
17260,l00460,1,3,8,34,2003,False,0,furnished,1.9,False,True
17261,l00461,4,4,5,36,2023,True,4,furnished,1.61,True,False
17262,l00462,3,4,11,15,2014,True,2,unfurnished,3.57,True,True
17263,l00463,1,4,8,37,1996,False,0,furnished,3.83,False,False
17264,l00464,2,4,1,40,2001,False,0,semi-furnished,1.78,False,True
17265,l00465,5,2,3,7,2001,False,0,unfurnished,5.39,False,True
17267,l00467,5,2,25,28,2009,False,0,furnished,3.42,False,False
17268,l00468,2,3,17,20,2011,True,0,unfurnished,2.53,False,True
17269,l00469,1,3,8,14,2000,True,2,semi-furnished,1.76,True,False
17270,l00470,5,1,13,15,1997,False,0,furnished,2.35,True,False
17272,l00472,5,2,4,15,2007,True,3,unfurnished,7.48,False,True
17273,l00473,3,2,0,14,2013,True,2,semi-furnished,2.44,False,False
17274,l00474,1,2,25,38,1995,True,3,furnished,5.46,False,False
17275,l00475,3,1,17,40,2007,False,0,unfurnished,3.67,False,False
17276,l00476,3,1,12,21,2006,True,2,unfurnished,5.05,True,False
17278,l00478,4,3,4,32,2011,True,1,furnished,7.79,False,True
17279,l00479,1,2,7,26,2011,False,0,unfurnished,5.98,True,False
17280,l00480,1,2,23,30,2000,True,3,semi-furnished,5.21,True,False
17281,l00481,4,3,4,28,2009,True,0,semi-furnished,3.24,True,True
17283,l00483,4,4,21,36,2004,False,0,unfurnished,7.61,True,False
17284,l00484,1,1,2,5,2019,True,3,unfurnished,2.41,False,True
17285,l00485,3,2,22,39,2018,False,0,furnished,5.04,False,False
17286,l00486,4,3,5,11,2018,False,0,semi-furnished,0.25,True,False
17289,l00489,1,4,13,38,2015,True,1,furnished,1.23,True,True
17290,l00490,3,1,3,34,2021,False,0,semi-furnished,4.59,False,True
17291,l00491,3,3,11,34,1996,False,0,semi-furnished,1.73,True,False
17292,l00492,1,4,2,38,2009,True,3,unfurnished,6.29,False,True
17293,l00493,4,4,11,39,2003,False,0,furnished,6.94,True,True
17294,l00494,5,3,20,23,2004,True,0,unfurnished,6.78,True,True
17295,l00495,4,4,18,23,2010,False,0,furnished,2.71,False,True
17296,l00496,1,1,12,25,2014,True,1,semi-furnished,1.99,False,True
17297,l00497,3,2,17,19,2006,True,0,furnished,4.08,True,True
17298,l00498,1,3,16,16,2005,True,1,furnished,7.99,True,True
17299,l00499,4,3,4,6,2009,False,0,unfurnished,4.07,False,True
17300,l00500,4,1,13,28,2013,True,2,semi-furnished,3.97,True,True
17302,l00502,2,3,10,31,2010,True,0,unfurnished,6.28,False,True
17303,l00503,1,1,18,35,2009,False,0,semi-furnished,0.71,False,False
17304,l00504,1,1,19,23,2000,False,0,semi-furnished,6.95,True,True
17305,l00505,3,2,22,30,2022,False,0,unfurnished,2.21,False,True
17306,l00506,4,2,7,31,1999,True,0,furnished,4.28,False,False
17308,l00508,1,4,19,31,2001,False,0,semi-furnished,7.02,False,True
17309,l00509,1,2,1,28,2019,True,1,unfurnished,7.62,False,False
17310,l00510,2,1,20,37,1996,False,0,semi-furnished,4.9,True,True
17312,l00512,2,2,20,26,2003,True,2,semi-furnished,2.42,True,False
17313,l00513,5,1,6,39,2020,False,0,unfurnished,0.89,False,False
17314,l00514,2,2,11,20,2004,False,0,semi-furnished,4.17,False,False
17315,l00515,5,2,20,26,2020,True,0,unfurnished,4.73,True,False
17316,l00516,5,2,9,31,1995,True,0,semi-furnished,2.09,True,False
17317,l00517,2,1,4,18,2003,True,2,semi-furnished,7.72,True,False
17318,l00518,1,3,5,26,2001,True,3,furnished,5.58,False,True
17319,l00519,1,4,9,40,2020,False,0,unfurnished,5.19,False,True
17320,l00520,2,2,9,20,2011,False,0,semi-furnished,2.06,False,False
17321,l00521,2,2,22,25,2010,False,0,furnished,5.93,False,False
17322,l00522,5,4,5,29,1996,True,2,semi-furnished,0.77,False,False
17323,l00523,2,3,8,28,2022,False,0,furnished,1.94,False,True
17324,l00524,1,2,14,36,2018,False,0,unfurnished,6.6,True,False
17325,l00525,1,3,16,21,2000,False,0,semi-furnished,5.96,True,True
17326,l00526,5,4,7,35,2003,False,0,furnished,1.97,False,True
17327,l00527,4,1,0,37,1996,True,0,semi-furnished,6.52,True,True
17328,l00528,5,3,11,12,2003,False,0,unfurnished,1.42,True,True
17332,l00532,1,1,2,16,2009,True,1,semi-furnished,4.81,False,True
17334,l00534,2,1,23,36,2022,True,2,unfurnished,6.81,True,True
17335,l00535,1,4,1,33,2012,True,2,unfurnished,3.7,False,True
17338,l00538,2,1,6,36,2004,False,0,unfurnished,5.87,True,False
17339,l00539,3,2,24,40,2010,True,1,furnished,1.34,False,False
17340,l00540,1,2,9,27,2010,True,1,furnished,4.61,True,True
17342,l00542,4,2,23,39,2009,False,0,furnished,1.71,True,True
17343,l00543,5,2,12,33,2022,True,1,unfurnished,6.24,False,False
17344,l00544,3,2,7,18,2007,False,0,unfurnished,3.05,True,True
17345,l00545,3,1,12,25,2022,False,0,semi-furnished,2.24,False,False
17346,l00546,3,1,19,39,2012,False,0,furnished,3.34,True,True
17347,l00547,3,1,14,19,2018,True,1,furnished,5.37,True,True
17348,l00548,5,4,4,19,2009,False,0,furnished,6.06,True,True
17349,l00549,3,4,13,24,2006,True,4,furnished,0.4,False,True
17350,l00550,1,4,12,12,2000,False,0,unfurnished,7.84,True,False
17351,l00551,5,1,19,27,2010,False,0,furnished,3.23,False,False
17352,l00552,4,2,21,35,2022,True,4,semi-furnished,1.38,False,True
17353,l00553,3,1,18,39,2019,False,0,unfurnished,5.67,True,True
17356,l00556,5,1,13,25,2008,False,0,semi-furnished,2.26,True,True
17357,l00557,4,2,0,14,1996,False,0,semi-furnished,0.41,True,True
17358,l00558,3,1,9,12,2017,False,0,semi-furnished,3.62,True,True
17359,l00559,1,2,9,28,2001,False,0,unfurnished,1.03,True,False
17360,l00560,2,2,13,30,2015,True,1,semi-furnished,0.86,False,False
17361,l00561,2,2,16,18,2020,False,0,semi-furnished,7.86,True,True
17363,l00563,3,3,19,21,2001,False,0,semi-furnished,5.05,True,False
17368,l00568,5,3,11,18,2013,True,3,semi-furnished,4.2,False,True
17369,l00569,3,2,16,27,1999,False,0,semi-furnished,2.55,False,True
17370,l00570,3,1,9,19,2022,True,3,semi-furnished,5.33,True,True
17371,l00571,1,2,5,10,2006,False,0,unfurnished,1.75,True,True
17372,l00572,3,4,8,22,2000,True,0,semi-furnished,1.09,True,False
17373,l00573,5,4,21,39,1995,True,4,unfurnished,1.98,False,True
17374,l00574,3,2,9,23,2013,True,1,furnished,4.4,False,False
17375,l00575,1,3,2,29,2023,False,0,semi-furnished,3.02,True,True
17376,l00576,1,4,0,12,1999,False,0,furnished,4.58,False,True
17377,l00577,5,1,21,27,1996,False,0,unfurnished,2.21,True,True
17378,l00578,1,2,11,26,2019,False,0,furnished,1.32,True,False
17379,l00579,2,2,9,28,2021,True,1,semi-furnished,7.52,False,True
17381,l00581,5,1,9,23,1995,True,0,furnished,1.98,True,True
17384,l00584,2,1,9,27,2002,False,0,semi-furnished,5.71,True,True
17385,l00585,1,1,19,23,2003,False,0,unfurnished,5.96,True,False
17387,l00587,2,4,14,35,2022,False,0,semi-furnished,7.41,True,True
17389,l00589,2,3,18,36,2010,True,0,unfurnished,6.27,True,True
17390,l00590,2,2,12,22,1996,False,0,unfurnished,0.72,False,False
17392,l00592,1,3,17,23,1996,False,0,unfurnished,0.59,True,True
17393,l00593,4,4,12,24,2006,False,0,unfurnished,7.44,False,True
17394,l00594,1,2,18,18,2016,False,0,semi-furnished,6.44,False,True
17395,l00595,4,4,19,19,2010,True,0,unfurnished,5.61,False,False
17398,l00598,2,4,5,37,2017,False,0,semi-furnished,3.19,True,False
17399,l00599,3,4,15,19,1997,True,2,semi-furnished,7.03,True,True
17400,l00600,1,1,24,35,2006,False,0,unfurnished,4.16,True,False
17401,l00601,4,1,16,17,2010,False,0,semi-furnished,5.57,True,False
17402,l00602,4,3,1,14,2003,True,2,furnished,4.45,True,False
17403,l00603,4,4,10,20,2001,False,0,unfurnished,7.46,False,True
17404,l00604,1,3,8,8,2011,False,0,furnished,4.05,True,False
17405,l00605,4,3,17,33,2008,False,0,unfurnished,6.39,False,True
17406,l00606,5,3,22,27,2018,False,0,furnished,4.13,True,True
17407,l00607,1,1,21,31,2001,True,3,semi-furnished,3.07,True,True
17408,l00608,4,1,4,35,1995,True,2,unfurnished,0.86,True,True
17411,l00611,1,2,18,38,2004,False,0,furnished,6.48,True,True
17412,l00612,2,2,14,30,2001,True,0,unfurnished,6.17,True,False
17413,l00613,5,1,3,8,2001,True,2,furnished,3.47,False,False
17414,l00614,5,3,13,25,2015,True,2,semi-furnished,2.72,False,False
17416,l00616,2,4,12,36,2009,True,2,unfurnished,5.12,False,True
17417,l00617,3,3,1,8,2018,False,0,unfurnished,1.72,False,False
17418,l00618,3,4,11,14,2019,True,3,semi-furnished,5.02,True,True
17420,l00620,1,4,15,38,2020,True,1,semi-furnished,2.69,False,False
17421,l00621,2,4,6,11,2007,False,0,unfurnished,5.85,False,False
17422,l00622,5,4,1,25,2011,False,0,semi-furnished,0.84,True,False
17424,l00624,3,3,19,37,2020,False,0,unfurnished,7.69,False,True
17425,l00625,2,4,11,28,1997,False,0,semi-furnished,3.19,False,False
17426,l00626,4,3,9,24,2006,False,0,semi-furnished,5.85,True,True
17427,l00627,1,1,17,25,2002,False,0,semi-furnished,4.81,True,True
17428,l00628,4,2,21,26,2009,False,0,semi-furnished,0.92,True,False
17429,l00629,2,4,4,24,1998,False,0,unfurnished,6.3,False,False
17430,l00630,4,4,8,35,2007,True,1,furnished,0.6,False,False
17431,l00631,2,4,3,26,2002,True,2,unfurnished,0.23,True,False
17433,l00633,4,4,9,9,2002,True,4,semi-furnished,4.91,True,False
17434,l00634,4,2,14,33,2017,False,0,furnished,1.45,True,True
17435,l00635,5,3,14,30,2006,True,4,furnished,4.99,False,False
17436,l00636,2,3,4,9,2021,False,0,furnished,1.05,True,True
17438,l00638,5,1,0,8,2020,True,1,semi-furnished,5.84,True,False
17440,l00640,1,4,6,37,2021,False,0,furnished,3.18,False,True
17442,l00642,5,4,20,27,1995,False,0,furnished,0.25,True,True
17443,l00643,1,1,8,31,2008,False,0,unfurnished,3.31,True,True
17444,l00644,5,2,7,19,2001,True,3,unfurnished,3.87,True,True
17447,l00647,4,3,25,39,2018,False,0,semi-furnished,2.31,True,False
17448,l00648,5,2,6,38,2007,False,0,semi-furnished,2.5,False,False
17449,l00649,3,4,17,39,1997,True,2,semi-furnished,7.87,True,True
17450,l00650,2,3,16,20,2011,False,0,unfurnished,5.86,True,False
17451,l00651,3,1,8,37,2004,False,0,furnished,1.08,False,True
17453,l00653,1,1,5,35,1998,False,0,semi-furnished,3.23,True,False
17455,l00655,2,4,1,7,2009,True,3,unfurnished,0.54,True,False
17456,l00656,2,4,1,18,1995,False,0,semi-furnished,6.63,False,True
17458,l00658,5,2,12,33,2018,False,0,furnished,7.41,False,False
17459,l00659,2,1,25,29,1998,True,2,unfurnished,5.67,True,False
17460,l00660,1,2,4,8,2003,False,0,semi-furnished,1.15,False,False
17461,l00661,2,2,18,22,2007,True,4,semi-furnished,4.47,True,False
17462,l00662,4,1,13,32,2014,False,0,unfurnished,5.32,False,True
17463,l00663,2,4,23,33,1998,True,4,furnished,4.05,False,False
17465,l00665,2,2,14,31,1999,False,0,semi-furnished,2.13,False,False
17467,l00667,3,1,19,39,2011,False,0,furnished,0.36,False,True
17469,l00669,1,3,3,38,2015,True,0,semi-furnished,6.31,False,True
17470,l00670,1,3,9,23,2021,False,0,furnished,5.72,False,False
17471,l00671,4,1,11,14,2021,False,0,furnished,1.97,False,True
17473,l00673,4,3,9,9,2023,False,0,semi-furnished,1.32,True,True
17474,l00674,3,3,10,28,2017,False,0,semi-furnished,3.02,False,False
17475,l00675,2,4,14,25,2023,False,0,furnished,3.68,False,False
17476,l00676,3,2,2,10,2000,False,0,furnished,7.07,False,True
17477,l00677,5,3,11,29,2016,False,0,unfurnished,7.84,False,False
17478,l00678,5,1,0,17,2008,True,3,unfurnished,2.77,True,True
17479,l00679,2,2,0,26,2020,True,1,semi-furnished,2.25,True,False
17480,l00680,4,3,11,33,2003,False,0,unfurnished,7.4,False,True
17481,l00681,5,1,4,20,2007,True,3,unfurnished,1.62,True,False
17483,l00683,4,3,11,26,2003,False,0,semi-furnished,4.34,True,True
17484,l00684,2,2,0,35,2017,True,0,furnished,2.38,True,True
17485,l00685,1,2,5,14,2001,False,0,furnished,2.63,False,False
17486,l00686,4,2,16,36,2005,False,0,unfurnished,0.6,True,False
17488,l00688,1,3,3,10,2023,True,0,unfurnished,1.83,False,True
17489,l00689,1,3,18,38,2012,False,0,semi-furnished,4.39,True,False
17490,l00690,5,2,8,18,1996,False,0,furnished,1.2,True,True
17491,l00691,4,4,9,14,1998,True,3,furnished,7.49,True,False
17492,l00692,1,2,7,34,2007,False,0,furnished,0.78,False,True
17493,l00693,3,1,12,37,2012,True,2,furnished,1.18,False,True
17495,l00695,3,3,21,26,2015,True,4,semi-furnished,4.32,True,True
17498,l00698,4,2,7,23,2017,True,0,unfurnished,4.6,True,False
17500,l00700,1,3,8,24,2011,False,0,unfurnished,4.18,False,False
17502,l00702,1,1,15,25,2015,True,1,unfurnished,2.09,False,True
17503,l00703,2,2,10,11,2009,False,0,semi-furnished,1.02,False,True
17504,l00704,5,2,8,37,2011,False,0,semi-furnished,3.0,False,True
17505,l00705,5,4,25,35,2000,False,0,semi-furnished,4.85,False,True
17507,l00707,5,4,8,30,2005,False,0,unfurnished,5.89,False,True
17508,l00708,2,3,4,12,2017,True,1,unfurnished,3.6,True,False
17509,l00709,2,3,7,35,2021,False,0,semi-furnished,5.94,True,False
17510,l00710,1,2,14,39,2015,True,1,semi-furnished,1.34,False,False
17512,l00712,2,4,11,40,1998,True,1,semi-furnished,3.01,True,True
17513,l00713,4,2,8,9,1996,True,2,furnished,7.72,False,False
17514,l00714,1,2,17,26,2003,True,0,semi-furnished,7.19,True,True
17516,l00716,2,1,16,21,2001,True,0,unfurnished,6.33,False,True
17517,l00717,1,2,16,39,2006,False,0,unfurnished,7.06,True,True
17519,l00719,1,1,13,24,2013,False,0,semi-furnished,4.45,True,False
17520,l00720,4,4,14,34,2021,True,4,unfurnished,6.15,False,True
17523,l00723,3,3,2,36,2005,True,0,unfurnished,2.05,True,True
17525,l00725,5,2,11,23,2000,False,0,furnished,2.53,True,False
17527,l00727,1,2,5,40,2017,True,1,furnished,7.64,False,True
17529,l00729,3,1,8,25,1997,False,0,furnished,0.42,True,True
17530,l00730,2,1,3,32,2022,False,0,unfurnished,4.24,True,True
17531,l00731,5,2,10,26,2022,False,0,semi-furnished,7.74,False,True
17533,l00733,1,3,14,29,2003,False,0,semi-furnished,4.89,False,True
17534,l00734,3,2,3,24,2023,False,0,furnished,7.45,False,False
17537,l00737,2,2,20,33,2018,False,0,unfurnished,6.32,False,False
17538,l00738,5,3,22,38,2020,False,0,unfurnished,5.61,False,False
17539,l00739,1,2,8,16,1999,True,0,unfurnished,1.82,False,True
17540,l00740,2,3,5,16,2017,False,0,unfurnished,4.54,True,False
17541,l00741,3,2,17,27,2018,False,0,furnished,6.95,False,False
17542,l00742,4,1,2,16,2014,False,0,furnished,4.46,False,True
17544,l00744,4,4,8,40,2003,False,0,furnished,2.88,False,False
17545,l00745,1,1,11,30,2003,True,4,semi-furnished,1.41,True,True
17546,l00746,2,4,5,23,2015,False,0,furnished,6.02,False,False
17547,l00747,5,4,17,32,1996,True,4,furnished,3.94,True,True
17549,l00749,2,1,5,40,2021,False,0,semi-furnished,7.74,False,False
17551,l00751,4,3,19,38,2011,False,0,unfurnished,4.2,False,False
17552,l00752,2,1,2,30,2023,True,4,semi-furnished,3.43,True,False
17553,l00753,5,1,7,31,2023,True,2,unfurnished,1.18,True,True
17554,l00754,3,2,8,26,2015,True,3,semi-furnished,5.57,False,True
17555,l00755,5,1,1,38,1996,True,4,furnished,2.36,False,False
17556,l00756,4,4,14,29,1996,True,2,unfurnished,0.98,False,False
17558,l00758,1,4,3,32,2021,True,1,furnished,3.63,False,True
17559,l00759,3,4,24,26,2018,True,1,semi-furnished,3.79,True,False
17560,l00760,2,1,15,22,2011,False,0,unfurnished,5.78,True,False
17561,l00761,2,3,20,40,2011,True,2,semi-furnished,7.35,False,True
17562,l00762,1,1,6,30,1999,True,4,semi-furnished,3.46,False,True
17563,l00763,4,1,1,35,2021,True,4,semi-furnished,3.59,True,True
17564,l00764,5,4,13,31,1995,False,0,furnished,1.34,False,False
17565,l00765,1,1,9,21,2010,True,3,furnished,0.54,False,False
17566,l00766,4,4,11,25,1999,True,1,furnished,0.8,True,True
17567,l00767,2,3,13,16,2007,True,2,unfurnished,4.46,True,True
17569,l00769,4,2,7,32,2022,True,2,furnished,6.51,False,True
17570,l00770,5,1,16,37,2001,False,0,furnished,3.88,False,True
17571,l00771,3,2,20,27,1996,True,4,furnished,3.08,True,False
17572,l00772,1,1,22,25,2013,True,4,furnished,1.06,False,False
17573,l00773,1,1,5,13,2011,True,1,semi-furnished,6.32,True,True
17574,l00774,3,3,15,30,2015,True,1,unfurnished,4.86,True,True
17576,l00776,3,4,14,29,2018,True,4,unfurnished,6.5,False,True
17577,l00777,3,3,9,12,2008,True,4,unfurnished,6.33,False,False
17579,l00779,4,2,8,39,2015,True,2,unfurnished,7.68,False,True
17580,l00780,3,4,20,33,2011,False,0,unfurnished,2.71,False,True
17581,l00781,1,2,0,17,2009,False,0,unfurnished,2.73,False,False
17582,l00782,5,4,0,38,1995,False,0,semi-furnished,0.67,True,False
17583,l00783,3,2,7,16,1997,False,0,furnished,0.46,False,True
17584,l00784,4,4,15,28,1997,True,1,unfurnished,2.01,True,True
17585,l00785,5,4,7,23,2016,False,0,unfurnished,0.9,False,True
17587,l00787,3,4,1,33,2011,True,2,unfurnished,6.27,True,True
17588,l00788,2,4,10,34,2009,False,0,furnished,7.29,True,True
17589,l00789,2,3,16,33,2007,False,0,furnished,1.86,False,False
17590,l00790,3,3,16,29,1997,False,0,unfurnished,4.38,False,True
17591,l00791,1,1,15,38,2002,True,0,furnished,3.64,True,True
17592,l00792,4,3,8,32,2010,False,0,unfurnished,3.71,False,False
17593,l00793,3,3,12,21,1996,False,0,semi-furnished,3.83,False,False
17595,l00795,4,4,1,34,1999,False,0,furnished,4.27,True,False
17596,l00796,2,1,3,11,1995,True,3,unfurnished,3.46,False,True
17597,l00797,4,2,0,8,1999,True,2,unfurnished,1.74,False,True
17599,l00799,4,1,9,12,2019,False,0,furnished,5.24,True,True
17600,l00800,1,2,19,30,2013,False,0,unfurnished,2.07,True,True
17601,l00801,5,1,5,6,2002,True,0,semi-furnished,3.7,True,False
17602,l00802,1,2,0,13,2013,False,0,semi-furnished,6.82,True,True
17603,l00803,4,4,23,31,2015,False,0,unfurnished,5.49,False,True
17605,l00805,1,3,4,27,2002,False,0,unfurnished,6.21,False,True
17606,l00806,1,2,19,23,2022,True,0,unfurnished,4.13,False,True
17607,l00807,1,4,24,33,2021,False,0,furnished,3.25,False,False
17608,l00808,2,1,19,31,2022,True,3,semi-furnished,7.98,True,False
17609,l00809,5,3,23,34,2007,True,1,semi-furnished,5.71,False,True
17613,l00813,2,3,1,19,2021,False,0,furnished,5.47,False,True
17614,l00814,3,1,4,18,2014,False,0,semi-furnished,3.97,True,False
17615,l00815,4,2,15,18,1997,False,0,unfurnished,1.64,True,False
17616,l00816,2,2,9,22,2021,True,0,unfurnished,6.77,False,False
17619,l00819,1,3,6,25,2001,False,0,furnished,6.87,True,False
17620,l00820,3,2,17,34,2015,True,4,furnished,1.04,False,True
17621,l00821,5,1,2,32,2004,False,0,semi-furnished,6.6,False,False
17622,l00822,4,3,0,18,2014,True,1,unfurnished,4.87,True,False
17623,l00823,3,3,7,11,2009,False,0,furnished,4.33,True,False
17624,l00824,1,1,10,16,1996,False,0,semi-furnished,2.27,False,False
17626,l00826,2,1,16,27,2013,False,0,furnished,3.59,False,False
17627,l00827,4,3,23,31,1999,False,0,furnished,2.84,False,True
17628,l00828,5,1,14,37,2012,True,3,furnished,1.22,False,True
17629,l00829,4,3,14,21,1995,True,3,semi-furnished,4.47,False,False
17630,l00830,4,3,10,30,2007,True,1,furnished,4.67,False,False
17631,l00831,4,4,18,23,2011,False,0,unfurnished,6.82,True,False
17632,l00832,5,1,21,35,2023,True,0,unfurnished,7.19,True,True
17633,l00833,1,4,3,20,2014,True,0,unfurnished,6.89,False,False
17634,l00834,3,1,13,36,2018,False,0,furnished,0.78,False,False
17635,l00835,2,3,13,13,2008,False,0,semi-furnished,5.94,True,True
17636,l00836,4,1,7,9,1995,True,0,unfurnished,6.13,True,False
17637,l00837,1,1,6,22,2007,True,2,semi-furnished,3.02,False,True
17638,l00838,2,4,1,5,2012,False,0,semi-furnished,4.81,False,False
17639,l00839,4,1,13,30,1995,True,0,unfurnished,7.6,False,False
17640,l00840,3,2,3,17,1998,True,3,furnished,3.64,False,True
17641,l00841,3,2,1,22,2013,False,0,semi-furnished,0.76,False,False
17642,l00842,2,2,20,39,1995,True,2,unfurnished,1.83,False,True
17643,l00843,5,3,8,8,2011,False,0,furnished,2.01,True,False
17645,l00845,4,4,9,28,1997,True,0,semi-furnished,5.94,True,False
17648,l00848,4,1,12,25,2000,False,0,semi-furnished,1.97,True,False
17649,l00849,2,1,16,26,2022,False,0,unfurnished,0.64,False,True
17650,l00850,2,4,25,27,1996,True,0,semi-furnished,3.66,False,False
17651,l00851,1,3,1,12,2005,False,0,semi-furnished,5.54,False,False
17652,l00852,2,4,22,38,2005,True,0,furnished,3.84,True,True
17653,l00853,4,4,17,23,1996,False,0,furnished,3.43,True,True
17654,l00854,5,2,17,34,1995,False,0,semi-furnished,2.1,False,False
17655,l00855,1,4,7,16,2004,True,1,unfurnished,0.9,True,True
17656,l00856,2,3,14,25,2018,True,1,furnished,6.25,True,True
17658,l00858,5,1,3,39,2017,True,0,semi-furnished,6.25,False,True
17659,l00859,3,2,17,33,2002,True,1,semi-furnished,6.13,True,False
17660,l00860,3,4,8,12,2013,False,0,furnished,2.49,True,False
17661,l00861,5,4,4,37,2003,False,0,furnished,2.14,True,True
17663,l00863,2,4,6,35,2011,True,1,semi-furnished,3.47,True,False
17664,l00864,2,3,0,24,2019,False,0,furnished,6.47,True,False
17665,l00865,5,2,11,15,2013,False,0,unfurnished,4.54,True,False
17667,l00867,3,2,15,20,2019,True,2,unfurnished,0.75,True,True
17668,l00868,1,1,12,37,2019,False,0,unfurnished,2.78,False,True
17669,l00869,3,1,14,32,2023,True,2,furnished,5.17,False,True
17670,l00870,2,3,1,15,2020,True,1,furnished,5.31,True,True
17671,l00871,1,1,18,22,2006,False,0,furnished,0.95,False,True
17673,l00873,1,1,21,21,2002,False,0,unfurnished,6.73,True,True
17674,l00874,3,1,19,37,2009,True,2,unfurnished,3.5,True,False
17675,l00875,1,3,16,22,2013,False,0,furnished,3.62,False,True
17677,l00877,4,1,11,18,2018,False,0,furnished,3.02,True,True
17678,l00878,3,2,17,29,2021,False,0,furnished,2.05,False,True
17679,l00879,3,1,10,37,2003,True,0,furnished,1.2,True,True
17680,l00880,2,2,4,25,2005,True,4,unfurnished,4.2,True,True
17682,l00882,4,4,22,38,1995,False,0,unfurnished,0.66,True,True
17684,l00884,1,3,18,35,2007,True,0,unfurnished,1.54,False,True
17685,l00885,2,4,3,38,2016,False,0,semi-furnished,1.47,False,False
17686,l00886,4,2,13,27,1998,True,0,furnished,5.54,False,False
17687,l00887,4,3,23,40,2008,True,2,unfurnished,5.42,False,False
17688,l00888,3,1,17,20,1996,False,0,unfurnished,3.11,False,True
17690,l00890,5,4,22,24,2002,False,0,semi-furnished,2.5,True,False
17691,l00891,5,3,15,38,1999,False,0,semi-furnished,4.53,False,True
17692,l00892,4,2,14,30,2006,False,0,furnished,4.68,True,True
17693,l00893,2,2,21,29,2004,True,4,unfurnished,4.74,True,True
17695,l00895,3,3,6,37,2010,True,3,unfurnished,3.16,True,True
17696,l00896,5,4,13,37,2005,False,0,unfurnished,7.02,False,True
17697,l00897,4,4,10,37,2013,False,0,unfurnished,2.05,True,False
17699,l00899,3,4,6,34,2006,True,0,furnished,4.25,True,True
17700,l00900,4,1,6,28,2005,True,2,furnished,3.97,True,False
17701,l00901,1,2,4,15,2017,False,0,semi-furnished,0.84,False,False
17702,l00902,1,4,13,13,2018,False,0,unfurnished,4.96,True,True
17703,l00903,2,4,1,16,2018,True,4,semi-furnished,0.73,True,False
17704,l00904,2,3,18,32,2018,True,3,unfurnished,0.36,False,True
17705,l00905,4,1,7,10,2023,True,4,semi-furnished,7.71,True,False
17707,l00907,2,1,4,23,1999,False,0,furnished,5.83,True,True
17708,l00908,3,2,1,8,2023,False,0,furnished,6.4,True,True
17710,l00910,3,4,2,10,2011,False,0,unfurnished,4.64,True,False
17712,l00912,2,2,19,25,2002,True,3,unfurnished,0.51,True,False
17713,l00913,3,2,24,38,2015,False,0,semi-furnished,3.3,True,False
17714,l00914,1,1,2,6,2018,True,1,furnished,3.29,False,False
17715,l00915,4,4,17,17,2005,False,0,semi-furnished,5.42,True,True
17717,l00917,2,4,8,20,2016,False,0,furnished,0.48,False,True
17718,l00918,1,2,1,13,2016,False,0,semi-furnished,6.8,False,True
17720,l00920,3,3,0,31,2000,True,2,furnished,4.23,True,True
17721,l00921,5,1,9,29,2011,False,0,semi-furnished,3.45,True,False
17722,l00922,3,1,14,24,2015,True,4,semi-furnished,3.06,False,True
17723,l00923,1,4,6,36,2000,True,1,unfurnished,0.75,True,True
17724,l00924,3,4,8,30,2004,False,0,furnished,6.08,True,True
17727,l00927,5,1,10,30,2009,False,0,unfurnished,2.2,True,True
17728,l00928,3,3,17,35,2020,False,0,unfurnished,1.15,True,False
17730,l00930,2,3,17,23,1999,True,4,semi-furnished,7.17,False,False
17732,l00932,1,1,3,34,2021,True,3,furnished,6.26,False,False
17734,l00934,2,2,21,37,1997,True,0,unfurnished,5.63,False,True
17735,l00935,2,4,5,18,1995,True,0,unfurnished,4.29,False,True
17738,l00938,5,3,2,13,1995,True,1,furnished,2.79,False,True
17739,l00939,2,1,0,13,2021,False,0,unfurnished,2.27,False,False
17740,l00940,4,4,1,38,1995,True,2,furnished,5.85,True,True
17741,l00941,3,3,18,23,2002,True,1,semi-furnished,1.39,False,False
17742,l00942,1,2,3,13,2011,False,0,unfurnished,5.38,False,True
17745,l00945,4,3,20,31,2009,False,0,semi-furnished,7.08,True,True
17746,l00946,2,1,13,35,2011,False,0,semi-furnished,0.56,False,True
17747,l00947,2,4,22,31,2023,False,0,unfurnished,2.24,False,True
17748,l00948,1,4,8,15,2014,False,0,furnished,1.91,False,False
17749,l00949,3,1,11,16,1998,True,3,furnished,7.69,False,False
17750,l00950,1,2,19,23,2008,False,0,furnished,3.96,False,False
17751,l00951,2,1,5,16,2014,True,4,furnished,5.52,True,True
17752,l00952,4,2,5,23,2018,True,3,unfurnished,5.04,True,True
17753,l00953,4,1,14,28,2013,False,0,semi-furnished,1.03,True,True
17755,l00955,5,2,22,30,2006,False,0,unfurnished,4.72,True,True
17756,l00956,1,4,11,12,2012,False,0,unfurnished,5.22,True,True
17757,l00957,1,3,11,31,2010,False,0,unfurnished,7.66,True,False
17758,l00958,2,2,11,19,1999,True,4,unfurnished,1.82,False,True
17759,l00959,3,4,9,30,2016,True,1,unfurnished,7.73,True,True
17760,l00960,5,1,5,15,2016,True,0,unfurnished,3.63,False,False
17761,l00961,2,4,8,23,2019,False,0,furnished,5.62,False,False
17762,l00962,2,4,21,34,2004,False,0,semi-furnished,7.9,True,True
17764,l00964,3,2,3,32,2009,True,2,unfurnished,3.47,True,False
17765,l00965,1,4,17,36,2009,False,0,semi-furnished,7.06,False,False
17766,l00966,5,1,24,28,2019,False,0,semi-furnished,7.44,True,True
17767,l00967,1,1,11,20,2011,False,0,furnished,2.34,False,True
17768,l00968,3,3,3,40,2002,True,4,furnished,5.81,False,False
17769,l00969,5,1,3,17,2017,True,2,semi-furnished,2.13,True,False
17770,l00970,2,3,6,33,2022,False,0,furnished,1.84,True,True
17771,l00971,1,2,20,24,2020,True,0,furnished,7.21,True,False
17772,l00972,5,4,8,34,2014,True,0,unfurnished,0.68,False,True
17773,l00973,5,3,21,21,2009,True,1,semi-furnished,3.27,False,True
17774,l00974,5,4,3,32,2020,True,3,furnished,6.88,False,False
17775,l00975,4,2,14,22,2014,False,0,semi-furnished,2.54,True,True
17776,l00976,4,3,8,34,2022,True,2,furnished,6.69,True,True
17778,l00978,4,2,11,34,2007,False,0,unfurnished,4.55,False,True
17779,l00979,3,3,21,40,2015,True,1,furnished,5.84,False,False
17780,l00980,4,3,7,14,2015,True,2,semi-furnished,1.4,False,True
17781,l00981,3,2,12,22,2010,False,0,semi-furnished,4.27,True,True
17782,l00982,5,1,7,12,2010,False,0,semi-furnished,7.08,True,False
17783,l00983,2,3,3,17,2021,True,1,furnished,4.75,True,False
17784,l00984,4,4,21,38,1999,True,2,furnished,3.88,True,True
17785,l00985,5,2,13,25,2020,True,2,furnished,4.94,True,False
17786,l00986,3,4,6,16,2004,False,0,unfurnished,7.6,False,True
17787,l00987,2,2,18,21,1997,False,0,semi-furnished,7.61,False,True
17788,l00988,1,4,17,23,2008,False,0,furnished,5.41,False,True
17791,l00991,5,2,4,19,2022,False,0,semi-furnished,2.87,False,False
17793,l00993,3,1,2,31,2021,True,0,furnished,1.56,True,False
17795,l00995,1,4,16,26,2004,False,0,furnished,6.54,False,False
17798,l00998,1,2,5,14,2015,True,4,unfurnished,4.47,True,True
17801,l01001,1,1,15,34,2007,True,0,furnished,7.81,False,True
17802,l01002,5,1,12,36,1995,False,0,furnished,0.57,False,True
17803,l01003,4,1,14,38,1996,True,2,semi-furnished,3.97,False,True
17804,l01004,1,2,7,36,2011,True,3,unfurnished,4.48,False,False
17805,l01005,5,4,1,16,1998,False,0,furnished,4.54,False,True
17806,l01006,4,4,15,38,2002,True,0,unfurnished,6.11,False,False
17807,l01007,5,3,18,34,2003,True,2,unfurnished,5.97,True,False
17808,l01008,2,4,15,25,1995,False,0,furnished,6.9,True,False
17810,l01010,3,1,1,15,2002,True,0,unfurnished,6.76,True,True
17813,l01013,2,2,3,11,2023,False,0,furnished,2.26,True,False
17814,l01014,3,1,6,18,1995,False,0,furnished,4.12,False,True
17815,l01015,1,2,11,13,2012,True,3,semi-furnished,0.42,False,False
17816,l01016,1,4,17,35,2005,True,0,unfurnished,3.84,True,False
17817,l01017,1,2,20,33,2008,True,3,unfurnished,5.55,False,False
17820,l01020,1,2,7,35,2001,False,0,unfurnished,7.81,True,True
17821,l01021,1,3,18,37,2016,False,0,furnished,7.84,False,False
17822,l01022,1,4,2,21,2015,False,0,furnished,3.76,True,True
17825,l01025,4,2,5,36,1997,True,3,semi-furnished,3.59,False,True
17826,l01026,5,3,10,17,2018,True,0,semi-furnished,6.43,False,True
17827,l01027,2,1,5,27,1997,True,0,unfurnished,5.63,True,True
17828,l01028,3,2,10,13,2001,False,0,furnished,3.39,True,True
17829,l01029,2,3,21,30,2014,True,3,semi-furnished,2.49,True,False
17830,l01030,4,2,6,23,2003,True,0,unfurnished,6.31,False,False
17831,l01031,3,2,17,26,2006,False,0,unfurnished,6.18,False,True
17832,l01032,1,1,22,23,2011,False,0,unfurnished,2.48,True,True
17833,l01033,4,1,8,12,1995,False,0,semi-furnished,5.48,False,True
17834,l01034,5,4,2,27,2023,True,1,unfurnished,1.05,False,False
17837,l01037,1,2,13,33,2023,False,0,unfurnished,6.94,False,True
17839,l01039,4,2,12,13,2001,False,0,semi-furnished,6.12,False,False
17840,l01040,4,2,4,13,2007,False,0,furnished,2.56,True,False
17841,l01041,3,4,0,26,2019,False,0,furnished,7.66,False,True
17843,l01043,5,1,5,23,1999,True,0,semi-furnished,5.41,True,False
17844,l01044,4,3,15,19,2023,False,0,unfurnished,4.77,False,True
17846,l01046,3,2,4,35,2004,True,4,unfurnished,0.88,True,True
17847,l01047,3,2,6,17,1999,True,1,unfurnished,1.46,False,False
17848,l01048,3,1,5,35,2000,False,0,furnished,4.99,False,False
17849,l01049,1,1,17,26,1997,False,0,unfurnished,7.95,True,False
17850,l01050,1,4,14,32,2003,False,0,unfurnished,2.49,True,False
17851,l01051,2,4,5,23,2005,True,1,semi-furnished,6.53,True,False
17852,l01052,4,3,5,20,2013,True,3,unfurnished,6.57,True,False
17853,l01053,5,4,1,33,2005,True,4,semi-furnished,2.09,False,False
17854,l01054,5,1,23,28,2004,True,2,unfurnished,6.58,True,True
17855,l01055,3,1,9,12,2001,False,0,unfurnished,2.7,False,False
17856,l01056,3,3,10,23,2004,True,0,unfurnished,2.19,False,False
17857,l01057,3,4,3,27,1999,True,1,furnished,1.03,False,True
17858,l01058,4,1,14,15,2018,True,4,furnished,5.56,False,False
17859,l01059,2,2,15,36,2001,False,0,unfurnished,3.33,True,False
17860,l01060,4,4,15,29,2012,False,0,semi-furnished,5.83,False,False
17861,l01061,4,3,5,39,1996,True,4,unfurnished,4.94,False,False
17862,l01062,4,2,6,40,2010,False,0,furnished,4.37,True,False
17863,l01063,3,1,16,21,2020,False,0,semi-furnished,1.77,True,False
17864,l01064,1,3,14,21,2008,False,0,furnished,7.28,True,False
17866,l01066,5,4,3,21,2005,False,0,unfurnished,1.48,False,True
17867,l01067,4,2,0,34,2008,True,3,furnished,6.57,False,True
17868,l01068,1,3,14,26,2012,False,0,furnished,4.73,False,False
17869,l01069,5,4,22,23,2014,False,0,semi-furnished,1.96,True,True
17870,l01070,3,3,6,38,2010,False,0,furnished,2.52,False,False
17872,l01072,1,2,14,22,2001,True,0,semi-furnished,7.84,True,False
17873,l01073,4,1,5,25,2010,False,0,semi-furnished,1.09,True,True
17874,l01074,5,2,15,27,1996,False,0,unfurnished,0.66,True,True
17875,l01075,3,4,6,38,2018,True,0,unfurnished,2.39,False,True
17878,l01078,5,2,5,15,2011,True,1,unfurnished,3.15,True,True
17879,l01079,2,3,12,25,1997,True,3,unfurnished,4.65,True,False
17881,l01081,1,4,20,24,2000,False,0,unfurnished,0.69,True,True
17882,l01082,5,4,23,30,2000,True,2,semi-furnished,7.04,False,True
17884,l01084,5,2,2,36,2009,False,0,semi-furnished,7.53,False,False
17885,l01085,5,3,11,19,2014,False,0,furnished,6.38,False,False
17886,l01086,3,3,21,39,2022,False,0,unfurnished,5.71,True,True
17887,l01087,5,3,11,14,2002,False,0,unfurnished,1.99,False,True
17890,l01090,5,4,5,27,1998,False,0,furnished,3.98,False,True
17891,l01091,5,2,6,36,2003,False,0,furnished,6.37,False,False
17892,l01092,4,3,14,37,2005,False,0,furnished,6.91,False,False
17893,l01093,1,3,11,14,2005,True,1,furnished,7.59,False,True
17895,l01095,4,2,15,19,1996,False,0,semi-furnished,1.75,False,False
17896,l01096,4,3,22,29,1996,True,1,unfurnished,3.59,True,True
17897,l01097,3,4,6,40,2017,True,2,unfurnished,0.55,True,False
17898,l01098,3,2,13,14,2022,True,4,unfurnished,2.26,False,True
17900,l01100,5,2,5,27,2008,False,0,furnished,5.43,False,True
17901,l01101,2,1,20,20,1995,False,0,semi-furnished,7.82,True,True
17902,l01102,4,1,18,34,2017,False,0,semi-furnished,7.62,True,False
17903,l01103,3,2,1,16,2003,False,0,furnished,3.14,True,False
17904,l01104,3,1,5,33,2011,False,0,semi-furnished,5.8,False,True
17905,l01105,1,4,16,27,2006,True,1,unfurnished,5.15,False,True
17906,l01106,2,2,0,39,2017,False,0,unfurnished,1.81,True,False
17908,l01108,1,4,3,23,2011,True,3,furnished,6.36,True,True
17909,l01109,5,1,11,26,2014,True,0,furnished,4.4,True,True
17910,l01110,4,1,6,7,1997,True,1,furnished,3.0,False,True
17911,l01111,2,2,20,28,2014,True,3,semi-furnished,4.12,False,False
17912,l01112,2,1,2,10,2021,True,4,unfurnished,0.5,False,True
17913,l01113,5,1,10,22,2016,True,1,unfurnished,5.95,True,False
17915,l01115,3,4,22,22,2014,False,0,unfurnished,2.42,True,False
17916,l01116,4,1,2,24,2002,True,2,semi-furnished,2.44,True,True
17917,l01117,2,1,22,26,2010,True,3,furnished,7.51,True,True
17920,l01120,1,4,9,23,2022,True,1,unfurnished,2.63,False,False
17921,l01121,1,3,12,12,2013,False,0,semi-furnished,1.69,False,False
17923,l01123,5,4,4,5,2006,False,0,unfurnished,1.48,True,True
17924,l01124,4,1,17,40,2017,True,2,unfurnished,0.44,True,True
17925,l01125,2,2,11,28,2022,False,0,semi-furnished,5.86,False,True
17926,l01126,3,4,8,9,2014,False,0,unfurnished,4.44,True,True
17927,l01127,4,4,19,23,2012,True,2,semi-furnished,5.89,True,False
17928,l01128,5,4,13,15,2009,False,0,semi-furnished,3.53,False,True
17929,l01129,4,1,7,16,2006,True,0,unfurnished,1.9,True,False
17931,l01131,1,1,4,9,2012,True,4,semi-furnished,0.93,True,True
17932,l01132,4,3,12,30,2013,True,2,semi-furnished,3.34,True,True
17936,l01136,4,1,18,23,2022,True,4,furnished,4.48,True,False
17937,l01137,1,1,14,34,2014,False,0,furnished,0.83,True,False
17938,l01138,1,2,19,30,2019,True,2,furnished,2.28,True,True
17940,l01140,1,4,14,25,2009,True,3,semi-furnished,3.96,False,False
17941,l01141,3,4,4,29,1999,False,0,unfurnished,2.53,True,False
17942,l01142,3,3,23,39,2017,False,0,unfurnished,6.62,False,True
17943,l01143,1,3,7,20,1999,False,0,furnished,3.5,True,False
17944,l01144,3,4,3,30,2014,False,0,semi-furnished,3.26,False,True
17945,l01145,4,4,3,8,2012,False,0,furnished,7.64,True,True
17949,l01149,3,4,12,31,2022,False,0,semi-furnished,4.15,False,True
17950,l01150,1,1,11,35,2001,True,3,semi-furnished,6.05,False,True
17951,l01151,5,3,0,22,2020,False,0,semi-furnished,7.36,False,False
17952,l01152,4,3,9,38,1998,True,2,furnished,1.1,True,False
17953,l01153,4,2,21,24,2012,True,2,semi-furnished,1.87,True,False
17954,l01154,4,4,13,16,2023,True,1,unfurnished,4.63,True,True
17955,l01155,3,2,8,37,2006,False,0,semi-furnished,6.16,False,False
17956,l01156,3,2,9,17,1995,True,1,furnished,4.99,False,True
17957,l01157,2,2,22,32,1998,False,0,furnished,7.62,True,False
17958,l01158,3,3,2,13,2016,True,4,semi-furnished,4.64,True,False
17963,l01163,5,2,0,21,2010,True,2,furnished,1.48,True,False
17964,l01164,2,2,18,38,2017,False,0,unfurnished,1.32,False,False
17966,l01166,2,1,9,28,2016,False,0,furnished,4.34,False,False
17967,l01167,5,4,17,28,2012,True,2,furnished,3.77,False,False
17968,l01168,3,3,1,12,2019,False,0,semi-furnished,2.1,False,False
17969,l01169,1,1,14,25,2013,True,2,unfurnished,5.46,True,False
17970,l01170,5,3,2,26,2008,True,2,unfurnished,0.36,True,True
17972,l01172,1,3,16,25,2008,True,2,semi-furnished,1.77,True,False
17973,l01173,1,4,4,23,2002,True,0,furnished,4.02,False,True
17974,l01174,1,4,4,23,2021,False,0,semi-furnished,6.2,False,True
17975,l01175,5,1,1,25,2005,False,0,furnished,1.78,False,False
17976,l01176,2,4,8,29,2002,True,1,unfurnished,2.95,True,True
17977,l01177,3,3,14,37,2004,False,0,semi-furnished,5.51,True,False
17979,l01179,1,2,10,36,2010,False,0,unfurnished,1.81,True,False
17980,l01180,4,4,9,28,2023,False,0,semi-furnished,0.51,False,True
17981,l01181,4,3,19,29,2004,True,0,unfurnished,5.69,True,True
17982,l01182,5,3,14,18,2023,True,0,semi-furnished,3.49,True,False
17983,l01183,1,2,3,15,2002,True,1,semi-furnished,1.94,True,True
17985,l01185,4,4,1,26,2016,True,3,unfurnished,2.79,True,False
17986,l01186,5,3,6,30,2013,False,0,furnished,1.5,False,True
17988,l01188,4,4,9,36,2018,False,0,semi-furnished,4.54,False,True
17989,l01189,4,1,15,26,1999,True,2,unfurnished,7.04,True,False
17991,l01191,1,4,15,20,1998,True,4,semi-furnished,7.99,False,False
17994,l01194,5,3,4,40,2009,True,3,furnished,0.58,False,True
17995,l01195,5,4,12,34,1998,True,4,semi-furnished,7.16,False,True
17998,l01198,5,2,23,40,1998,False,0,unfurnished,5.59,False,True
18000,l01200,3,2,8,29,2000,True,3,semi-furnished,5.69,True,False
18001,l00001,3,3,7,17,2013,True,2,semi-furnished,3.24,True,True
18004,l00004,1,3,6,28,2013,False,0,semi-furnished,0.98,False,False
18005,l00005,2,4,6,6,2022,False,0,unfurnished,5.28,True,True
18006,l00006,2,1,8,24,2009,True,0,furnished,4.42,False,True
18007,l00007,3,3,13,19,2014,True,3,furnished,5.95,False,True
18008,l00008,4,4,9,34,2015,True,3,semi-furnished,5.1,False,True
18009,l00009,1,3,3,14,1996,True,0,furnished,4.52,True,False
18010,l00010,1,4,3,6,2023,True,3,semi-furnished,3.88,True,False
18011,l00011,5,2,13,27,2012,True,3,unfurnished,7.34,False,True
18012,l00012,3,4,17,34,2003,True,3,furnished,4.57,False,True
18013,l00013,4,4,0,37,2004,True,3,furnished,0.33,False,True
18015,l00015,1,1,23,24,2017,False,0,semi-furnished,5.31,True,False
18016,l00016,3,3,17,36,2015,True,3,semi-furnished,4.8,True,False
18017,l00017,2,1,15,32,2021,False,0,unfurnished,5.28,False,True
18018,l00018,4,1,0,28,2011,False,0,semi-furnished,6.19,True,False
18019,l00019,5,4,7,10,2022,True,2,furnished,3.7,True,True
18021,l00021,5,3,1,27,1997,True,1,furnished,6.93,False,True
18022,l00022,3,2,18,22,1997,False,0,unfurnished,1.57,False,True
18023,l00023,4,2,2,29,2009,True,0,semi-furnished,0.51,True,True
18024,l00024,1,2,8,40,2014,True,1,semi-furnished,5.18,True,False
18026,l00026,2,3,11,31,2013,True,2,semi-furnished,3.63,False,True
18027,l00027,3,3,1,28,2006,False,0,semi-furnished,2.51,False,False
18028,l00028,4,2,17,31,2007,True,4,semi-furnished,1.73,False,True
18029,l00029,3,3,21,22,2010,False,0,furnished,6.76,False,False
18030,l00030,1,4,10,36,2010,False,0,semi-furnished,5.87,False,True
18032,l00032,3,4,0,31,2007,True,3,semi-furnished,4.61,True,False
18033,l00033,5,1,19,27,2007,True,1,furnished,5.39,False,False
18035,l00035,3,1,1,12,2017,True,1,furnished,1.03,False,True
18036,l00036,3,1,19,28,2015,False,0,furnished,4.1,False,True
18037,l00037,5,2,5,24,2019,False,0,furnished,6.5,True,True
18038,l00038,3,3,0,34,2008,False,0,semi-furnished,2.82,False,False
18039,l00039,2,4,3,30,2020,True,2,semi-furnished,2.23,False,False
18040,l00040,3,1,0,19,2004,True,1,semi-furnished,6.73,False,False
18042,l00042,4,2,7,16,2007,True,1,furnished,3.73,False,False
18044,l00044,4,1,12,24,1995,True,1,furnished,0.41,True,True
18046,l00046,2,2,14,16,2004,False,0,unfurnished,3.23,False,True
18047,l00047,1,3,0,10,2016,True,4,furnished,7.05,True,True
18048,l00048,1,2,3,21,2021,False,0,semi-furnished,4.34,True,False
18050,l00050,3,4,6,18,2019,True,2,semi-furnished,3.21,False,False
18051,l00051,4,3,18,40,2009,True,2,semi-furnished,2.65,True,True
18052,l00052,1,2,1,14,2020,True,2,unfurnished,2.17,False,True
18053,l00053,5,3,1,22,2004,False,0,semi-furnished,5.47,False,False
18054,l00054,2,1,9,9,2020,True,1,furnished,4.21,False,False
18056,l00056,5,3,13,33,2016,False,0,semi-furnished,1.23,False,True
18057,l00057,2,2,1,22,2022,False,0,furnished,3.46,True,True
18058,l00058,5,1,17,32,2004,False,0,furnished,7.86,True,False
18060,l00060,4,4,19,26,1997,True,3,furnished,7.33,True,False
18061,l00061,5,3,3,38,2017,False,0,unfurnished,7.22,False,True
18064,l00064,1,4,5,25,2012,True,1,unfurnished,3.98,True,True
18065,l00065,1,3,19,25,2000,False,0,furnished,4.04,False,True
18066,l00066,3,4,7,18,2009,False,0,unfurnished,7.49,True,False
18067,l00067,3,2,12,17,2006,False,0,unfurnished,2.22,False,False
18070,l00070,4,3,1,8,2012,False,0,furnished,1.19,True,False
18072,l00072,4,1,2,9,2015,False,0,furnished,2.84,True,True
18073,l00073,2,4,11,20,1998,False,0,unfurnished,6.39,False,True
18075,l00075,4,1,2,40,2018,False,0,unfurnished,5.47,True,False
18076,l00076,1,4,3,34,2016,False,0,semi-furnished,1.68,False,False
18077,l00077,3,1,25,30,2001,True,0,furnished,6.48,False,False
18078,l00078,2,4,2,39,2004,True,1,semi-furnished,5.63,False,True
18081,l00081,4,3,3,23,1996,False,0,unfurnished,5.33,True,True
18082,l00082,3,1,14,33,2020,False,0,unfurnished,0.81,True,False
18085,l00085,4,4,25,29,2003,True,2,furnished,3.42,True,True
18087,l00087,3,4,21,26,2010,False,0,furnished,5.54,False,True
18088,l00088,3,3,18,39,2005,False,0,unfurnished,6.21,True,False
18089,l00089,3,1,19,35,2022,True,0,semi-furnished,4.79,False,True
18091,l00091,2,3,9,13,2015,False,0,furnished,7.27,True,False
18092,l00092,5,3,5,17,2013,True,3,semi-furnished,1.3,False,True
18093,l00093,2,4,8,25,2018,False,0,semi-furnished,5.76,True,True
18095,l00095,2,1,2,26,1998,False,0,furnished,7.5,True,False
18096,l00096,2,3,1,29,2002,False,0,unfurnished,6.24,True,True
18098,l00098,5,4,8,18,2022,True,0,furnished,3.24,False,True
18099,l00099,3,1,24,31,2007,False,0,semi-furnished,4.48,True,False
18100,l00100,4,1,5,25,2001,True,1,unfurnished,5.6,False,False
18102,l00102,5,3,18,40,2007,True,1,unfurnished,4.16,False,True
18105,l00105,5,2,11,37,2019,False,0,unfurnished,1.94,False,True
18106,l00106,3,2,0,20,2011,False,0,furnished,7.22,False,False
18108,l00108,3,1,2,5,1998,False,0,unfurnished,7.23,True,False
18109,l00109,2,2,8,14,2009,True,2,unfurnished,4.55,False,True
18114,l00114,2,3,6,24,1996,True,3,furnished,2.01,False,False
18115,l00115,5,1,4,19,1999,True,4,unfurnished,2.38,False,False
18116,l00116,2,2,2,32,2014,False,0,furnished,4.76,False,False
18117,l00117,3,2,5,35,2002,False,0,furnished,3.05,False,True
18118,l00118,1,3,2,14,2003,False,0,semi-furnished,2.63,True,True
18119,l00119,2,1,0,23,2020,False,0,furnished,5.44,True,True
18120,l00120,3,2,13,35,2021,False,0,furnished,4.1,False,True
18121,l00121,3,4,12,35,2004,False,0,unfurnished,5.7,True,True
18122,l00122,5,4,17,36,2010,False,0,unfurnished,7.19,True,False
18123,l00123,3,3,1,15,1997,True,0,furnished,2.33,True,True
18124,l00124,1,3,16,21,2010,True,0,furnished,7.41,True,False
18125,l00125,2,1,3,31,2023,True,1,furnished,5.89,True,False
18126,l00126,5,2,11,25,2018,True,0,semi-furnished,6.96,False,True
18127,l00127,1,1,7,34,2022,True,2,unfurnished,2.37,False,False
18128,l00128,4,4,6,20,2015,True,1,furnished,5.6,False,True
18129,l00129,2,3,5,29,2015,False,0,unfurnished,5.75,True,False
18130,l00130,5,2,11,19,2017,False,0,semi-furnished,4.45,False,False
18134,l00134,5,2,14,15,2011,True,4,unfurnished,6.1,False,False
18135,l00135,5,1,23,24,2017,True,2,furnished,6.95,True,True
18136,l00136,4,2,21,32,2005,False,0,furnished,7.11,True,True
18138,l00138,5,2,14,40,2007,True,1,furnished,3.69,False,False
18139,l00139,4,1,25,31,2020,True,0,semi-furnished,7.34,True,True
18140,l00140,4,3,0,5,2000,True,4,semi-furnished,5.28,False,False
18141,l00141,5,4,16,17,2019,False,0,unfurnished,3.77,False,False
18142,l00142,3,3,1,6,2015,True,4,semi-furnished,2.08,False,False
18144,l00144,2,4,1,40,2021,False,0,unfurnished,1.2,False,True
18145,l00145,4,1,5,14,1995,False,0,unfurnished,7.69,False,True
18147,l00147,1,3,11,38,2011,False,0,furnished,2.82,True,True
18148,l00148,3,4,3,16,1996,True,3,semi-furnished,2.61,True,False
18151,l00151,5,4,17,23,2009,True,4,semi-furnished,3.62,True,True
18152,l00152,3,2,10,30,2022,False,0,unfurnished,7.64,True,False
18153,l00153,1,1,21,29,2023,True,3,furnished,7.42,True,False
18154,l00154,3,2,0,12,1998,True,0,semi-furnished,1.87,True,True
18155,l00155,3,2,0,29,2018,True,2,semi-furnished,7.01,False,False
18156,l00156,3,1,17,34,2023,True,0,furnished,7.66,False,False
18157,l00157,3,2,9,9,2013,True,2,semi-furnished,5.86,True,False
18158,l00158,3,3,23,32,2011,False,0,furnished,5.8,False,False
18159,l00159,4,2,11,12,2015,False,0,semi-furnished,4.86,False,True
18160,l00160,5,3,8,26,2001,True,3,furnished,0.23,True,False
18162,l00162,3,1,9,39,1999,False,0,unfurnished,4.33,False,False
18163,l00163,5,1,1,16,2023,False,0,unfurnished,2.53,False,True
18165,l00165,1,4,8,32,2004,False,0,furnished,6.56,False,True
18166,l00166,4,1,19,39,2001,True,1,furnished,5.28,True,True
18167,l00167,1,3,3,26,1999,True,3,furnished,1.34,True,True
18169,l00169,3,2,19,28,2009,True,3,semi-furnished,1.25,True,True
18170,l00170,1,2,14,38,2008,True,2,furnished,5.39,True,False
18171,l00171,4,2,0,18,1995,True,2,furnished,3.48,True,False
18172,l00172,5,1,19,27,2006,True,1,furnished,7.78,False,False
18173,l00173,3,2,25,37,2014,True,4,semi-furnished,2.74,True,False
18174,l00174,5,2,14,17,2004,False,0,furnished,6.41,False,True
18176,l00176,5,1,16,33,2014,True,2,unfurnished,5.35,False,True
18177,l00177,5,2,24,28,2006,True,2,unfurnished,3.56,True,True
18179,l00179,3,2,0,11,2002,False,0,furnished,4.72,False,True
18180,l00180,3,1,20,40,2004,False,0,semi-furnished,4.58,False,False
18181,l00181,1,3,1,28,2018,True,0,furnished,0.54,True,False
18182,l00182,3,3,0,5,2009,False,0,furnished,5.88,True,False
18183,l00183,4,1,6,14,2006,False,0,semi-furnished,0.56,False,False
18184,l00184,4,1,18,24,1999,False,0,unfurnished,0.93,False,False
18186,l00186,2,2,23,33,2018,False,0,unfurnished,2.69,True,True
18188,l00188,2,3,24,36,2007,True,2,furnished,6.37,True,False
18189,l00189,3,3,17,24,2010,False,0,furnished,5.01,True,False
18190,l00190,3,3,8,36,2017,False,0,semi-furnished,4.73,False,True
18192,l00192,3,1,13,33,2002,True,0,unfurnished,2.45,True,False
18193,l00193,3,4,14,14,2017,False,0,furnished,6.08,False,False
18194,l00194,5,1,8,20,2000,False,0,furnished,5.84,True,False
18195,l00195,3,4,3,35,2019,False,0,unfurnished,6.27,True,False
18196,l00196,5,4,8,14,1995,False,0,unfurnished,2.71,False,False
18197,l00197,2,3,19,34,2003,False,0,unfurnished,5.3,False,False
18198,l00198,5,3,12,13,2003,True,0,furnished,6.56,False,False
18201,l00201,2,3,18,32,2012,True,0,unfurnished,7.82,False,True
18202,l00202,3,2,25,38,2004,False,0,unfurnished,0.76,True,False
18204,l00204,5,1,18,18,2003,False,0,unfurnished,1.79,False,False
18206,l00206,4,3,6,15,1999,False,0,furnished,4.73,True,False
18207,l00207,4,4,12,34,2015,True,2,unfurnished,7.29,True,False
18208,l00208,3,3,22,22,2011,True,4,semi-furnished,6.74,False,True
18210,l00210,5,3,19,26,2022,True,1,unfurnished,1.17,True,False
18212,l00212,2,4,6,38,2002,True,0,furnished,5.28,True,True
18213,l00213,4,1,10,14,2022,True,1,furnished,5.82,False,True
18214,l00214,1,4,25,25,1997,True,3,semi-furnished,0.63,False,False
18216,l00216,4,2,13,23,2017,True,1,semi-furnished,7.44,True,False
18217,l00217,5,4,11,39,2009,False,0,furnished,2.97,False,True
18218,l00218,2,3,12,15,2000,True,0,unfurnished,5.09,True,True
18219,l00219,3,1,16,34,2015,True,3,unfurnished,0.22,False,False
18220,l00220,1,2,9,36,2005,False,0,furnished,4.69,False,True
18221,l00221,4,4,24,29,2011,False,0,unfurnished,2.9,True,False
18222,l00222,4,2,2,30,2020,False,0,furnished,3.17,True,False
18223,l00223,2,1,21,25,2020,True,3,furnished,3.04,True,False
18224,l00224,4,4,4,8,2012,True,0,unfurnished,4.67,False,True
18225,l00225,3,2,3,22,2003,False,0,semi-furnished,5.59,True,False
18227,l00227,4,4,3,7,1995,False,0,furnished,2.01,False,True
18228,l00228,2,1,13,17,2020,True,0,furnished,0.38,True,False
18230,l00230,4,3,13,19,1999,False,0,unfurnished,2.38,False,True
18231,l00231,4,3,18,21,1997,True,3,unfurnished,1.82,True,True
18232,l00232,4,2,2,7,2022,True,2,semi-furnished,6.11,True,False
18235,l00235,4,2,22,39,2023,True,4,semi-furnished,5.75,False,True
18236,l00236,4,2,1,29,2012,True,4,semi-furnished,4.16,True,True
18237,l00237,5,3,6,38,2006,True,0,unfurnished,0.71,True,True
18238,l00238,3,1,10,13,1996,False,0,furnished,0.62,True,False
18239,l00239,4,1,22,23,2006,False,0,furnished,0.35,False,True
18241,l00241,3,1,11,30,2004,True,4,semi-furnished,4.21,True,False
18242,l00242,1,4,19,28,2021,True,1,semi-furnished,3.17,False,False
18243,l00243,5,3,22,33,1996,True,4,furnished,6.62,True,False
18246,l00246,2,1,6,23,2009,True,1,furnished,0.4,False,True
18247,l00247,2,1,1,40,2006,True,4,unfurnished,1.92,False,True
18248,l00248,4,4,0,29,2014,True,3,unfurnished,1.5,False,True
18249,l00249,1,4,11,40,2015,False,0,semi-furnished,0.86,True,False
18250,l00250,5,1,0,13,2003,True,2,semi-furnished,2.5,False,True
18251,l00251,1,3,19,28,2018,True,2,unfurnished,1.67,False,True
18252,l00252,5,2,15,25,2007,False,0,furnished,2.07,False,True
18255,l00255,2,4,18,22,2015,False,0,furnished,0.22,False,True
18256,l00256,4,2,11,32,2018,True,2,furnished,4.89,True,True
18257,l00257,3,1,16,28,2009,False,0,furnished,6.83,False,False
18258,l00258,5,1,10,16,2021,True,3,semi-furnished,2.06,True,False
18259,l00259,3,2,19,32,2013,True,2,semi-furnished,3.59,False,True
18260,l00260,4,3,18,33,1999,False,0,semi-furnished,7.6,False,True
18261,l00261,3,3,8,29,1999,False,0,unfurnished,1.6,True,True
18262,l00262,2,2,20,33,2010,True,4,unfurnished,7.31,True,True
18263,l00263,4,1,23,35,2016,False,0,furnished,7.43,False,True
18265,l00265,2,2,8,13,2000,False,0,semi-furnished,3.39,True,False
18266,l00266,1,1,0,35,2013,False,0,semi-furnished,6.35,True,True
18268,l00268,2,3,11,35,2000,False,0,semi-furnished,0.97,False,True
18269,l00269,3,2,9,23,2022,True,0,unfurnished,7.79,False,True
18270,l00270,2,3,19,36,2005,True,2,unfurnished,6.93,True,False
18271,l00271,3,2,10,17,1995,False,0,unfurnished,4.84,True,False
18272,l00272,2,2,18,30,2004,True,2,unfurnished,2.08,True,True
18273,l00273,2,4,13,32,1998,False,0,semi-furnished,3.24,True,False
18274,l00274,5,3,2,9,2018,True,3,furnished,4.56,False,False
18276,l00276,2,4,3,33,1998,False,0,unfurnished,4.87,False,True
18277,l00277,5,1,14,33,2011,False,0,unfurnished,3.25,False,True
18279,l00279,4,1,4,32,2014,True,0,semi-furnished,3.75,True,True
18280,l00280,1,2,7,16,2014,False,0,furnished,3.65,False,True
18281,l00281,2,4,7,23,2008,False,0,unfurnished,4.59,False,True
18282,l00282,1,3,4,25,1997,True,4,furnished,1.58,False,False
18283,l00283,4,3,16,30,2022,False,0,semi-furnished,4.38,True,True
18284,l00284,2,2,3,12,1998,True,1,unfurnished,1.1,False,False
18285,l00285,5,4,7,25,2005,False,0,furnished,0.91,False,True
18286,l00286,4,4,25,27,2016,True,3,furnished,4.01,False,True
18287,l00287,2,4,9,23,2021,True,1,semi-furnished,3.54,False,False
18288,l00288,4,2,17,37,2017,True,3,furnished,4.66,True,True
18289,l00289,3,3,2,8,2021,True,1,furnished,3.66,True,True
18290,l00290,5,3,7,21,2013,False,0,unfurnished,4.14,False,False
18291,l00291,5,3,5,25,2021,True,0,furnished,4.1,False,False
18292,l00292,2,3,8,25,2022,False,0,semi-furnished,4.29,True,True
18293,l00293,5,4,5,32,2016,False,0,unfurnished,4.5,True,True
18294,l00294,1,2,6,21,1998,True,2,semi-furnished,0.37,False,True
18295,l00295,5,4,15,37,2010,True,4,semi-furnished,3.99,True,True
18296,l00296,3,1,13,17,2021,True,3,unfurnished,0.86,True,True
18297,l00297,2,1,5,37,1997,True,0,semi-furnished,5.53,True,False
18299,l00299,5,4,11,20,1998,False,0,unfurnished,6.78,False,True
18300,l00300,2,1,0,16,2010,False,0,semi-furnished,2.12,True,True
18302,l00302,2,1,19,34,2021,True,4,furnished,3.23,False,True
18304,l00304,5,1,10,13,2006,True,0,furnished,3.91,False,True
18308,l00308,2,3,14,22,1997,False,0,unfurnished,2.06,True,True
18309,l00309,3,3,1,19,2002,True,1,semi-furnished,2.78,False,True
18310,l00310,2,4,8,27,2013,False,0,unfurnished,1.02,True,True
18311,l00311,3,1,16,33,2021,True,3,furnished,3.07,True,False
18312,l00312,4,1,1,20,2003,True,0,furnished,5.75,True,True
18314,l00314,5,3,7,34,2011,True,4,furnished,2.95,True,False
18315,l00315,5,2,10,19,2004,False,0,semi-furnished,1.04,True,True
18316,l00316,4,3,13,19,2022,True,2,semi-furnished,1.4,True,True
18317,l00317,2,1,16,40,2008,True,4,semi-furnished,2.32,True,False
18318,l00318,5,1,7,14,1995,False,0,unfurnished,4.62,False,True
18319,l00319,1,1,22,33,2023,False,0,semi-furnished,1.58,True,True
18320,l00320,5,4,3,33,2019,True,3,unfurnished,5.19,False,True
18321,l00321,4,4,17,39,2010,False,0,unfurnished,4.15,False,True
18322,l00322,4,1,3,26,2022,True,4,unfurnished,0.32,True,True
18323,l00323,4,3,8,32,2012,True,0,semi-furnished,2.95,True,False
18324,l00324,1,1,23,24,2012,True,0,furnished,2.04,False,True
18325,l00325,1,3,16,29,2023,True,2,furnished,4.54,True,False
18326,l00326,4,4,16,21,1997,True,3,semi-furnished,6.39,True,True
18327,l00327,3,1,0,33,2000,True,4,furnished,7.03,True,False
18329,l00329,2,4,9,19,2014,False,0,semi-furnished,3.14,False,True
18333,l00333,1,3,1,16,1996,True,0,unfurnished,5.88,False,True
18334,l00334,5,4,3,40,1998,False,0,semi-furnished,3.47,False,False
18335,l00335,4,1,12,23,1999,True,0,furnished,3.61,True,False
18336,l00336,5,4,9,37,2011,False,0,furnished,6.15,False,False
18337,l00337,1,4,20,33,1999,False,0,furnished,6.5,True,False
18338,l00338,5,3,5,13,1997,False,0,semi-furnished,6.68,True,True
18341,l00341,1,2,3,8,1999,False,0,semi-furnished,6.93,False,False
18342,l00342,5,3,19,29,2001,True,3,unfurnished,7.34,True,False
18343,l00343,5,2,11,21,2018,False,0,semi-furnished,3.93,True,False
18344,l00344,4,4,10,35,2006,False,0,semi-furnished,3.52,False,False
18345,l00345,4,4,0,20,2000,False,0,unfurnished,5.18,True,False
18346,l00346,3,1,8,19,2015,False,0,semi-furnished,7.09,True,False
18347,l00347,1,1,9,10,2014,True,4,semi-furnished,2.88,True,False
18348,l00348,3,1,1,26,2002,True,4,unfurnished,7.76,True,False
18349,l00349,2,3,3,30,2000,True,3,furnished,3.86,False,True
18351,l00351,3,1,1,26,2009,False,0,unfurnished,0.84,False,True
18352,l00352,3,3,15,20,1995,True,0,semi-furnished,3.83,False,False
18353,l00353,4,2,19,24,2004,False,0,semi-furnished,5.75,True,True
18354,l00354,1,4,9,15,1995,True,2,furnished,4.33,True,True
18355,l00355,2,1,14,31,2001,True,3,unfurnished,3.53,True,False
18356,l00356,5,4,8,29,2006,True,2,furnished,1.36,False,False
18357,l00357,5,3,19,19,2001,True,2,furnished,5.18,True,False
18358,l00358,5,3,17,29,1996,True,0,unfurnished,4.82,True,True
18359,l00359,5,3,13,33,2022,True,1,unfurnished,2.13,True,False
18361,l00361,3,2,2,5,2006,True,2,furnished,1.35,False,False
18362,l00362,1,3,11,22,1998,True,4,unfurnished,1.95,True,False
18364,l00364,1,2,20,31,2013,False,0,unfurnished,4.03,True,False
18365,l00365,5,3,24,33,2018,True,3,semi-furnished,7.51,True,False
18366,l00366,2,2,15,15,2008,False,0,furnished,5.85,True,False
18367,l00367,4,2,7,38,2020,True,4,furnished,1.1,True,True
18368,l00368,2,2,25,28,2020,False,0,furnished,1.87,True,False
18370,l00370,5,2,20,30,2006,True,4,unfurnished,4.09,False,False
18371,l00371,3,2,6,40,2004,False,0,unfurnished,0.71,False,False
18372,l00372,4,1,5,26,2009,False,0,unfurnished,2.15,False,True
18373,l00373,2,1,10,39,1996,False,0,unfurnished,7.75,False,True
18375,l00375,1,4,16,35,2013,True,2,unfurnished,3.51,False,True
18376,l00376,5,4,25,38,1998,False,0,semi-furnished,7.75,False,True
18377,l00377,5,1,11,38,2018,True,2,semi-furnished,2.58,False,False
18378,l00378,2,3,5,20,2012,True,0,furnished,6.13,True,True
18379,l00379,2,3,0,17,2005,False,0,furnished,1.53,False,True
18382,l00382,3,4,4,23,2008,False,0,semi-furnished,7.44,False,True
18384,l00384,5,4,1,11,2020,False,0,furnished,1.13,False,True
18388,l00388,5,4,3,6,2023,True,4,semi-furnished,0.39,True,True
18389,l00389,2,4,2,32,2010,True,3,semi-furnished,1.35,False,False
18391,l00391,1,1,0,11,1998,True,0,semi-furnished,0.88,True,False
18392,l00392,1,3,3,7,1998,False,0,unfurnished,2.94,False,True
18394,l00394,3,2,8,16,2014,True,3,unfurnished,4.17,True,False
18395,l00395,1,4,8,20,2003,False,0,semi-furnished,7.98,False,False
18396,l00396,1,1,7,14,2011,False,0,furnished,2.75,True,False
18398,l00398,2,3,22,38,2000,True,1,unfurnished,7.71,True,False
18399,l00399,2,4,14,37,2019,False,0,unfurnished,6.01,True,False
18400,l00400,3,3,21,36,2004,True,0,unfurnished,4.98,True,True
18401,l00401,2,1,17,18,2008,True,0,semi-furnished,6.79,False,True
18402,l00402,2,4,2,11,2017,True,4,semi-furnished,4.97,True,False
18404,l00404,3,4,19,32,2023,False,0,furnished,3.4,False,True
18405,l00405,4,4,3,29,2001,False,0,furnished,3.67,True,True
18406,l00406,3,1,7,31,2015,True,2,furnished,5.64,False,True
18407,l00407,5,1,6,15,2023,True,1,semi-furnished,1.89,True,True
18408,l00408,1,3,2,29,2020,True,0,semi-furnished,7.16,True,True
18409,l00409,5,4,10,12,2020,True,3,semi-furnished,4.39,True,False
18411,l00411,1,4,8,12,2003,False,0,unfurnished,0.77,True,False
18412,l00412,2,1,18,21,2015,False,0,unfurnished,2.95,False,False
18413,l00413,5,1,1,9,2021,True,1,semi-furnished,7.88,False,True
18414,l00414,2,3,23,35,2003,True,1,unfurnished,5.84,False,False
18415,l00415,4,2,1,12,1995,False,0,unfurnished,7.69,True,True
18416,l00416,3,1,23,33,2002,False,0,unfurnished,4.61,True,False
18417,l00417,4,4,19,24,1997,False,0,furnished,2.12,True,True
18418,l00418,3,1,16,31,2023,True,1,furnished,3.68,True,True
18419,l00419,3,2,12,29,1997,True,4,semi-furnished,0.41,False,True
18421,l00421,3,3,12,39,2016,False,0,unfurnished,6.77,True,True
18423,l00423,5,2,11,30,2020,False,0,furnished,3.1,False,False
18424,l00424,1,1,5,40,2004,True,1,furnished,3.17,True,True
18425,l00425,2,3,14,18,2007,True,4,furnished,5.64,False,False
18427,l00427,3,1,7,26,2006,True,0,semi-furnished,6.24,True,False
18428,l00428,2,1,13,23,1998,False,0,furnished,6.83,False,True
18429,l00429,4,1,24,39,2006,True,4,semi-furnished,2.85,False,False
18430,l00430,1,3,7,30,2022,False,0,furnished,7.98,False,False
18431,l00431,5,2,1,34,1997,False,0,semi-furnished,3.92,False,True
18432,l00432,5,4,12,29,2011,True,1,furnished,0.93,True,True
18433,l00433,4,1,7,38,2018,False,0,unfurnished,7.52,False,False
18434,l00434,1,2,13,30,2011,True,3,furnished,6.33,False,False
18435,l00435,3,3,0,36,2009,False,0,unfurnished,7.97,True,True
18438,l00438,3,4,23,30,2018,True,4,unfurnished,4.87,False,True
18440,l00440,2,1,17,26,2020,True,3,furnished,4.47,False,False
18441,l00441,5,2,21,33,2019,True,4,unfurnished,4.45,True,True
18445,l00445,2,1,2,21,2005,False,0,furnished,6.56,True,True
18446,l00446,4,3,0,39,2008,True,2,semi-furnished,4.81,True,False
18447,l00447,3,1,0,30,2012,False,0,unfurnished,1.31,True,False
18450,l00450,4,2,19,37,1996,True,0,furnished,2.34,False,True
18452,l00452,4,4,7,23,2004,True,1,semi-furnished,5.6,False,False
18453,l00453,5,3,1,15,2002,True,4,furnished,6.45,True,True
18454,l00454,4,3,21,27,2006,True,1,semi-furnished,7.75,False,True
18455,l00455,3,1,15,22,2007,True,2,furnished,6.48,True,False
18458,l00458,5,2,16,35,2014,True,2,unfurnished,7.02,True,True
18459,l00459,3,3,3,37,1999,True,2,furnished,6.81,True,False
18460,l00460,3,2,8,19,2004,True,4,semi-furnished,0.23,True,True
18461,l00461,5,1,13,20,1999,True,3,semi-furnished,3.69,False,False
18462,l00462,1,3,8,40,2003,False,0,furnished,0.94,True,False
18463,l00463,3,3,1,40,2008,True,0,unfurnished,4.11,True,True
18466,l00466,4,3,5,27,2009,False,0,furnished,0.64,True,True
18467,l00467,3,4,23,26,2011,True,4,unfurnished,6.78,False,True
18468,l00468,2,1,6,7,2000,True,4,furnished,2.37,True,True
18469,l00469,1,4,2,20,2002,True,4,unfurnished,0.45,False,False
18470,l00470,3,3,1,38,2004,False,0,furnished,2.15,False,False
18471,l00471,5,2,23,30,2020,True,2,unfurnished,2.36,True,False
18473,l00473,3,1,3,18,2008,False,0,unfurnished,2.79,False,False
18474,l00474,2,1,0,37,2008,False,0,furnished,2.15,True,False
18475,l00475,3,1,23,24,2019,True,0,semi-furnished,1.56,False,True
18476,l00476,1,4,7,40,1996,False,0,furnished,5.64,False,False
18479,l00479,4,2,0,14,2011,True,3,semi-furnished,6.22,True,True
18480,l00480,2,4,20,31,2005,False,0,unfurnished,1.91,False,False
18481,l00481,5,3,8,24,2008,True,4,furnished,0.21,True,False
18483,l00483,3,3,0,24,1998,False,0,unfurnished,1.55,True,False
18485,l00485,2,4,5,6,2016,False,0,furnished,6.19,True,False
18486,l00486,2,1,10,35,2023,True,4,furnished,4.08,True,True
18487,l00487,5,2,8,12,2006,False,0,furnished,4.33,False,True
18489,l00489,2,4,8,16,2012,True,1,semi-furnished,2.6,False,False
18490,l00490,5,3,18,22,1997,False,0,unfurnished,0.34,True,True
18491,l00491,3,3,14,24,2014,True,3,unfurnished,3.85,True,False
18492,l00492,1,3,5,7,2000,True,1,unfurnished,7.58,True,False
18494,l00494,4,2,10,20,2015,True,4,furnished,6.17,True,False
18495,l00495,1,1,10,20,2022,False,0,unfurnished,7.51,False,True
18497,l00497,3,3,2,13,2004,True,1,furnished,6.97,True,False
18498,l00498,5,2,13,33,2008,True,1,furnished,4.4,False,False
18499,l00499,3,1,15,27,2005,True,3,semi-furnished,6.89,False,False
18500,l00500,2,2,22,31,2007,False,0,furnished,2.82,False,False
18502,l00502,1,2,3,6,2007,False,0,semi-furnished,1.68,True,True
18503,l00503,4,1,16,40,1995,False,0,furnished,6.59,False,True
18506,l00506,3,2,14,21,2016,False,0,unfurnished,3.31,False,True
18508,l00508,2,3,14,22,2021,True,4,unfurnished,3.96,True,False
18509,l00509,3,3,19,38,1997,True,4,furnished,3.13,False,False
18510,l00510,2,4,5,32,2023,False,0,semi-furnished,5.66,False,False
18512,l00512,5,4,9,31,1998,False,0,unfurnished,2.91,False,False
18513,l00513,1,4,3,12,2009,False,0,furnished,5.19,False,True
18515,l00515,3,4,3,34,1998,False,0,unfurnished,1.43,True,False
18516,l00516,1,4,3,7,2023,True,0,semi-furnished,1.18,False,True
18518,l00518,5,1,10,27,2001,True,1,semi-furnished,7.96,True,True
18520,l00520,5,3,3,39,1998,False,0,semi-furnished,6.99,False,True
18521,l00521,5,1,3,38,2017,False,0,furnished,5.31,False,True
18523,l00523,2,1,18,25,2018,True,4,furnished,3.36,True,False
18524,l00524,4,1,5,27,2009,False,0,furnished,4.18,True,True
18525,l00525,5,3,10,27,2016,True,3,furnished,1.31,False,True
18527,l00527,2,2,25,39,2016,True,0,unfurnished,6.87,False,False
18528,l00528,5,3,1,7,2010,True,0,unfurnished,1.42,False,False
18529,l00529,1,3,17,35,2021,False,0,semi-furnished,0.98,False,False
18530,l00530,3,4,21,23,1996,False,0,semi-furnished,7.89,False,False
18531,l00531,2,2,5,10,2017,False,0,semi-furnished,7.5,False,False
18532,l00532,2,1,21,35,2000,True,1,furnished,5.72,True,False
18534,l00534,4,4,9,13,1998,False,0,unfurnished,1.97,True,False
18535,l00535,2,4,20,31,2005,False,0,unfurnished,1.1,False,False
18536,l00536,4,1,4,11,1999,True,0,semi-furnished,0.55,False,False
18538,l00538,4,2,8,32,1997,True,3,unfurnished,2.25,True,True
18539,l00539,3,4,20,22,2015,False,0,unfurnished,5.39,False,False
18540,l00540,3,3,4,21,2012,True,1,semi-furnished,2.48,True,True
18541,l00541,1,2,7,21,2019,True,0,furnished,5.7,False,True
18542,l00542,2,4,14,31,2012,True,2,furnished,4.47,False,True
18543,l00543,5,4,13,21,2023,True,1,unfurnished,1.99,True,False
18544,l00544,4,2,7,15,2018,False,0,unfurnished,5.85,True,False
18545,l00545,3,3,11,38,2008,True,3,semi-furnished,3.08,False,False
18546,l00546,5,3,3,13,2006,False,0,semi-furnished,3.76,True,True
18548,l00548,5,4,15,30,2012,True,2,semi-furnished,7.62,False,True
18549,l00549,3,4,7,11,2015,True,0,furnished,5.28,True,True
18550,l00550,3,3,17,31,2003,True,2,furnished,2.68,False,False
18551,l00551,2,2,22,23,2020,False,0,unfurnished,1.15,True,True
18552,l00552,1,4,14,24,2004,True,2,semi-furnished,5.3,True,False
18553,l00553,2,1,1,21,1996,True,0,semi-furnished,7.81,True,True
18554,l00554,3,4,0,13,2011,False,0,furnished,7.11,True,False
18555,l00555,5,1,15,37,1997,True,0,semi-furnished,2.75,False,True
18556,l00556,1,1,22,27,2019,False,0,semi-furnished,1.8,False,False
18558,l00558,2,2,22,29,1999,False,0,unfurnished,6.59,False,False
18559,l00559,3,2,5,24,1996,False,0,semi-furnished,1.48,False,False
18560,l00560,1,1,23,27,1997,True,1,furnished,5.78,True,False
18562,l00562,1,2,19,32,2015,True,4,unfurnished,3.27,False,True
18563,l00563,1,1,10,13,2009,True,2,unfurnished,6.03,True,True
18564,l00564,3,2,8,33,2000,True,0,unfurnished,2.71,True,True
18565,l00565,1,3,21,29,2022,False,0,furnished,6.83,True,False
18566,l00566,4,1,16,34,2021,False,0,semi-furnished,3.06,True,True
18567,l00567,4,1,15,19,2010,True,3,unfurnished,2.49,True,False
18568,l00568,1,3,9,14,2020,False,0,unfurnished,5.42,False,True
18569,l00569,1,1,15,38,2000,True,2,unfurnished,1.1,True,False
18570,l00570,1,1,0,8,1996,True,2,unfurnished,0.62,False,False
18571,l00571,5,3,10,39,2005,True,2,semi-furnished,7.44,False,True
18572,l00572,2,4,18,21,2007,True,3,unfurnished,1.54,True,False
18574,l00574,2,3,13,14,2008,False,0,semi-furnished,1.04,False,True
18575,l00575,1,4,1,25,2015,True,4,unfurnished,6.42,False,False
18579,l00579,4,4,16,33,1999,False,0,furnished,5.88,True,True
18580,l00580,4,1,8,27,2019,False,0,semi-furnished,3.99,True,True
18581,l00581,5,1,0,26,2000,True,3,unfurnished,1.17,False,True
18588,l00588,3,1,17,21,2007,False,0,semi-furnished,1.66,False,True
18592,l00592,1,3,7,15,2004,False,0,semi-furnished,1.74,False,True
18593,l00593,2,3,7,31,2019,False,0,unfurnished,5.1,False,True
18594,l00594,4,4,10,12,2015,False,0,semi-furnished,4.25,False,True
18595,l00595,2,3,0,16,2014,False,0,semi-furnished,2.42,False,False
18597,l00597,5,3,1,31,2016,True,3,semi-furnished,1.55,True,True
18598,l00598,2,1,22,35,1999,False,0,furnished,5.78,True,False
18599,l00599,3,2,2,37,2008,True,2,unfurnished,0.22,True,False
18600,l00600,4,4,18,40,2007,False,0,furnished,3.34,True,True
18601,l00601,4,1,9,25,2018,False,0,semi-furnished,0.29,False,False
18602,l00602,3,3,0,28,2007,False,0,unfurnished,5.32,True,True
18603,l00603,1,2,3,25,2011,False,0,unfurnished,1.8,False,True
18604,l00604,4,3,3,17,2010,True,2,semi-furnished,6.64,False,False
18606,l00606,4,3,4,22,2021,False,0,unfurnished,4.16,False,True
18607,l00607,2,3,10,29,2005,False,0,unfurnished,3.21,True,True
18608,l00608,2,2,9,21,2007,False,0,unfurnished,6.47,False,True
18609,l00609,4,3,11,37,2006,True,0,semi-furnished,6.04,True,False
18610,l00610,3,4,14,26,2010,True,1,unfurnished,3.78,True,False
18611,l00611,3,2,14,21,2012,True,2,furnished,6.36,False,False
18612,l00612,3,3,7,32,1997,False,0,furnished,6.25,False,True
18613,l00613,2,2,3,10,2014,False,0,unfurnished,1.85,False,True
18615,l00615,3,2,12,15,2001,False,0,semi-furnished,6.76,True,False
18616,l00616,5,4,3,12,1997,True,1,furnished,4.16,True,True
18617,l00617,3,4,0,25,2002,True,3,furnished,3.2,False,False
18618,l00618,4,1,3,32,2004,True,2,unfurnished,5.72,True,False
18619,l00619,1,3,6,20,2014,False,0,furnished,3.6,True,False
18621,l00621,1,3,16,24,1997,False,0,semi-furnished,1.56,True,True
18622,l00622,3,4,1,9,2002,False,0,semi-furnished,0.27,False,False
18623,l00623,4,2,6,25,2009,False,0,furnished,2.85,False,True
18624,l00624,1,1,7,19,2007,False,0,unfurnished,0.68,False,True
18628,l00628,4,3,1,7,2013,True,0,unfurnished,2.49,True,False
18629,l00629,2,2,5,22,2009,False,0,semi-furnished,4.9,True,True
18631,l00631,3,2,10,38,2004,False,0,unfurnished,6.41,False,True
18632,l00632,1,3,5,7,2008,False,0,semi-furnished,3.48,False,True
18634,l00634,5,3,15,21,2007,True,3,furnished,3.33,True,False
18635,l00635,3,4,15,39,2001,False,0,unfurnished,7.23,False,False
18636,l00636,5,2,13,34,2002,False,0,semi-furnished,6.52,False,False
18637,l00637,4,2,0,24,2018,False,0,semi-furnished,5.15,True,True
18638,l00638,1,4,18,35,2001,True,0,unfurnished,5.89,True,True
18639,l00639,2,3,4,38,2004,False,0,unfurnished,4.93,False,True
18640,l00640,2,3,7,27,2011,True,1,unfurnished,0.89,False,True
18642,l00642,2,2,24,26,2021,False,0,unfurnished,1.94,False,True
18643,l00643,2,2,2,5,2008,True,0,furnished,7.82,False,False
18644,l00644,1,1,9,12,2009,True,4,furnished,5.19,True,False
18645,l00645,5,4,14,17,2016,False,0,furnished,1.14,False,False
18646,l00646,1,3,3,37,2018,False,0,semi-furnished,0.29,True,False
18647,l00647,1,4,9,9,2016,False,0,furnished,6.15,True,False
18648,l00648,2,1,12,21,2022,True,4,furnished,2.71,False,False
18649,l00649,4,1,24,34,1996,True,2,unfurnished,3.16,True,False
18650,l00650,4,1,19,24,2017,True,3,unfurnished,2.33,False,True
18651,l00651,1,4,10,15,2003,True,4,furnished,7.01,False,False
18653,l00653,5,3,11,37,2021,False,0,unfurnished,6.97,True,True
18654,l00654,5,1,6,36,1999,False,0,furnished,7.41,False,False
18655,l00655,3,2,1,33,2002,True,1,furnished,7.05,True,False
18656,l00656,5,3,3,34,2001,True,3,unfurnished,6.56,True,False
18657,l00657,5,3,14,24,1996,False,0,unfurnished,0.33,True,True
18659,l00659,5,2,1,18,2018,False,0,furnished,1.75,True,False
18660,l00660,4,2,21,37,2001,False,0,semi-furnished,5.51,True,True
18662,l00662,3,4,18,19,2010,True,3,unfurnished,1.55,True,True
18663,l00663,4,1,6,38,2011,False,0,unfurnished,7.77,False,True
18664,l00664,1,1,6,6,2003,True,1,furnished,5.03,False,False
18665,l00665,2,2,3,16,2023,False,0,unfurnished,5.23,True,False
18666,l00666,5,3,0,25,2020,False,0,unfurnished,5.67,True,False
18667,l00667,4,1,18,21,1998,True,4,semi-furnished,0.69,False,False
18668,l00668,4,4,2,31,2015,False,0,unfurnished,4.18,True,False
18669,l00669,1,4,15,18,2022,True,4,unfurnished,3.25,False,False
18670,l00670,1,2,11,14,2011,True,1,semi-furnished,3.7,True,False
18671,l00671,4,2,4,32,2019,False,0,unfurnished,1.21,False,True
18672,l00672,5,3,20,27,2011,True,1,unfurnished,7.62,False,False
18673,l00673,4,4,18,38,2006,True,3,unfurnished,2.2,False,False
18674,l00674,2,1,10,11,2008,True,4,unfurnished,5.41,False,True
18675,l00675,3,3,4,37,2011,True,4,furnished,6.53,True,True
18676,l00676,5,1,10,22,2021,True,4,furnished,2.87,False,False
18678,l00678,3,1,3,19,2023,True,4,furnished,1.84,True,False
18679,l00679,1,4,18,28,2014,True,0,unfurnished,4.17,False,True
18680,l00680,4,2,13,19,2000,True,2,semi-furnished,5.49,False,False
18681,l00681,3,1,14,15,1997,True,0,semi-furnished,0.5,True,True
18682,l00682,3,3,7,17,2005,False,0,unfurnished,3.26,False,True
18683,l00683,3,1,10,19,1996,False,0,semi-furnished,0.97,True,False
18684,l00684,3,1,22,22,1997,False,0,semi-furnished,1.11,False,True
18685,l00685,1,1,18,24,2021,True,1,semi-furnished,1.38,True,False
18686,l00686,1,1,3,13,1997,True,1,furnished,1.35,False,True
18687,l00687,5,1,8,28,2006,True,2,unfurnished,3.27,False,True
18688,l00688,1,3,17,30,2006,True,2,semi-furnished,5.93,True,False
18691,l00691,5,1,24,29,2009,True,4,furnished,6.41,True,False
18692,l00692,3,2,5,39,2007,True,4,furnished,7.92,True,True
18693,l00693,1,4,20,33,1998,True,1,furnished,7.41,True,False
18694,l00694,5,3,3,14,2009,True,1,semi-furnished,7.03,True,True
18696,l00696,3,2,10,12,2011,False,0,furnished,6.15,True,True
18697,l00697,1,3,8,19,2006,False,0,unfurnished,0.99,False,False
18699,l00699,3,3,5,7,2016,True,0,semi-furnished,1.64,True,False
18700,l00700,1,4,23,31,2018,False,0,semi-furnished,7.71,False,True
18702,l00702,5,1,6,31,2001,False,0,unfurnished,5.31,False,False
18703,l00703,3,4,21,32,2012,False,0,unfurnished,4.31,False,True
18704,l00704,4,3,8,31,2012,False,0,semi-furnished,6.94,False,False
18706,l00706,2,2,13,40,2005,False,0,semi-furnished,6.3,True,True
18707,l00707,5,3,2,24,2002,False,0,semi-furnished,1.53,True,True
18708,l00708,3,3,6,7,2015,True,3,semi-furnished,2.26,True,False
18709,l00709,4,1,19,31,2008,True,3,furnished,6.52,True,True
18710,l00710,3,1,3,14,2006,True,4,furnished,7.85,False,True
18711,l00711,5,4,12,33,2002,False,0,unfurnished,7.27,False,False
18713,l00713,3,2,12,28,2008,True,1,unfurnished,7.29,True,False
18714,l00714,1,1,11,37,2017,True,3,semi-furnished,5.27,True,False
18716,l00716,2,3,11,30,2012,False,0,unfurnished,5.83,False,True
18717,l00717,2,2,5,33,2014,True,4,furnished,5.51,True,False
18719,l00719,2,3,3,40,2021,False,0,semi-furnished,5.2,False,True
18721,l00721,5,2,4,36,1995,False,0,unfurnished,2.23,False,True
18722,l00722,2,3,14,16,2018,True,4,furnished,3.11,False,True
18723,l00723,1,1,18,25,2008,False,0,furnished,7.78,True,True
18724,l00724,5,4,24,29,2022,True,0,furnished,6.51,False,True
18725,l00725,4,1,9,9,2021,False,0,semi-furnished,7.68,False,True
18726,l00726,5,4,22,29,2021,False,0,semi-furnished,3.96,True,False
18727,l00727,5,3,3,5,1995,False,0,unfurnished,5.02,False,True
18729,l00729,3,3,6,34,2023,False,0,furnished,3.73,True,False
18732,l00732,2,4,23,37,2008,False,0,semi-furnished,4.7,True,False
18733,l00733,4,1,9,11,2012,True,1,furnished,6.02,True,False
18735,l00735,3,3,17,23,2022,True,2,furnished,5.61,True,True
18739,l00739,1,3,15,37,2019,True,1,semi-furnished,3.74,False,False
18740,l00740,5,4,19,21,1995,True,4,furnished,4.45,False,True
18741,l00741,4,1,7,31,2020,True,0,semi-furnished,1.95,False,True
18742,l00742,4,3,7,35,2011,False,0,unfurnished,7.51,True,True
18743,l00743,1,4,14,19,2008,True,2,unfurnished,0.46,True,True
18744,l00744,2,4,12,15,2005,True,3,semi-furnished,2.38,True,False
18745,l00745,2,2,17,19,2002,True,4,furnished,2.48,True,False
18746,l00746,3,2,4,13,2005,False,0,semi-furnished,3.53,True,True
18750,l00750,3,2,9,31,2000,True,1,furnished,5.6,False,False
18751,l00751,3,2,17,26,2004,False,0,unfurnished,2.04,True,True
18752,l00752,5,3,15,30,2008,True,4,semi-furnished,5.72,False,True
18753,l00753,4,3,20,27,2007,False,0,furnished,6.29,False,True
18756,l00756,5,3,2,7,1999,True,1,furnished,6.09,False,False
18758,l00758,4,2,20,25,2000,True,3,furnished,0.47,False,True
18759,l00759,2,3,19,30,1999,False,0,unfurnished,5.73,True,False
18761,l00761,1,4,11,27,2020,True,1,semi-furnished,5.7,True,False
18762,l00762,4,4,15,27,1995,False,0,unfurnished,1.56,True,False
18764,l00764,4,3,3,8,2001,False,0,semi-furnished,2.8,False,False
18765,l00765,4,4,2,5,2011,True,3,furnished,6.3,False,False
18766,l00766,5,3,8,27,2013,False,0,semi-furnished,5.17,False,False
18767,l00767,4,3,7,38,1998,True,3,furnished,2.57,False,False
18768,l00768,4,1,16,19,1995,True,2,semi-furnished,6.05,False,False
18769,l00769,2,1,20,24,2017,True,1,semi-furnished,1.34,True,True
18771,l00771,2,1,21,25,2002,True,3,unfurnished,4.12,False,True
18774,l00774,4,2,16,28,2005,True,2,unfurnished,0.4,True,True
18775,l00775,5,1,22,27,2005,True,3,unfurnished,3.68,False,True
18776,l00776,2,4,3,10,2005,True,3,furnished,3.73,False,False
18777,l00777,4,1,24,26,2014,True,4,semi-furnished,5.1,True,False
18778,l00778,4,3,23,31,2010,False,0,unfurnished,5.2,False,True
18780,l00780,3,1,23,28,2000,True,2,furnished,3.52,True,True
18781,l00781,3,2,5,23,2004,True,3,furnished,3.78,True,True
18782,l00782,4,3,12,23,2004,False,0,furnished,4.75,True,False
18783,l00783,5,1,14,23,1997,False,0,semi-furnished,6.1,False,True
18784,l00784,5,1,7,22,2010,False,0,semi-furnished,2.62,True,False
18785,l00785,3,3,0,8,2013,True,3,semi-furnished,4.78,True,False
18787,l00787,4,1,3,14,1999,True,3,furnished,3.99,False,True
18788,l00788,1,4,17,20,2001,False,0,semi-furnished,3.36,False,True
18789,l00789,1,2,10,13,2009,False,0,furnished,2.22,False,False
18791,l00791,5,1,14,30,1999,True,0,semi-furnished,1.29,False,True
18793,l00793,2,4,2,22,2013,True,2,furnished,5.23,True,True
18795,l00795,4,1,4,12,2003,True,4,furnished,3.35,True,False
18796,l00796,5,1,24,29,2013,False,0,unfurnished,6.57,True,False
18797,l00797,2,3,5,5,2003,False,0,unfurnished,1.98,True,False
18798,l00798,2,1,4,28,2018,True,1,unfurnished,5.17,True,False
18799,l00799,4,4,17,38,2009,False,0,furnished,5.9,False,True
18800,l00800,4,2,4,5,1997,True,0,semi-furnished,2.66,False,True
18801,l00801,2,1,12,26,2003,True,3,semi-furnished,3.48,True,True
18802,l00802,3,1,2,19,2010,False,0,unfurnished,5.28,True,False
18803,l00803,4,2,24,28,2005,True,3,semi-furnished,2.66,False,False
18804,l00804,4,2,10,31,2016,True,2,furnished,3.5,False,True
18805,l00805,2,1,8,20,2004,True,4,furnished,5.95,True,False
18806,l00806,5,1,19,34,2012,True,0,unfurnished,6.83,False,False
18807,l00807,2,2,21,24,2019,False,0,unfurnished,3.53,False,True
18808,l00808,1,2,3,29,2011,True,4,furnished,6.31,True,False
18810,l00810,2,3,17,20,2008,True,0,furnished,2.13,False,False
18811,l00811,2,4,20,32,1995,False,0,semi-furnished,4.35,False,True
18812,l00812,1,4,17,20,2007,True,1,semi-furnished,7.76,False,True
18814,l00814,5,4,18,19,1996,False,0,furnished,4.52,True,False
18815,l00815,1,3,9,28,2006,True,2,unfurnished,5.91,True,True
18816,l00816,4,3,10,19,2011,True,3,semi-furnished,3.09,False,True
18817,l00817,5,3,15,33,2008,True,0,semi-furnished,5.67,False,False
18818,l00818,2,4,22,35,2020,True,3,furnished,1.67,False,True
18819,l00819,3,2,22,34,2006,False,0,furnished,7.58,False,False
18821,l00821,4,1,13,20,2007,False,0,unfurnished,5.2,True,False
18822,l00822,3,1,8,24,2021,True,1,unfurnished,0.26,True,False
18823,l00823,3,1,1,15,2023,True,1,unfurnished,2.0,False,False
18824,l00824,5,4,9,16,2016,True,4,unfurnished,2.47,False,True
18825,l00825,5,4,23,32,1999,False,0,semi-furnished,4.2,True,True
18827,l00827,4,4,24,25,2008,False,0,furnished,1.5,False,True
18829,l00829,3,1,23,35,1999,False,0,semi-furnished,4.04,True,True
18830,l00830,5,2,11,40,1998,False,0,semi-furnished,1.07,True,True
18831,l00831,5,2,7,25,1996,False,0,furnished,2.49,True,True
18832,l00832,5,1,2,9,2018,False,0,semi-furnished,2.51,False,True
18833,l00833,5,1,5,32,2018,False,0,unfurnished,3.26,True,False
18834,l00834,1,1,17,40,2020,False,0,unfurnished,6.94,False,False
18835,l00835,2,2,8,29,2023,False,0,semi-furnished,2.63,True,True
18836,l00836,1,4,0,22,2000,False,0,semi-furnished,2.1,True,False
18837,l00837,1,4,10,26,2020,True,2,semi-furnished,6.66,True,False
18838,l00838,1,1,0,27,2006,False,0,unfurnished,0.65,True,True
18839,l00839,3,3,4,37,2010,False,0,furnished,1.4,True,False
18840,l00840,2,4,16,40,2012,True,0,unfurnished,7.86,False,True
18841,l00841,4,3,14,16,2003,True,1,unfurnished,6.23,True,False
18842,l00842,2,1,25,28,2004,True,4,unfurnished,7.65,False,False
18843,l00843,2,4,16,17,2007,True,2,furnished,7.6,True,False
18844,l00844,5,3,2,27,2022,True,0,semi-furnished,1.63,False,False
18846,l00846,2,3,8,25,2023,False,0,furnished,6.11,False,False
18847,l00847,4,3,15,16,2009,False,0,unfurnished,3.2,True,False
18850,l00850,4,3,24,28,2022,True,2,semi-furnished,3.91,False,True
18851,l00851,5,1,14,21,2007,False,0,unfurnished,2.76,False,True
18853,l00853,5,2,3,9,1996,True,1,semi-furnished,0.97,True,True
18854,l00854,1,4,10,21,2015,True,0,unfurnished,1.71,True,False
18855,l00855,4,3,1,33,2003,False,0,semi-furnished,3.83,True,True
18857,l00857,2,4,0,7,2010,True,1,unfurnished,4.9,False,True
18858,l00858,2,4,10,37,2004,True,1,unfurnished,0.26,True,True
18859,l00859,5,2,2,14,2019,True,0,unfurnished,2.3,False,False
18861,l00861,2,3,3,16,2014,False,0,unfurnished,7.22,True,True
18862,l00862,3,4,2,6,2015,False,0,unfurnished,3.05,False,True
18863,l00863,1,1,7,35,2016,False,0,semi-furnished,3.04,False,False
18865,l00865,4,1,12,17,2016,True,0,unfurnished,6.48,True,False
18867,l00867,2,1,1,18,1999,True,4,unfurnished,5.39,True,True
18868,l00868,2,3,6,33,1997,False,0,unfurnished,5.9,True,False
18869,l00869,5,2,17,32,2009,True,2,semi-furnished,4.27,False,False
18871,l00871,5,3,10,18,2014,True,0,furnished,7.82,True,True
18874,l00874,5,4,19,37,2013,False,0,unfurnished,5.51,True,True
18876,l00876,3,2,6,34,2001,False,0,unfurnished,2.35,False,True
18878,l00878,5,2,2,21,2009,False,0,furnished,5.2,True,False
18880,l00880,1,1,0,14,2003,False,0,furnished,4.31,True,True
18881,l00881,1,2,24,33,2014,True,0,furnished,1.99,True,True
18882,l00882,5,1,2,9,2017,True,2,unfurnished,5.23,True,True
18886,l00886,2,1,13,20,2008,True,0,semi-furnished,2.19,False,False
18887,l00887,3,4,8,38,1995,True,2,semi-furnished,0.64,False,True
18892,l00892,2,4,12,38,2008,False,0,unfurnished,4.18,False,False
18895,l00895,2,3,0,21,2012,False,0,furnished,1.42,False,False
18896,l00896,2,1,8,40,2022,True,2,semi-furnished,5.94,True,False
18897,l00897,1,4,4,36,2023,False,0,furnished,3.47,False,False
18899,l00899,4,1,5,14,2001,True,3,furnished,1.96,False,False
18901,l00901,2,3,7,29,2022,True,1,furnished,2.09,False,False
18902,l00902,1,3,16,22,2019,False,0,unfurnished,2.04,True,False
18904,l00904,5,4,18,36,1997,False,0,semi-furnished,7.85,False,True
18906,l00906,3,2,2,11,2001,True,4,semi-furnished,6.68,False,True
18907,l00907,5,4,23,33,2023,False,0,furnished,4.79,True,True
18908,l00908,1,2,5,7,2008,True,4,furnished,5.71,False,False
18910,l00910,4,1,8,35,2011,True,2,furnished,1.35,False,False
18912,l00912,3,1,25,38,1995,False,0,semi-furnished,6.07,False,True
18913,l00913,4,4,11,14,1995,False,0,furnished,4.62,False,True
18914,l00914,3,4,21,33,1998,False,0,semi-furnished,2.91,True,False
18915,l00915,2,3,18,28,2013,True,2,furnished,2.93,False,True
18916,l00916,3,1,8,38,2003,False,0,furnished,1.7,True,True
18917,l00917,3,1,12,13,2023,False,0,furnished,5.98,True,True
18918,l00918,2,1,18,39,2018,True,1,furnished,1.37,False,True
18919,l00919,1,1,2,24,2011,False,0,semi-furnished,1.41,False,False
18920,l00920,4,2,22,23,2012,True,4,furnished,1.48,False,False
18921,l00921,4,3,9,38,2009,True,4,unfurnished,4.75,True,False
18922,l00922,4,3,7,37,2010,True,2,furnished,0.42,False,False
18923,l00923,2,4,16,19,2015,True,1,unfurnished,3.71,True,True
18924,l00924,2,1,10,17,2012,False,0,furnished,4.08,False,False
18926,l00926,2,3,11,39,2015,True,0,semi-furnished,3.69,True,False
18927,l00927,4,2,5,19,2019,False,0,unfurnished,1.35,False,True
18929,l00929,5,3,4,10,2007,False,0,furnished,6.3,False,False
18930,l00930,5,3,2,29,2004,True,4,unfurnished,5.07,False,False
18931,l00931,5,3,19,25,2020,False,0,semi-furnished,7.17,True,False
18932,l00932,4,4,25,32,1996,True,1,semi-furnished,3.33,True,False
18934,l00934,5,4,10,30,2007,True,1,furnished,1.03,False,False
18935,l00935,4,1,18,32,2005,False,0,semi-furnished,4.98,True,False
18937,l00937,1,1,10,12,2015,False,0,furnished,0.28,True,False
18938,l00938,4,3,11,33,2010,False,0,unfurnished,3.48,False,False
18939,l00939,4,1,8,28,2023,False,0,semi-furnished,4.48,True,False
18941,l00941,3,1,20,29,2015,True,0,furnished,7.36,False,False
18942,l00942,4,3,10,17,2022,False,0,semi-furnished,3.28,False,False
18943,l00943,1,2,10,20,1996,False,0,furnished,3.92,True,True
18945,l00945,5,3,2,13,2006,False,0,unfurnished,2.55,False,False
18946,l00946,1,1,14,35,2017,False,0,furnished,3.9,True,True
18947,l00947,1,3,8,11,1995,True,3,furnished,1.29,False,False
18948,l00948,4,2,14,31,1995,False,0,semi-furnished,2.02,False,True
18951,l00951,3,4,8,31,2002,True,3,semi-furnished,6.49,False,True
18952,l00952,2,4,13,31,1998,True,1,furnished,1.13,False,True
18954,l00954,1,4,1,22,2006,False,0,furnished,2.54,True,False
18955,l00955,3,2,2,16,2018,False,0,unfurnished,4.11,True,False
18956,l00956,4,3,7,38,2016,True,4,furnished,5.79,True,False
18957,l00957,2,3,4,36,1997,False,0,semi-furnished,3.16,False,False
18958,l00958,1,1,22,24,2005,False,0,unfurnished,0.39,False,False
18959,l00959,2,3,16,29,2007,False,0,unfurnished,3.74,False,False
18960,l00960,1,4,2,33,1999,True,1,furnished,4.11,True,True
18962,l00962,5,3,17,39,2001,False,0,semi-furnished,4.44,True,False
18963,l00963,3,1,17,24,2022,False,0,furnished,4.71,False,True
18965,l00965,1,3,19,39,2002,False,0,semi-furnished,2.91,True,True
18967,l00967,4,1,7,14,2002,True,1,semi-furnished,0.68,False,False
18968,l00968,5,2,9,24,1995,True,3,unfurnished,2.94,True,True
18970,l00970,1,1,11,11,2018,True,0,unfurnished,7.26,True,True
18971,l00971,4,1,10,27,2012,False,0,furnished,3.84,False,True
18975,l00975,3,4,1,22,1995,False,0,furnished,2.34,False,False
18976,l00976,3,3,19,20,2023,True,0,semi-furnished,2.55,False,False
18977,l00977,5,1,21,21,2023,True,0,furnished,2.08,False,False
18979,l00979,1,4,12,31,1998,False,0,semi-furnished,1.42,True,False
18980,l00980,5,4,11,33,1997,False,0,semi-furnished,2.83,True,False
18981,l00981,5,3,5,9,1995,True,3,furnished,7.72,False,False
18982,l00982,3,1,9,17,2019,False,0,unfurnished,6.19,False,False
18985,l00985,1,3,6,32,2003,False,0,semi-furnished,4.55,True,False
18988,l00988,4,4,25,39,1999,False,0,furnished,0.82,True,True
18989,l00989,5,2,8,17,2013,True,2,semi-furnished,2.61,True,False
18990,l00990,3,2,21,34,2020,True,2,unfurnished,5.35,True,False
18991,l00991,2,1,25,32,2000,True,2,unfurnished,0.69,True,True
18992,l00992,5,1,5,6,1997,False,0,furnished,7.39,False,False
18993,l00993,4,3,11,36,2020,False,0,unfurnished,0.34,False,True
18994,l00994,1,4,2,9,1995,False,0,furnished,6.17,False,False
18995,l00995,5,2,18,18,2021,True,2,unfurnished,7.03,True,True
18997,l00997,4,1,10,24,2018,False,0,unfurnished,1.1,True,False
19000,l01000,2,1,6,27,2015,True,0,semi-furnished,7.7,False,False
19001,l01001,2,4,23,25,1999,False,0,semi-furnished,7.09,False,True
19002,l01002,4,2,21,40,2002,True,3,semi-furnished,3.02,False,True
19003,l01003,5,2,15,20,1996,True,3,semi-furnished,2.72,True,True
19004,l01004,1,3,21,30,2002,True,0,furnished,0.57,True,True
19005,l01005,4,1,1,31,1998,False,0,furnished,3.29,False,False
19006,l01006,1,2,6,14,2003,False,0,unfurnished,2.11,True,True
19007,l01007,5,1,8,34,2002,True,1,furnished,1.69,False,True
19008,l01008,2,2,2,15,2017,False,0,semi-furnished,5.97,True,False
19009,l01009,3,3,6,26,2000,False,0,furnished,7.69,False,True
19010,l01010,5,1,4,40,2022,False,0,semi-furnished,3.88,False,True
19011,l01011,5,2,4,9,2019,True,2,unfurnished,4.26,False,True
19012,l01012,2,3,19,19,2002,True,1,furnished,2.74,True,True
19013,l01013,5,1,5,36,2005,False,0,furnished,3.2,True,False
19015,l01015,3,1,5,28,2013,False,0,furnished,6.03,False,False
19016,l01016,5,2,8,27,2019,False,0,semi-furnished,6.75,False,False
19017,l01017,1,3,22,26,2019,False,0,furnished,1.61,True,False
19019,l01019,1,4,14,24,1997,True,3,semi-furnished,7.23,True,False
19020,l01020,2,1,0,35,2005,False,0,furnished,2.23,True,True
19021,l01021,3,4,0,15,2010,False,0,unfurnished,1.38,False,False
19022,l01022,5,4,0,6,2022,False,0,semi-furnished,4.95,False,False
19024,l01024,2,3,6,24,2023,False,0,unfurnished,3.53,False,False
19025,l01025,3,2,0,22,2015,False,0,unfurnished,4.94,False,True
19026,l01026,1,2,17,19,1997,True,3,unfurnished,1.71,False,True
19027,l01027,3,2,5,30,2021,False,0,semi-furnished,3.43,True,True
19029,l01029,4,4,0,26,1996,False,0,unfurnished,2.15,False,False
19030,l01030,2,4,19,28,2006,False,0,semi-furnished,0.9,False,False
19031,l01031,3,3,3,12,2014,False,0,furnished,7.17,False,True
19032,l01032,2,4,18,39,2001,False,0,unfurnished,3.46,False,True
19033,l01033,2,3,9,28,2021,True,1,furnished,5.59,False,True
19034,l01034,3,4,2,12,1999,False,0,furnished,2.37,True,True
19036,l01036,4,1,23,34,2019,False,0,furnished,2.09,False,False
19037,l01037,2,3,0,19,2001,False,0,semi-furnished,2.99,True,False
19039,l01039,5,2,6,26,2008,True,1,semi-furnished,1.84,True,True
19040,l01040,1,4,5,29,2006,False,0,semi-furnished,2.79,False,False
19041,l01041,2,2,1,19,2001,True,3,furnished,0.2,True,False
19044,l01044,3,2,5,18,2006,True,1,unfurnished,2.24,False,False
19045,l01045,5,2,8,21,1997,True,0,semi-furnished,7.73,True,False
19046,l01046,5,1,8,37,2004,False,0,furnished,3.4,True,False
19047,l01047,2,2,12,40,2009,False,0,unfurnished,2.17,False,False
19048,l01048,1,1,0,34,2014,False,0,unfurnished,5.97,True,True
19049,l01049,4,3,24,30,2012,True,2,furnished,7.18,False,False
19050,l01050,1,3,8,15,2001,True,3,furnished,0.21,True,False
19051,l01051,1,2,10,21,2008,False,0,semi-furnished,7.73,False,True
19052,l01052,4,2,22,30,2001,False,0,unfurnished,1.66,True,False
19053,l01053,2,2,24,32,2004,True,3,semi-furnished,0.96,True,False
19054,l01054,5,4,8,20,2006,False,0,unfurnished,5.36,True,True
19055,l01055,5,3,7,17,2001,True,2,unfurnished,1.72,True,False
19057,l01057,5,3,6,32,2003,True,2,unfurnished,3.47,True,False
19058,l01058,2,4,2,17,2001,True,4,furnished,1.9,True,True
19060,l01060,2,2,4,29,2002,True,2,semi-furnished,5.83,True,True
19061,l01061,3,1,20,25,2017,True,0,semi-furnished,3.08,False,False
19062,l01062,1,4,9,35,2017,False,0,unfurnished,4.7,False,True
19063,l01063,1,3,5,26,2014,False,0,semi-furnished,7.5,False,False
19065,l01065,3,2,22,29,2007,True,4,unfurnished,2.94,True,True
19066,l01066,4,2,15,19,2012,True,3,semi-furnished,6.52,True,True
19068,l01068,5,4,4,39,1997,True,0,unfurnished,4.42,False,False
19069,l01069,3,4,25,39,1999,False,0,unfurnished,4.03,False,False
19070,l01070,2,3,3,35,2022,False,0,furnished,2.62,True,True
19072,l01072,4,3,13,28,1997,True,3,unfurnished,5.77,True,False
19073,l01073,2,1,9,17,2013,True,2,furnished,7.96,True,False
19075,l01075,2,1,8,35,2004,True,3,furnished,0.24,False,False
19077,l01077,5,1,15,38,2010,False,0,semi-furnished,3.58,False,True
19078,l01078,5,1,16,31,2009,True,4,semi-furnished,1.81,True,False
19079,l01079,1,1,14,15,2019,False,0,semi-furnished,0.34,True,True
19081,l01081,4,1,3,36,2016,False,0,furnished,6.31,True,True
19082,l01082,5,1,8,38,2001,False,0,semi-furnished,3.74,True,False
19083,l01083,3,1,3,20,2005,False,0,semi-furnished,4.08,False,True
19085,l01085,3,1,5,13,2005,False,0,furnished,5.42,False,False
19087,l01087,5,3,12,24,2017,True,3,furnished,0.87,True,False
19089,l01089,3,4,1,25,2008,True,1,unfurnished,3.67,True,False
19091,l01091,1,1,10,37,2010,False,0,semi-furnished,2.88,False,False
19092,l01092,4,2,5,12,2014,True,4,semi-furnished,0.82,True,False
19093,l01093,5,1,5,26,1996,False,0,furnished,4.84,True,True
19094,l01094,1,1,22,37,2023,False,0,furnished,2.96,True,False
19095,l01095,5,2,3,26,2016,False,0,semi-furnished,6.57,False,False
19096,l01096,2,1,10,37,1996,True,1,semi-furnished,2.9,False,True
19098,l01098,2,4,2,14,2011,False,0,unfurnished,7.91,True,True
19099,l01099,5,1,10,16,2016,True,1,furnished,4.69,False,False
19100,l01100,5,1,25,40,1996,False,0,unfurnished,2.59,True,False
19103,l01103,5,4,16,35,2010,True,2,furnished,1.92,True,True
19105,l01105,1,3,16,20,2004,True,4,semi-furnished,1.98,True,True
19106,l01106,5,2,5,31,2022,True,1,unfurnished,1.28,False,True
19107,l01107,3,3,17,20,2016,False,0,furnished,4.32,False,False
19111,l01111,3,4,16,19,1997,True,1,semi-furnished,1.72,True,True
19112,l01112,1,2,2,37,2021,False,0,furnished,6.05,True,True
19113,l01113,2,2,2,28,2000,True,2,unfurnished,1.55,True,False
19114,l01114,1,2,17,19,2018,False,0,furnished,2.34,True,False
19115,l01115,4,4,18,23,2020,False,0,semi-furnished,3.33,False,False
19116,l01116,1,4,3,38,2000,True,0,semi-furnished,0.91,True,True
19117,l01117,5,4,4,20,2014,False,0,furnished,4.11,True,False
19118,l01118,4,1,20,22,2008,False,0,semi-furnished,2.14,False,True
19119,l01119,3,4,19,34,1997,True,3,semi-furnished,6.67,False,False
19120,l01120,1,4,14,22,2010,True,3,semi-furnished,2.81,True,True
19121,l01121,1,2,20,29,2015,False,0,furnished,4.21,True,True
19122,l01122,2,1,4,29,2021,True,2,unfurnished,7.57,False,False
19123,l01123,4,3,13,39,2013,True,0,semi-furnished,2.22,True,False
19124,l01124,2,2,14,31,2016,False,0,furnished,6.98,True,True
19127,l01127,2,2,9,20,2019,False,0,semi-furnished,6.01,True,True
19128,l01128,1,4,25,34,2003,True,4,furnished,0.23,True,True
19129,l01129,2,4,24,24,2003,False,0,unfurnished,3.3,False,True
19130,l01130,2,2,15,22,2006,True,2,unfurnished,3.68,True,False
19131,l01131,4,1,3,32,2002,False,0,semi-furnished,6.29,True,False
19133,l01133,2,4,19,39,2002,True,1,furnished,6.5,False,False
19134,l01134,1,4,10,24,2001,False,0,unfurnished,0.52,False,False
19135,l01135,2,3,12,12,1999,True,2,unfurnished,3.9,False,True
19136,l01136,2,2,19,33,2022,False,0,unfurnished,3.51,True,False
19137,l01137,1,2,8,33,2021,False,0,furnished,7.49,True,True
19138,l01138,2,1,22,36,2008,False,0,furnished,6.82,False,False
19139,l01139,5,2,0,30,1997,True,2,furnished,2.29,True,False
19140,l01140,5,1,19,27,2018,False,0,furnished,1.32,True,False
19141,l01141,3,1,7,18,1999,True,0,furnished,2.13,True,True
19142,l01142,4,3,19,35,2003,True,3,furnished,0.25,False,False
19143,l01143,2,1,2,32,2014,True,2,furnished,6.42,True,False
19144,l01144,2,1,5,37,2005,False,0,unfurnished,1.12,False,True
19145,l01145,1,1,5,24,2022,True,3,furnished,0.52,False,True
19146,l01146,4,4,0,18,2009,False,0,semi-furnished,2.41,False,True
19147,l01147,1,3,7,22,1997,False,0,semi-furnished,0.33,True,True
19148,l01148,2,4,5,14,1998,False,0,semi-furnished,3.67,True,True
19149,l01149,5,2,7,21,2007,False,0,furnished,3.65,False,True
19151,l01151,5,3,7,21,2001,True,2,furnished,7.69,True,False
19152,l01152,5,3,10,18,2000,False,0,unfurnished,4.0,False,True
19153,l01153,2,2,20,38,1999,False,0,unfurnished,7.51,True,False
19154,l01154,1,3,12,17,2001,True,1,furnished,2.25,False,True
19156,l01156,2,4,5,17,1998,True,0,unfurnished,3.29,False,False
19157,l01157,1,4,3,34,2000,True,0,furnished,6.29,True,False
19158,l01158,3,3,6,32,2021,True,3,semi-furnished,4.24,True,True
19160,l01160,4,4,18,26,1999,False,0,semi-furnished,2.09,True,True
19161,l01161,2,4,0,19,2023,False,0,semi-furnished,3.58,False,False
19162,l01162,4,3,6,20,2012,True,1,furnished,0.23,False,True
19164,l01164,2,2,18,28,2008,False,0,semi-furnished,7.32,True,False
19165,l01165,1,2,15,19,1996,True,2,furnished,0.47,False,True
19166,l01166,1,1,18,33,2000,False,0,furnished,6.98,True,True
19167,l01167,4,1,1,34,2016,False,0,furnished,5.45,False,False
19168,l01168,5,1,12,33,2005,True,1,semi-furnished,0.25,True,False
19169,l01169,3,4,5,26,2022,False,0,unfurnished,4.57,True,True
19171,l01171,2,1,1,24,2008,True,4,furnished,4.53,False,True
19173,l01173,1,4,19,21,2011,False,0,furnished,2.65,True,True
19174,l01174,4,4,15,35,2019,True,1,unfurnished,7.3,True,False
19175,l01175,1,2,3,16,2004,True,1,furnished,3.15,True,True
19176,l01176,2,4,8,34,1996,False,0,semi-furnished,7.27,True,False
19177,l01177,1,2,3,10,2007,True,0,unfurnished,7.02,True,False
19178,l01178,5,2,25,33,2006,True,0,unfurnished,0.2,True,False
19179,l01179,4,2,9,40,2002,True,2,unfurnished,4.63,True,False
19181,l01181,4,4,22,34,2011,False,0,semi-furnished,5.59,True,False
19182,l01182,3,3,4,27,2008,False,0,semi-furnished,2.6,False,True
19183,l01183,1,2,5,11,2023,True,0,semi-furnished,1.92,True,False
19184,l01184,2,1,8,29,2017,True,3,unfurnished,0.39,False,True
19185,l01185,1,1,9,10,2004,True,1,unfurnished,7.89,False,True
19186,l01186,2,3,18,26,1997,True,1,furnished,6.32,False,False
19187,l01187,3,4,4,33,2017,True,0,unfurnished,6.21,False,False
19188,l01188,2,3,13,29,2005,True,1,furnished,3.93,True,False
19189,l01189,1,4,0,17,2023,True,2,furnished,4.98,False,True
19190,l01190,5,1,11,27,2019,True,4,semi-furnished,5.62,False,True
19191,l01191,5,2,18,26,2013,True,0,unfurnished,0.92,False,True
19192,l01192,5,1,20,21,2010,True,2,semi-furnished,4.42,True,True
19193,l01193,2,4,16,25,2014,False,0,furnished,6.51,False,True
19195,l01195,4,3,2,40,2019,False,0,furnished,3.83,True,True
19196,l01196,1,2,0,20,2011,True,0,unfurnished,0.4,False,False
19197,l01197,2,3,20,25,1995,True,2,semi-furnished,4.84,False,False
19198,l01198,2,4,9,32,2018,True,4,unfurnished,3.51,True,True
19199,l01199,4,1,5,7,2023,True,1,unfurnished,3.06,False,False
19200,l01200,2,1,16,24,2003,False,0,unfurnished,4.63,True,False
19201,l00001,4,1,12,12,2003,True,1,semi-furnished,6.38,True,True
19203,l00003,1,4,18,37,2018,True,1,furnished,1.77,False,True
19204,l00004,3,2,7,8,2023,True,4,unfurnished,7.74,True,False
19205,l00005,2,4,7,8,1999,True,4,furnished,3.45,False,True
19206,l00006,5,3,8,10,2001,False,0,unfurnished,0.48,True,True
19207,l00007,4,4,18,31,2000,True,0,furnished,6.43,False,True
19209,l00009,3,1,5,32,2000,True,3,unfurnished,3.36,False,True
19210,l00010,4,1,7,17,2023,False,0,semi-furnished,3.06,True,False
19211,l00011,3,3,7,15,2021,False,0,semi-furnished,4.5,True,True
19212,l00012,3,1,6,30,2010,False,0,furnished,7.5,False,True
19213,l00013,1,4,19,27,2008,True,4,unfurnished,5.18,False,False
19214,l00014,1,4,19,34,2005,False,0,unfurnished,1.83,False,True
19215,l00015,5,3,5,9,2003,False,0,unfurnished,0.76,True,False
19216,l00016,1,1,3,28,2003,True,3,furnished,1.43,False,True
19217,l00017,3,2,12,23,2017,True,2,unfurnished,2.31,False,False
19221,l00021,3,1,23,35,2014,False,0,furnished,5.17,True,False
19222,l00022,3,4,1,32,2007,False,0,semi-furnished,2.3,False,False
19223,l00023,2,4,14,20,2000,True,2,semi-furnished,0.83,True,False
19224,l00024,2,3,14,38,2019,True,4,semi-furnished,1.04,True,False
19227,l00027,1,2,6,10,2017,False,0,semi-furnished,1.31,True,True
19229,l00029,5,1,16,21,1997,True,1,semi-furnished,4.8,False,True
19230,l00030,2,4,11,21,2022,False,0,unfurnished,2.93,False,False
19231,l00031,5,2,16,31,2005,True,1,semi-furnished,7.86,True,True
19237,l00037,2,1,15,35,2001,False,0,unfurnished,2.99,True,False
19238,l00038,3,3,0,5,1998,False,0,unfurnished,3.14,False,True
19241,l00041,1,2,9,16,2003,True,2,furnished,4.37,False,False
19242,l00042,1,2,16,35,2013,False,0,unfurnished,4.02,False,True
19243,l00043,4,3,15,36,2009,False,0,unfurnished,1.26,True,False
19244,l00044,4,2,6,6,1995,False,0,unfurnished,3.01,True,False
19246,l00046,3,1,6,17,2002,False,0,unfurnished,3.71,True,False
19247,l00047,5,1,7,7,2005,False,0,unfurnished,2.14,False,True
19248,l00048,5,3,3,10,2016,False,0,unfurnished,4.95,False,True
19249,l00049,3,1,4,21,2007,False,0,semi-furnished,4.66,True,True
19250,l00050,2,2,4,35,2018,True,3,unfurnished,5.31,True,False
19251,l00051,5,4,15,16,1995,True,4,semi-furnished,7.87,False,False
19252,l00052,4,4,6,13,1996,True,3,furnished,5.78,True,False
19253,l00053,4,3,1,8,2013,True,0,furnished,4.45,False,False
19254,l00054,1,3,7,16,1996,False,0,unfurnished,3.1,False,False
19255,l00055,5,2,2,16,2008,False,0,furnished,2.22,True,True
19256,l00056,2,1,7,32,2006,False,0,furnished,1.96,False,False
19259,l00059,1,2,23,30,2019,False,0,semi-furnished,6.09,True,True
19260,l00060,1,3,16,21,2019,False,0,unfurnished,7.22,True,True
19261,l00061,3,4,3,31,2017,False,0,semi-furnished,4.71,False,True
19262,l00062,1,2,6,18,2018,True,0,furnished,4.48,True,True
19263,l00063,5,1,24,25,2006,False,0,unfurnished,5.5,True,True
19265,l00065,5,2,3,37,1996,True,2,semi-furnished,2.29,True,True
19266,l00066,4,3,10,37,2004,True,1,semi-furnished,2.71,True,False
19267,l00067,2,4,9,23,2003,False,0,semi-furnished,1.93,True,False
19269,l00069,2,2,11,19,2001,True,1,unfurnished,7.68,True,True
19270,l00070,2,4,8,13,1998,True,0,unfurnished,7.53,True,False
19272,l00072,2,2,9,32,2011,False,0,semi-furnished,5.81,False,False
19274,l00074,3,1,9,37,2009,False,0,semi-furnished,2.53,True,False
19275,l00075,5,1,5,39,2000,True,3,furnished,1.93,True,True
19276,l00076,1,3,9,21,2002,False,0,furnished,4.82,True,True
19277,l00077,1,3,8,20,2014,False,0,unfurnished,7.19,True,True
19278,l00078,5,4,10,10,2010,False,0,unfurnished,2.41,False,True
19279,l00079,2,4,24,31,2022,False,0,unfurnished,2.08,False,False
19280,l00080,1,3,8,33,2003,False,0,semi-furnished,7.98,False,True
19282,l00082,2,4,0,20,2013,True,3,furnished,1.65,True,True
19283,l00083,5,2,2,16,1995,True,3,unfurnished,4.0,False,False
19284,l00084,5,1,10,35,2002,True,1,unfurnished,0.49,True,True
19285,l00085,4,2,4,13,2009,True,4,unfurnished,1.39,True,True
19286,l00086,2,2,6,25,2014,True,3,furnished,2.44,True,True
19287,l00087,3,1,11,31,2011,True,0,unfurnished,2.19,False,False
19288,l00088,5,3,19,27,2016,False,0,furnished,5.47,False,True
19289,l00089,1,2,1,30,2010,False,0,semi-furnished,5.55,True,True
19290,l00090,5,4,20,37,1999,False,0,semi-furnished,5.81,False,False
19291,l00091,5,2,20,22,2011,False,0,furnished,7.08,True,False
19292,l00092,1,1,2,40,2022,True,3,unfurnished,6.64,False,True
19293,l00093,2,2,16,33,1996,True,4,unfurnished,1.68,True,False
19294,l00094,2,2,10,15,2006,True,0,furnished,2.4,True,False
19295,l00095,3,1,3,17,2015,False,0,semi-furnished,5.24,False,True
19296,l00096,1,1,22,30,2018,False,0,furnished,4.91,False,False
19297,l00097,1,4,14,26,2001,True,0,furnished,7.75,False,True
19298,l00098,1,4,2,39,2013,True,0,semi-furnished,1.02,True,True
19299,l00099,5,3,11,40,1998,True,4,furnished,6.66,True,True
19300,l00100,3,1,13,19,2017,False,0,furnished,1.45,False,True
19302,l00102,4,3,9,13,2022,True,3,furnished,7.83,True,True
19303,l00103,4,4,0,15,2000,False,0,semi-furnished,4.77,True,True
19304,l00104,1,2,1,11,1995,False,0,unfurnished,5.48,False,False
19305,l00105,3,4,7,24,1998,True,3,unfurnished,0.46,True,True
19306,l00106,1,2,2,20,2017,True,0,semi-furnished,4.16,True,False
19307,l00107,3,1,2,34,2009,False,0,unfurnished,5.55,True,True
19308,l00108,4,1,11,37,2014,False,0,semi-furnished,0.25,True,True
19309,l00109,2,4,4,13,2023,True,1,furnished,4.58,True,True
19311,l00111,1,3,2,34,2008,True,1,furnished,4.84,False,False
19312,l00112,1,1,15,21,2008,True,2,furnished,0.52,False,True
19313,l00113,3,1,25,29,2013,True,4,furnished,0.84,True,False
19314,l00114,5,4,20,23,2013,True,2,furnished,2.23,True,True
19315,l00115,3,3,17,23,2014,True,1,semi-furnished,6.94,False,False
19317,l00117,5,1,8,24,2023,False,0,unfurnished,4.14,False,True
19318,l00118,1,2,18,19,2008,False,0,furnished,2.99,False,True
19320,l00120,1,4,3,19,2005,False,0,unfurnished,6.09,False,True
19321,l00121,4,4,5,15,2005,True,0,unfurnished,5.57,False,False
19322,l00122,5,2,3,14,2022,False,0,unfurnished,6.59,False,True
19323,l00123,5,3,1,32,1999,True,2,semi-furnished,1.85,False,False
19324,l00124,1,4,0,32,2013,True,2,furnished,7.14,True,True
19326,l00126,2,2,2,28,2023,True,2,semi-furnished,7.94,True,False
19327,l00127,5,2,18,21,2008,False,0,furnished,7.4,False,True
19328,l00128,5,4,19,39,2012,False,0,semi-furnished,1.82,True,False
19331,l00131,4,1,2,22,2022,False,0,furnished,4.23,False,True
19332,l00132,3,1,24,26,2007,True,1,unfurnished,7.4,False,True
19336,l00136,1,2,17,20,2010,False,0,semi-furnished,2.41,False,True
19337,l00137,4,3,15,38,1999,True,4,furnished,6.19,False,False
19338,l00138,4,4,3,30,2013,False,0,furnished,3.57,True,True
19339,l00139,4,4,16,20,2022,True,1,semi-furnished,2.95,True,False
19340,l00140,1,1,3,20,2000,False,0,semi-furnished,5.63,True,True
19341,l00141,1,1,17,30,2006,True,4,semi-furnished,6.63,True,False
19342,l00142,3,2,5,37,2004,True,3,unfurnished,3.81,False,False
19343,l00143,3,2,16,40,2006,True,4,unfurnished,3.44,False,True
19344,l00144,5,4,0,29,2006,True,1,furnished,6.54,True,True
19345,l00145,5,1,0,18,1995,True,3,unfurnished,4.92,True,False
19348,l00148,2,3,10,30,2005,False,0,unfurnished,1.62,True,False
19349,l00149,3,2,10,31,2016,True,4,semi-furnished,0.58,False,True
19350,l00150,3,1,4,28,2020,True,1,semi-furnished,5.13,False,True
19352,l00152,5,3,5,20,2005,False,0,semi-furnished,2.03,True,True
19353,l00153,1,4,4,8,1995,True,3,furnished,1.02,False,False
19354,l00154,4,4,5,27,2023,False,0,furnished,3.35,True,True
19356,l00156,1,1,8,16,2020,False,0,furnished,7.87,False,True
19357,l00157,2,2,1,26,2006,False,0,semi-furnished,7.35,True,True
19360,l00160,3,3,22,34,2023,False,0,semi-furnished,7.4,False,True
19361,l00161,5,3,24,35,1995,True,3,semi-furnished,4.4,False,True
19362,l00162,3,3,19,36,1998,True,2,furnished,1.73,False,False
19364,l00164,1,1,6,8,2001,False,0,semi-furnished,3.78,True,True
19365,l00165,4,1,11,23,2000,False,0,semi-furnished,5.57,True,False
19366,l00166,2,4,12,19,2008,True,2,unfurnished,4.84,True,True
19367,l00167,4,2,7,38,1998,False,0,semi-furnished,3.13,False,False
19369,l00169,1,1,13,21,2008,True,0,semi-furnished,7.58,False,False
19370,l00170,2,2,9,40,2000,True,1,furnished,0.32,True,True
19371,l00171,5,3,1,7,2001,False,0,semi-furnished,5.26,True,False
19372,l00172,1,3,10,19,2010,True,1,unfurnished,5.62,True,False
19373,l00173,4,1,25,38,2018,False,0,furnished,5.56,False,False
19374,l00174,4,1,0,7,2003,True,4,semi-furnished,0.35,True,True
19375,l00175,4,3,5,5,2023,False,0,semi-furnished,1.38,False,True
19376,l00176,3,4,4,38,2007,True,2,furnished,7.54,False,False
19377,l00177,1,2,16,39,2023,False,0,unfurnished,7.27,False,True
19378,l00178,4,3,12,33,2009,True,1,semi-furnished,3.66,True,False
19379,l00179,1,1,11,37,1995,True,0,semi-furnished,0.81,True,False
19380,l00180,3,3,19,31,2012,True,0,semi-furnished,6.35,False,False
19381,l00181,3,2,7,23,2018,False,0,unfurnished,4.18,True,False
19382,l00182,3,1,4,25,1997,True,0,semi-furnished,6.38,True,False
19383,l00183,4,4,10,24,2000,False,0,furnished,2.55,False,False
19384,l00184,2,2,3,29,2008,False,0,semi-furnished,0.99,True,False
19387,l00187,5,1,24,39,1995,True,4,semi-furnished,7.36,False,True
19389,l00189,5,4,18,20,2001,True,1,semi-furnished,1.21,False,True
19390,l00190,3,1,5,13,2013,False,0,furnished,0.51,True,False
19391,l00191,1,3,21,25,2003,False,0,furnished,1.97,False,False
19392,l00192,4,2,9,16,2005,False,0,unfurnished,6.34,False,False
19393,l00193,1,1,8,16,2001,True,1,semi-furnished,2.66,True,True
19394,l00194,2,2,13,36,2023,True,0,unfurnished,3.97,False,False
19396,l00196,1,1,22,40,1999,False,0,unfurnished,1.04,True,False
19397,l00197,5,1,16,34,2021,False,0,furnished,3.69,False,True
19398,l00198,3,3,21,30,1998,True,3,semi-furnished,4.9,True,True
19399,l00199,5,1,1,6,2001,False,0,furnished,2.47,True,False
19400,l00200,4,4,15,30,1999,True,4,furnished,1.27,False,True
19401,l00201,1,2,14,22,2003,True,0,furnished,4.27,False,False
19402,l00202,1,3,20,32,2012,True,3,semi-furnished,0.62,False,False
19407,l00207,5,4,4,26,2002,True,0,semi-furnished,2.53,True,False
19408,l00208,3,1,4,7,2020,False,0,furnished,2.44,True,False
19409,l00209,5,2,2,23,1995,True,2,semi-furnished,5.59,True,False
19410,l00210,4,4,15,25,2009,False,0,furnished,2.86,True,False
19411,l00211,1,1,8,19,2022,False,0,furnished,5.25,False,True
19412,l00212,5,2,20,31,2012,False,0,unfurnished,5.73,True,True
19413,l00213,5,2,25,40,2001,True,4,furnished,5.71,False,True
19414,l00214,5,2,11,13,2018,True,1,semi-furnished,2.25,True,False
19415,l00215,1,4,22,29,2023,False,0,furnished,6.81,False,False
19416,l00216,3,4,25,40,2019,True,4,furnished,5.29,True,True
19419,l00219,4,1,24,30,1996,False,0,furnished,5.01,False,False
19420,l00220,5,1,10,39,2003,True,4,semi-furnished,5.05,False,True
19421,l00221,3,4,2,25,2001,False,0,furnished,1.91,False,False
19422,l00222,1,1,3,15,2018,False,0,semi-furnished,1.15,True,False
19423,l00223,2,1,16,38,2001,False,0,semi-furnished,7.27,False,True
19424,l00224,1,4,25,31,1999,False,0,furnished,1.43,True,False
19425,l00225,4,3,23,37,2010,True,1,unfurnished,4.49,False,True
19428,l00228,5,3,10,14,2021,False,0,unfurnished,1.14,False,False
19429,l00229,5,4,2,17,1999,False,0,semi-furnished,3.53,True,True
19430,l00230,3,1,6,14,2004,True,2,unfurnished,7.05,True,False
19431,l00231,2,4,8,29,2011,False,0,unfurnished,3.15,True,False
19432,l00232,2,4,9,20,2010,True,4,unfurnished,3.63,True,False
19433,l00233,3,1,1,15,1997,False,0,furnished,7.93,True,True
19434,l00234,2,4,9,16,2003,False,0,semi-furnished,1.76,True,True
19436,l00236,4,2,14,32,1995,False,0,furnished,4.46,False,False
19438,l00238,5,3,3,16,2012,True,1,semi-furnished,5.71,True,False
19439,l00239,4,2,0,29,2008,False,0,unfurnished,7.26,True,True
19441,l00241,1,4,4,18,2019,True,2,unfurnished,7.62,False,True
19442,l00242,2,1,11,24,1997,True,3,furnished,7.15,True,True
19444,l00244,4,4,5,23,2021,True,2,unfurnished,0.53,True,False
19445,l00245,5,1,22,35,1996,False,0,unfurnished,6.12,False,True
19447,l00247,3,3,21,33,2004,True,2,unfurnished,5.17,False,True
19448,l00248,2,3,4,29,1997,False,0,semi-furnished,2.75,False,False
19449,l00249,3,2,16,28,1995,False,0,unfurnished,0.55,False,False
19450,l00250,5,4,0,22,2005,True,4,unfurnished,0.36,True,True
19451,l00251,2,4,10,39,2019,False,0,semi-furnished,6.01,False,True
19452,l00252,2,2,13,28,1995,True,0,semi-furnished,4.88,True,False
19453,l00253,1,2,11,28,2000,True,4,semi-furnished,4.72,False,False
19455,l00255,3,1,9,24,2018,True,2,semi-furnished,6.12,False,True
19456,l00256,3,2,9,27,2004,False,0,unfurnished,7.3,False,False
19457,l00257,4,3,5,14,2014,True,4,semi-furnished,6.06,True,True
19458,l00258,3,4,8,15,2016,True,2,semi-furnished,3.14,False,False
19459,l00259,5,2,16,39,2000,True,0,semi-furnished,7.47,True,True
19460,l00260,2,4,11,35,1997,False,0,semi-furnished,1.97,False,False
19461,l00261,2,3,20,39,1999,True,1,unfurnished,0.51,False,True
19462,l00262,4,4,9,28,2002,False,0,furnished,1.68,False,False
19463,l00263,4,1,13,37,2001,False,0,furnished,5.52,True,True
19464,l00264,4,3,12,14,2020,False,0,furnished,4.88,False,True
19465,l00265,3,2,8,26,2007,False,0,semi-furnished,5.76,True,True
19466,l00266,1,3,14,26,2000,False,0,unfurnished,1.78,False,True
19467,l00267,1,4,14,30,2022,False,0,furnished,7.61,True,True
19468,l00268,2,2,11,34,1998,True,0,unfurnished,2.14,True,False
19469,l00269,2,3,0,16,2011,True,4,unfurnished,4.57,False,True
19470,l00270,1,2,17,26,2001,True,4,furnished,3.58,False,True
19471,l00271,4,4,10,39,1997,False,0,unfurnished,2.7,False,False
19472,l00272,3,4,18,36,2014,True,2,furnished,5.1,True,False
19473,l00273,5,1,17,32,1998,False,0,unfurnished,3.35,False,False
19474,l00274,5,4,12,26,2012,False,0,unfurnished,2.75,False,False
19475,l00275,5,2,1,5,2021,True,3,furnished,4.32,False,True
19476,l00276,4,1,11,35,2005,True,3,furnished,4.42,False,False
19477,l00277,3,2,13,13,2003,False,0,furnished,4.87,True,False
19478,l00278,3,3,2,29,2015,False,0,furnished,4.14,True,True
19480,l00280,2,1,10,26,2022,False,0,furnished,2.52,True,False
19483,l00283,4,2,2,37,2014,False,0,furnished,4.32,False,True
19484,l00284,2,2,22,25,1997,True,4,semi-furnished,7.84,False,True
19486,l00286,2,2,16,37,2008,False,0,furnished,7.22,True,True
19488,l00288,1,1,10,18,2009,False,0,semi-furnished,5.16,False,False
19489,l00289,5,3,4,40,2005,True,3,semi-furnished,0.66,False,False
19490,l00290,3,4,19,39,2004,True,2,unfurnished,3.37,False,False
19491,l00291,1,4,25,31,1998,False,0,unfurnished,4.66,False,True
19492,l00292,1,2,6,13,2007,True,4,semi-furnished,1.64,True,True
19493,l00293,1,2,0,6,2014,True,1,semi-furnished,7.57,False,False
19494,l00294,5,1,6,7,2016,True,0,furnished,2.66,False,False
19495,l00295,2,3,23,25,2001,False,0,furnished,7.01,False,True
19496,l00296,1,1,5,6,2002,True,0,unfurnished,5.97,False,True
19497,l00297,2,4,12,35,1996,False,0,furnished,3.23,False,True
19498,l00298,1,3,2,25,2006,False,0,unfurnished,6.71,True,False
19499,l00299,5,3,8,13,1998,False,0,semi-furnished,0.42,True,False
19500,l00300,3,3,25,40,2015,True,3,semi-furnished,1.03,True,False
19501,l00301,5,3,23,27,2015,False,0,unfurnished,0.58,False,True
19502,l00302,4,4,14,24,2023,True,0,furnished,6.44,False,True
19503,l00303,3,1,8,20,1996,False,0,furnished,6.32,True,True
19504,l00304,5,3,17,25,2011,True,2,unfurnished,6.89,True,True
19505,l00305,2,1,9,16,2019,False,0,semi-furnished,7.9,True,False
19506,l00306,1,3,14,22,2023,True,4,semi-furnished,1.03,False,False
19507,l00307,3,4,11,16,2010,True,2,semi-furnished,6.78,True,False
19508,l00308,2,2,5,8,2023,False,0,unfurnished,7.98,True,True
19510,l00310,4,2,16,31,2016,False,0,unfurnished,1.85,False,True
19511,l00311,2,2,19,24,1996,False,0,semi-furnished,0.63,True,True
19515,l00315,1,4,5,27,2017,True,3,furnished,4.15,True,True
19516,l00316,1,3,8,38,2002,False,0,furnished,4.55,False,False
19519,l00319,4,3,0,33,1998,True,4,semi-furnished,4.51,False,False
19521,l00321,4,2,8,26,2005,True,2,furnished,3.89,True,True
19522,l00322,3,3,1,24,2015,True,3,semi-furnished,7.6,False,False
19525,l00325,4,2,25,31,1995,False,0,unfurnished,2.71,True,True
19527,l00327,2,2,17,20,1996,True,3,unfurnished,4.45,False,True
19528,l00328,5,1,2,31,2007,False,0,semi-furnished,0.37,True,True
19529,l00329,5,3,9,28,2004,False,0,unfurnished,3.56,True,False
19530,l00330,2,2,19,33,2018,False,0,unfurnished,1.4,True,False
19531,l00331,3,4,8,18,1995,False,0,unfurnished,7.85,False,True
19532,l00332,2,4,9,14,2001,True,0,furnished,3.94,True,False
19533,l00333,5,4,0,21,2007,False,0,unfurnished,7.81,True,True
19534,l00334,3,3,15,24,2019,True,0,semi-furnished,2.96,True,True
19535,l00335,1,3,6,29,1999,True,0,furnished,4.93,False,False
19536,l00336,1,4,0,22,2004,True,3,semi-furnished,4.52,True,True
19537,l00337,5,1,7,9,1997,False,0,furnished,0.92,False,True
19538,l00338,3,1,3,10,2019,True,0,semi-furnished,2.45,False,True
19539,l00339,2,4,10,33,2023,True,0,furnished,1.93,False,False
19542,l00342,2,1,1,15,1996,False,0,furnished,1.78,True,True
19543,l00343,5,3,0,29,2022,True,0,semi-furnished,0.45,False,False
19545,l00345,4,3,6,10,2007,True,4,unfurnished,4.36,True,False
19546,l00346,3,2,3,19,2020,True,4,semi-furnished,2.34,True,False
19547,l00347,4,1,3,14,2004,True,0,semi-furnished,0.91,True,False
19548,l00348,5,1,0,33,2001,True,2,furnished,3.09,False,False
19552,l00352,4,4,14,17,2009,True,1,furnished,3.41,False,False
19553,l00353,5,1,24,33,2004,False,0,semi-furnished,2.35,False,False
19554,l00354,2,1,7,20,1999,False,0,furnished,4.84,True,True
19555,l00355,4,4,17,18,2016,True,1,unfurnished,5.25,False,False
19556,l00356,2,3,7,28,1996,False,0,semi-furnished,1.44,False,True
19557,l00357,3,2,0,15,2005,True,4,unfurnished,2.43,False,True
19559,l00359,3,3,7,29,2011,True,2,semi-furnished,0.65,False,True
19560,l00360,5,4,18,19,2006,True,0,semi-furnished,4.92,True,True
19561,l00361,3,2,16,27,1999,False,0,unfurnished,3.3,True,True
19563,l00363,1,3,4,36,2015,False,0,semi-furnished,1.13,False,False
19564,l00364,4,4,3,20,1997,True,3,unfurnished,7.24,True,True
19566,l00366,4,3,3,32,2021,True,4,unfurnished,6.94,True,True
19567,l00367,5,4,3,9,1996,False,0,semi-furnished,7.42,False,True
19569,l00369,4,4,17,29,2023,False,0,semi-furnished,3.06,False,True
19570,l00370,3,4,7,38,2017,True,0,furnished,5.56,False,True
19571,l00371,4,2,10,23,2003,True,1,semi-furnished,1.77,False,False
19572,l00372,3,4,5,31,2010,False,0,unfurnished,4.08,True,True
19574,l00374,4,3,17,26,2000,False,0,unfurnished,0.23,True,False
19575,l00375,5,1,8,17,2011,False,0,furnished,3.74,True,False
19576,l00376,1,4,0,16,2001,False,0,semi-furnished,0.97,False,False
19577,l00377,1,1,15,35,2002,True,4,furnished,3.61,True,True
19578,l00378,2,1,13,14,2015,True,0,furnished,0.54,True,False
19579,l00379,5,1,24,39,2020,True,3,semi-furnished,6.14,True,True
19580,l00380,5,1,9,29,2001,False,0,furnished,3.03,False,True
19581,l00381,2,3,22,33,2002,False,0,semi-furnished,5.75,True,False
19582,l00382,1,2,2,22,2015,False,0,unfurnished,2.91,True,True
19583,l00383,4,2,6,7,2023,True,0,unfurnished,5.99,False,True
19584,l00384,5,1,5,5,1997,True,1,semi-furnished,6.05,True,False
19585,l00385,3,4,18,40,2015,True,4,unfurnished,4.66,False,True
19586,l00386,1,2,7,28,2015,False,0,semi-furnished,3.67,False,False
19587,l00387,1,4,10,15,2017,True,0,semi-furnished,4.2,True,False
19588,l00388,1,1,9,38,2021,False,0,semi-furnished,5.81,False,True
19589,l00389,3,2,4,28,2021,False,0,unfurnished,7.49,False,True
19590,l00390,2,4,13,38,2005,True,1,semi-furnished,3.61,False,True
19591,l00391,3,2,14,37,2020,False,0,furnished,7.45,False,True
19592,l00392,5,2,4,19,2017,False,0,semi-furnished,6.85,True,True
19593,l00393,4,1,2,37,2013,True,4,semi-furnished,4.37,True,True
19594,l00394,5,4,22,23,2011,False,0,unfurnished,4.88,False,False
19595,l00395,4,2,1,27,1998,True,3,semi-furnished,3.75,True,True
19596,l00396,3,1,1,9,2008,True,3,unfurnished,7.12,False,True
19597,l00397,3,1,22,32,2011,True,2,semi-furnished,3.19,False,True
19598,l00398,1,1,14,37,1998,True,2,unfurnished,5.85,True,True
19599,l00399,5,1,9,31,2010,False,0,furnished,3.82,False,True
19600,l00400,1,2,4,31,2022,False,0,semi-furnished,0.72,True,True
19601,l00401,5,4,21,23,2003,False,0,semi-furnished,1.62,False,True
19605,l00405,3,3,4,31,2012,True,0,semi-furnished,7.71,True,False
19607,l00407,5,2,11,25,2021,True,1,unfurnished,1.88,True,False
19608,l00408,2,3,2,9,2022,False,0,furnished,5.62,True,True
19609,l00409,1,3,18,24,2020,False,0,furnished,3.58,True,False
19610,l00410,1,4,5,18,2009,True,4,furnished,0.73,False,False
19611,l00411,2,3,3,10,2002,False,0,unfurnished,7.3,True,False
19612,l00412,4,1,10,30,2005,True,0,unfurnished,0.97,False,True
19614,l00414,3,4,16,40,2016,True,0,semi-furnished,0.81,True,False
19617,l00417,4,2,25,28,1998,True,2,furnished,4.99,True,False
19619,l00419,3,3,8,14,2003,True,1,furnished,3.52,True,False
19620,l00420,5,3,5,31,2015,True,0,furnished,6.92,False,False
19621,l00421,5,1,11,14,2016,False,0,semi-furnished,4.25,False,False
19622,l00422,2,4,21,22,2013,False,0,semi-furnished,6.07,True,False
19623,l00423,5,3,13,28,2008,False,0,semi-furnished,4.33,False,False
19625,l00425,5,3,13,19,2003,False,0,furnished,2.68,True,False
19627,l00427,4,3,20,22,2000,False,0,unfurnished,0.78,False,True
19628,l00428,4,4,25,34,1998,False,0,unfurnished,7.58,False,False
19629,l00429,5,4,18,40,2021,True,4,unfurnished,5.33,True,False
19630,l00430,5,2,15,34,2010,False,0,semi-furnished,2.34,False,True
19631,l00431,1,1,6,13,2020,False,0,furnished,6.93,True,False
19632,l00432,3,1,12,22,2012,False,0,semi-furnished,1.41,False,True
19634,l00434,4,1,3,35,2011,True,2,unfurnished,4.78,True,False
19635,l00435,4,3,24,24,2019,True,1,unfurnished,1.67,False,True
19636,l00436,5,3,2,31,1995,False,0,semi-furnished,6.83,True,False
19637,l00437,3,4,14,20,2010,True,4,semi-furnished,0.78,True,True
19639,l00439,2,4,4,12,2009,False,0,semi-furnished,2.02,False,False
19640,l00440,2,1,10,38,2004,True,2,semi-furnished,1.16,True,True
19641,l00441,3,1,16,35,2005,True,4,semi-furnished,7.61,False,True
19643,l00443,4,2,7,25,2003,False,0,unfurnished,1.2,True,True
19646,l00446,1,2,19,25,2014,True,4,furnished,2.68,True,True
19649,l00449,5,2,11,38,1996,False,0,unfurnished,0.6,False,True
19650,l00450,1,2,25,29,2009,False,0,semi-furnished,7.6,True,True
19652,l00452,3,1,10,22,1999,True,3,furnished,1.66,False,True
19653,l00453,5,2,6,29,2008,False,0,furnished,7.03,False,True
19654,l00454,1,4,8,32,2005,True,3,unfurnished,6.92,False,True
19657,l00457,3,4,4,39,2020,True,0,semi-furnished,7.1,False,True
19658,l00458,3,2,6,16,2002,True,1,semi-furnished,5.11,False,False
19659,l00459,4,1,5,36,1997,True,4,semi-furnished,5.78,False,True
19661,l00461,1,2,2,39,2020,False,0,furnished,3.5,False,True
19662,l00462,4,3,22,27,2013,True,3,unfurnished,1.48,False,False
19663,l00463,2,1,6,8,2001,False,0,unfurnished,6.03,False,False
19664,l00464,4,2,20,37,2006,False,0,furnished,6.31,True,False
19665,l00465,4,4,12,14,2008,False,0,semi-furnished,6.0,True,True
19667,l00467,4,3,13,29,2021,False,0,semi-furnished,2.09,True,False
19669,l00469,1,3,15,25,2009,True,2,unfurnished,4.06,True,False
19670,l00470,4,3,22,35,2011,False,0,unfurnished,4.35,False,False
19672,l00472,2,3,14,24,2020,False,0,furnished,5.05,False,True
19673,l00473,2,2,19,21,2007,False,0,furnished,3.51,True,True
19675,l00475,5,3,10,15,2020,True,0,unfurnished,5.82,True,False
19676,l00476,1,1,4,26,2011,False,0,semi-furnished,7.99,True,True
19677,l00477,4,2,13,29,2020,True,1,semi-furnished,4.65,False,False
19678,l00478,4,3,21,26,1996,False,0,unfurnished,0.22,True,False
19680,l00480,5,2,14,36,2001,False,0,furnished,1.95,False,False
19681,l00481,3,2,6,35,2015,True,2,unfurnished,1.73,True,True
19682,l00482,3,3,23,33,1995,True,1,semi-furnished,0.58,False,True
19683,l00483,1,3,21,39,2016,False,0,furnished,4.75,False,False
19684,l00484,1,4,8,29,2020,True,3,semi-furnished,5.51,True,True
19685,l00485,3,3,1,20,2008,False,0,semi-furnished,0.94,False,False
19687,l00487,3,4,3,5,2015,False,0,unfurnished,7.26,True,False
19688,l00488,2,1,4,36,2001,False,0,unfurnished,3.03,False,False
19693,l00493,5,3,4,5,2005,False,0,semi-furnished,1.87,False,True
19694,l00494,4,2,3,13,2022,True,0,unfurnished,1.96,False,True
19695,l00495,1,4,10,16,2015,False,0,furnished,2.1,False,True
19696,l00496,3,2,17,23,2002,False,0,furnished,6.55,False,False
19698,l00498,3,1,9,28,2007,True,2,semi-furnished,4.19,True,True
19699,l00499,5,4,13,20,2015,True,4,unfurnished,5.45,True,False
19701,l00501,3,4,11,20,1998,False,0,semi-furnished,0.37,False,True
19702,l00502,1,4,12,34,1999,False,0,semi-furnished,6.7,False,True
19703,l00503,4,1,24,25,1996,True,2,unfurnished,3.55,True,True
19704,l00504,3,2,2,40,2022,False,0,unfurnished,2.18,True,False
19705,l00505,2,4,10,31,2010,False,0,furnished,0.46,True,True
19706,l00506,1,4,0,5,2021,True,3,unfurnished,2.07,False,True
19708,l00508,4,4,0,7,2003,True,0,unfurnished,6.18,False,False
19709,l00509,1,3,15,32,2008,True,3,unfurnished,1.66,False,True
19710,l00510,2,3,7,8,2005,True,4,semi-furnished,6.06,False,False
19711,l00511,2,3,18,30,2018,True,0,semi-furnished,4.72,True,True
19712,l00512,1,3,14,33,2000,False,0,unfurnished,5.62,True,False
19713,l00513,1,1,2,15,2015,True,2,unfurnished,4.33,False,True
19714,l00514,1,4,4,36,1996,True,4,unfurnished,4.29,False,False
19715,l00515,5,2,3,28,2008,False,0,furnished,0.55,False,False
19716,l00516,2,1,14,20,2021,False,0,unfurnished,1.5,False,True
19718,l00518,3,1,20,40,2001,False,0,unfurnished,1.48,False,False
19719,l00519,2,2,7,40,2000,True,3,furnished,4.14,True,True
19720,l00520,5,4,20,30,1997,False,0,semi-furnished,2.34,True,True
19721,l00521,4,1,3,13,2004,False,0,unfurnished,4.22,False,False
19722,l00522,4,3,14,29,2000,False,0,unfurnished,6.94,False,False
19723,l00523,5,3,12,32,2007,False,0,furnished,2.37,True,True
19724,l00524,2,1,0,35,2005,False,0,semi-furnished,2.98,True,False
19726,l00526,2,4,16,35,2016,True,1,unfurnished,3.96,True,False
19727,l00527,1,3,12,23,2008,False,0,unfurnished,7.17,True,True
19729,l00529,3,3,14,17,2001,False,0,semi-furnished,6.47,True,True
19731,l00531,2,2,9,33,2010,True,1,unfurnished,6.15,False,True
19733,l00533,2,4,9,18,1997,True,4,unfurnished,3.8,False,False
19735,l00535,5,1,11,37,2013,True,4,semi-furnished,1.28,True,True
19736,l00536,2,4,11,34,2004,True,0,unfurnished,0.35,True,True
19737,l00537,2,1,5,11,1997,False,0,unfurnished,4.64,True,True
19739,l00539,4,1,24,32,2008,False,0,unfurnished,3.56,False,True
19740,l00540,3,4,6,28,2003,False,0,semi-furnished,6.69,True,True
19741,l00541,5,3,22,30,2007,True,2,semi-furnished,6.91,True,True
19743,l00543,5,1,10,25,2014,False,0,unfurnished,0.92,False,True
19744,l00544,4,2,5,32,2015,False,0,furnished,2.99,True,True
19745,l00545,1,2,10,39,2004,False,0,unfurnished,1.96,True,False
19746,l00546,4,1,24,35,2017,True,4,semi-furnished,6.16,True,False
19748,l00548,4,3,18,23,2002,True,1,unfurnished,2.26,False,True
19749,l00549,4,3,3,5,2021,True,0,semi-furnished,5.83,True,False
19750,l00550,2,2,16,27,2014,False,0,unfurnished,2.1,True,False
19751,l00551,2,3,7,13,1998,False,0,semi-furnished,5.64,True,True
19752,l00552,3,1,11,14,2010,True,1,semi-furnished,4.54,True,True
19753,l00553,2,4,2,34,2004,False,0,unfurnished,6.57,True,False
19754,l00554,4,4,8,22,2011,True,3,unfurnished,5.39,False,False
19755,l00555,2,3,3,30,2013,True,4,furnished,0.86,False,False
19756,l00556,2,2,14,27,2008,False,0,unfurnished,5.59,True,False
19757,l00557,1,3,3,14,2023,True,0,furnished,3.1,True,False
19758,l00558,3,2,19,20,2001,True,2,semi-furnished,6.58,False,True
19760,l00560,3,4,14,29,2001,False,0,unfurnished,4.78,False,False
19761,l00561,3,2,19,29,2023,False,0,unfurnished,4.08,False,False
19762,l00562,2,4,5,7,2012,False,0,semi-furnished,0.39,True,False
19765,l00565,2,1,11,15,2017,True,4,semi-furnished,6.7,True,True
19766,l00566,1,4,8,31,1996,False,0,unfurnished,7.4,False,True
19767,l00567,4,2,13,24,2009,True,3,unfurnished,6.68,True,False
19768,l00568,4,4,9,38,2006,False,0,unfurnished,6.34,False,False
19769,l00569,4,3,22,30,2017,False,0,unfurnished,0.69,False,True
19770,l00570,1,4,2,15,2001,False,0,furnished,3.07,False,False
19771,l00571,2,2,7,28,2022,True,4,unfurnished,3.23,True,True
19772,l00572,4,3,13,20,2002,False,0,unfurnished,7.38,True,True
19773,l00573,2,1,10,16,1998,False,0,unfurnished,6.82,False,False
19776,l00576,5,3,10,22,2013,False,0,unfurnished,1.87,False,False
19777,l00577,3,1,23,32,2015,False,0,semi-furnished,4.84,False,True
19778,l00578,1,1,21,35,2011,False,0,semi-furnished,6.67,True,False
19779,l00579,3,2,16,18,1995,True,4,unfurnished,7.06,False,False
19782,l00582,1,1,5,8,2022,False,0,furnished,7.76,False,False
19784,l00584,1,3,25,38,2023,True,1,furnished,3.48,False,False
19785,l00585,2,1,2,9,2019,False,0,furnished,3.11,False,True
19786,l00586,2,4,10,34,2019,False,0,unfurnished,7.92,False,True
19787,l00587,1,3,11,35,2021,False,0,furnished,5.71,True,False
19788,l00588,5,3,14,28,2008,True,4,unfurnished,7.05,False,False
19789,l00589,4,4,7,19,2000,True,3,semi-furnished,4.68,True,False
19790,l00590,5,1,3,40,2007,False,0,unfurnished,7.7,True,False
19794,l00594,5,3,21,31,2013,False,0,unfurnished,7.47,True,False
19795,l00595,3,4,5,22,2009,False,0,furnished,0.81,True,True
19796,l00596,5,4,17,17,2014,False,0,semi-furnished,3.45,False,False
19797,l00597,3,2,10,32,2013,False,0,semi-furnished,4.77,True,False
19799,l00599,5,1,17,19,1998,False,0,unfurnished,3.22,True,True
19800,l00600,5,1,14,21,2017,False,0,unfurnished,4.58,True,True
19801,l00601,1,3,2,34,2002,False,0,unfurnished,0.71,False,False
19802,l00602,1,3,16,30,2022,False,0,semi-furnished,6.33,False,False
19803,l00603,5,2,5,24,2019,False,0,unfurnished,2.54,True,True
19804,l00604,5,3,21,33,2004,True,2,furnished,2.89,True,True
19806,l00606,2,1,7,11,2017,True,2,furnished,3.9,False,True
19808,l00608,4,1,3,12,2023,False,0,unfurnished,4.95,True,True
19809,l00609,4,2,6,21,2012,True,1,unfurnished,7.15,True,True
19810,l00610,2,3,12,32,2004,False,0,furnished,4.86,False,False
19811,l00611,4,2,13,18,2002,True,3,furnished,5.38,True,True
19812,l00612,4,3,12,24,1995,True,2,furnished,6.55,True,True
19813,l00613,5,2,5,35,2009,False,0,furnished,6.81,False,True
19814,l00614,5,3,20,25,2002,True,4,furnished,6.39,True,False
19816,l00616,3,1,15,18,2015,False,0,semi-furnished,4.51,False,False
19817,l00617,5,2,11,14,2009,False,0,furnished,6.33,False,False
19818,l00618,1,3,13,30,2000,True,0,semi-furnished,7.78,False,False
19819,l00619,4,2,18,35,2022,False,0,furnished,1.37,True,True
19820,l00620,5,2,18,22,2021,True,4,unfurnished,4.86,True,False
19823,l00623,2,3,7,18,2021,True,1,unfurnished,0.73,True,True
19824,l00624,5,2,20,21,1997,False,0,unfurnished,4.46,False,True
19826,l00626,1,4,19,20,2006,False,0,semi-furnished,0.73,True,False
19827,l00627,3,1,3,39,2023,True,1,semi-furnished,3.64,False,True
19829,l00629,4,3,6,14,2010,False,0,unfurnished,0.76,False,False
19830,l00630,1,4,21,35,2020,True,3,unfurnished,4.58,False,True
19831,l00631,1,3,6,35,1997,False,0,semi-furnished,7.44,False,False
19832,l00632,4,1,10,23,1995,False,0,furnished,0.88,True,True
19833,l00633,5,2,15,29,2005,False,0,unfurnished,4.14,False,True
19834,l00634,3,3,15,22,2010,True,1,semi-furnished,6.88,True,True
19835,l00635,3,4,13,38,2012,True,0,furnished,5.4,True,True
19836,l00636,1,2,4,11,2011,False,0,unfurnished,0.87,True,True
19837,l00637,5,1,1,26,1997,False,0,semi-furnished,2.44,False,False
19838,l00638,4,1,23,24,2005,True,2,semi-furnished,1.2,False,True
19839,l00639,4,4,11,20,2020,False,0,unfurnished,5.13,True,False
19840,l00640,3,2,3,25,2018,True,2,furnished,6.34,True,True
19842,l00642,1,3,1,18,2009,False,0,semi-furnished,4.76,False,False
19843,l00643,5,3,25,39,2000,False,0,semi-furnished,2.48,False,False
19844,l00644,2,3,5,29,2004,True,0,unfurnished,4.14,True,True
19846,l00646,3,2,0,22,1998,True,0,semi-furnished,5.78,False,False
19847,l00647,4,4,0,31,2011,True,4,semi-furnished,2.59,True,False
19848,l00648,5,1,20,33,2014,False,0,semi-furnished,6.45,False,False
19849,l00649,2,3,5,12,1995,True,2,unfurnished,1.36,False,False
19850,l00650,3,4,10,20,2012,True,3,unfurnished,5.7,True,True
19852,l00652,4,2,19,37,2001,True,4,furnished,7.38,True,False
19854,l00654,5,2,11,29,2006,True,4,furnished,5.6,False,False
19855,l00655,3,1,22,36,2022,False,0,furnished,2.2,True,False
19856,l00656,3,4,8,11,1995,False,0,unfurnished,4.57,False,False
19857,l00657,5,4,15,19,2011,False,0,furnished,1.03,True,False
19859,l00659,4,3,3,20,2014,False,0,furnished,7.74,True,True
19860,l00660,3,2,9,20,2004,False,0,semi-furnished,4.56,False,True
19862,l00662,3,4,6,9,2021,True,0,furnished,1.03,False,True
19864,l00664,3,4,14,36,2000,True,2,semi-furnished,5.59,False,False
19865,l00665,2,1,3,22,2015,True,4,semi-furnished,2.64,True,True
19866,l00666,2,4,15,35,2022,False,0,semi-furnished,5.46,True,True
19867,l00667,5,1,7,13,2018,True,2,semi-furnished,5.36,False,True
19868,l00668,1,1,8,32,2016,True,3,semi-furnished,0.9,True,True
19869,l00669,5,4,13,33,2001,True,1,unfurnished,5.56,True,True
19870,l00670,1,1,16,18,2013,True,1,furnished,6.49,True,True
19872,l00672,5,1,3,26,1996,False,0,semi-furnished,2.78,True,True
19874,l00674,1,4,4,30,2012,True,3,unfurnished,4.49,False,True
19876,l00676,4,3,0,18,2000,True,3,unfurnished,6.09,False,True
19878,l00678,4,3,18,40,2008,True,0,furnished,6.94,False,True
19880,l00680,3,3,25,39,2012,True,1,semi-furnished,2.67,False,False
19881,l00681,4,1,13,40,2023,True,3,unfurnished,5.46,True,True
19883,l00683,3,2,10,11,2008,False,0,semi-furnished,0.58,True,False
19884,l00684,1,2,7,32,2020,True,3,furnished,1.89,True,True
19885,l00685,2,4,1,23,2012,True,4,unfurnished,0.41,False,False
19886,l00686,2,4,15,20,2014,True,3,furnished,7.54,True,False
19888,l00688,3,3,10,25,2002,False,0,unfurnished,3.26,True,True
19889,l00689,1,2,25,36,1997,True,3,unfurnished,5.51,False,True
19891,l00691,4,4,19,36,2023,True,1,semi-furnished,2.77,True,True
19895,l00695,1,2,22,22,2019,True,2,unfurnished,4.71,True,True
19898,l00698,4,1,19,28,1998,True,1,furnished,5.05,True,False
19899,l00699,2,2,13,29,2001,True,4,unfurnished,6.36,False,False
19900,l00700,1,3,8,32,1997,True,1,unfurnished,6.77,True,True
19901,l00701,4,1,4,8,2019,True,4,furnished,0.78,True,False
19902,l00702,2,2,2,25,2022,True,1,semi-furnished,3.64,True,False
19903,l00703,4,1,25,38,2006,False,0,furnished,4.85,False,False
19904,l00704,2,2,2,20,2016,True,3,unfurnished,2.98,True,True
19905,l00705,1,3,9,30,2015,True,4,unfurnished,4.14,True,False
19906,l00706,3,4,15,17,2022,True,1,semi-furnished,6.32,False,True
19907,l00707,2,2,7,12,2019,False,0,unfurnished,4.39,False,False
19908,l00708,2,2,1,32,2016,True,4,furnished,7.12,False,False
19909,l00709,5,2,5,11,2021,False,0,unfurnished,3.67,False,False
19910,l00710,3,2,12,14,2015,False,0,semi-furnished,2.69,True,True
19911,l00711,2,3,14,40,2005,True,1,unfurnished,4.95,False,True
19912,l00712,1,4,19,23,2020,True,3,semi-furnished,0.28,True,True
19913,l00713,4,1,10,31,1995,True,4,unfurnished,5.67,True,True
19914,l00714,2,3,13,34,2016,False,0,semi-furnished,4.86,False,True
19915,l00715,5,1,22,29,1996,False,0,semi-furnished,7.96,True,True
19916,l00716,3,4,4,30,2013,True,2,semi-furnished,1.93,False,False
19917,l00717,2,3,4,40,2003,False,0,semi-furnished,2.22,True,True
19918,l00718,2,2,12,21,2005,True,2,furnished,0.94,True,True
19919,l00719,2,3,10,17,2013,False,0,semi-furnished,3.97,True,False
19920,l00720,1,4,2,19,2009,True,3,semi-furnished,4.51,True,False
19921,l00721,3,4,5,17,2021,False,0,unfurnished,3.69,False,True
19922,l00722,5,4,22,39,2023,True,3,semi-furnished,6.76,False,True
19924,l00724,1,4,14,18,2023,False,0,unfurnished,5.43,False,False
19925,l00725,2,3,11,31,2012,True,2,unfurnished,1.31,True,False
19926,l00726,3,1,3,25,2008,False,0,unfurnished,3.53,True,False
19927,l00727,2,2,7,16,2010,True,2,unfurnished,7.08,False,False
19928,l00728,1,3,0,19,2007,True,2,unfurnished,5.74,True,False
19929,l00729,4,3,16,16,2018,False,0,unfurnished,3.35,True,False
19930,l00730,4,1,23,38,1996,True,1,unfurnished,3.15,True,False
19931,l00731,4,2,4,20,2013,True,3,semi-furnished,3.81,True,False
19933,l00733,1,1,7,27,2005,False,0,furnished,2.72,True,True
19934,l00734,2,4,0,12,2017,True,2,furnished,4.38,False,True
19937,l00737,1,2,13,34,2023,True,2,unfurnished,7.93,True,False
19939,l00739,1,1,17,19,1999,True,3,unfurnished,2.5,False,True
19940,l00740,5,1,14,33,2000,True,1,furnished,7.93,False,True
19941,l00741,2,3,25,25,2022,True,2,unfurnished,6.22,False,False
19942,l00742,2,4,4,19,2003,False,0,unfurnished,2.34,False,False
19943,l00743,5,1,4,15,2014,True,4,unfurnished,1.96,False,True
19944,l00744,2,1,11,24,2004,False,0,furnished,2.2,True,True
19945,l00745,4,1,6,22,2005,True,2,furnished,2.4,True,False
19948,l00748,1,4,23,38,2003,True,1,semi-furnished,6.18,False,False
19949,l00749,3,4,19,25,2020,False,0,semi-furnished,0.94,False,True
19950,l00750,3,1,21,35,2020,False,0,furnished,1.58,True,True
19951,l00751,2,2,4,7,2022,False,0,furnished,5.44,True,True
19952,l00752,2,4,8,34,2001,False,0,furnished,4.33,True,True
19953,l00753,3,3,13,24,2014,False,0,unfurnished,7.94,False,False
19956,l00756,1,3,8,15,2015,False,0,furnished,0.56,False,True
19959,l00759,1,3,10,22,2013,False,0,unfurnished,5.66,False,True
19960,l00760,2,1,4,30,2012,False,0,furnished,2.93,False,True
19961,l00761,2,1,6,13,2012,False,0,furnished,5.07,True,False
19963,l00763,2,2,23,34,2015,False,0,semi-furnished,7.37,True,True
19964,l00764,4,3,0,31,1995,True,2,semi-furnished,4.74,True,False
19965,l00765,3,4,7,7,2010,True,2,furnished,4.63,True,False
19966,l00766,5,2,10,16,2017,False,0,semi-furnished,5.12,False,True
19967,l00767,2,2,2,30,2017,False,0,semi-furnished,2.43,False,False
19968,l00768,5,2,12,17,2023,False,0,semi-furnished,7.77,False,True
19969,l00769,4,1,9,40,2017,False,0,unfurnished,1.46,True,False
19970,l00770,1,1,17,29,2012,True,1,unfurnished,6.26,False,False
19971,l00771,4,3,13,23,2008,True,0,semi-furnished,5.77,False,True
19972,l00772,1,2,8,38,2019,True,1,semi-furnished,4.94,True,True
19973,l00773,4,2,18,36,1998,False,0,unfurnished,0.82,False,True
19974,l00774,5,2,12,19,2021,False,0,unfurnished,7.61,False,True
19975,l00775,1,2,6,12,2008,False,0,unfurnished,4.81,False,True
19976,l00776,2,1,4,40,2023,True,4,unfurnished,2.78,False,True
19977,l00777,2,4,8,20,2017,True,0,furnished,1.83,True,False
19980,l00780,5,3,9,39,2014,True,0,semi-furnished,0.96,False,False
19981,l00781,3,3,13,27,2018,False,0,unfurnished,3.49,False,False
19982,l00782,4,2,2,23,2007,False,0,unfurnished,3.97,True,False
19983,l00783,3,1,13,20,2003,True,0,semi-furnished,3.38,True,True
19985,l00785,1,4,5,28,2023,True,2,furnished,4.98,True,True
19986,l00786,5,2,2,19,1998,True,1,unfurnished,3.85,True,True
19987,l00787,2,1,19,32,2015,False,0,unfurnished,3.98,False,False
19988,l00788,4,4,20,23,1997,True,3,unfurnished,6.77,False,True
19989,l00789,3,3,11,36,2005,True,0,unfurnished,5.35,False,False
19990,l00790,4,3,17,30,1995,True,2,furnished,3.14,True,False
19991,l00791,4,3,2,39,2015,False,0,semi-furnished,2.68,False,True
19993,l00793,5,1,6,18,2021,True,3,semi-furnished,2.74,False,False
19995,l00795,3,3,0,37,2007,True,3,unfurnished,6.06,True,False
19996,l00796,4,4,21,35,1999,False,0,unfurnished,0.46,True,True
19997,l00797,1,3,3,32,2015,True,1,unfurnished,5.04,False,True
19998,l00798,3,4,0,31,2005,True,2,unfurnished,0.83,True,True
19999,l00799,1,2,6,14,2017,True,3,furnished,5.38,False,True
20000,l00800,1,3,0,7,2001,True,4,semi-furnished,7.1,True,True
